,CustomerID,YearMonth,Year,InvoiceAmt
2346,S1772,20113,2011,732.6
1231,S1106,20113,2011,72.0
30,106,20113,2011,316.99
101,1160,20113,2011,10523.0
109,1186,20113,2011,715.0
93,1144,20113,2011,470.8
37,1065,20113,2011,1208.36
3530,S94,20113,2011,2894.37
1962,S1546,20113,2011,819.72
1978,S155,20113,2011,104.52000000000001
1979,S1550,20113,2011,1963.8100000000002
3531,S941,20113,2011,281.96000000000004
3534,S962,20113,2011,2738.28
515,1921,20113,2011,169.4
521,1923,20113,2011,981.96
2600,S1983,20113,2011,24.73
1240,S1111,20113,2011,0.0
1253,S1122,20113,2011,407.44
1260,S1135,20113,2011,362.26
3067,S287,20113,2011,181.25
3072,S299,20113,2011,1587.1100000000001
3076,S3,20113,2011,2206.29
1203,S1027,20113,2011,1443.93
1206,S103,20113,2011,29.91
3049,S249,20113,2011,1419.9299999999998
3059,S267,20113,2011,78.25999999999999
1213,S1069,20113,2011,279.74
1224,S1104,20113,2011,558.0
0,100,20113,2011,3899.9
21,1058,20113,2011,70.74000000000001
47,1079,20113,2011,11961.13
146,13,20113,2011,3941.7
1329,S1179,20113,2011,65.93
3104,S329,20113,2011,73.35
1300,S1156,20113,2011,23.58
1307,S1158,20113,2011,288.0
1314,S1169,20113,2011,926.2
1162,S100,20113,2011,20.5
2396,S1813,20113,2011,167.51
2312,S1751,20113,2011,936.46
2313,S1754,20113,2011,115.34
2322,S1755,20113,2011,590.0
2329,S1756,20113,2011,696.63
70,1119,20113,2011,4195.0599999999995
3029,S24,20113,2011,510.63
3039,S241,20113,2011,161.2
1170,S101,20113,2011,113.62
1171,S1011,20113,2011,961.23
2977,S2330,20113,2011,413.85
3152,S462,20113,2011,193.84
1341,S1182,20113,2011,1056.28
1350,S1186,20113,2011,8250.58
3166,S471,20113,2011,1529.55
3135,S433,20113,2011,552.84
3138,S439,20113,2011,43.82
159,1341,20113,2011,445.6
2402,S1818,20113,2011,1302.05
2412,S184,20113,2011,12.0
2417,S1846,20113,2011,14.88
167,1351,20113,2011,2217.07
176,136,20113,2011,762.64
3012,S2358,20113,2011,3678.92
3018,S2359,20113,2011,176.78
3019,S236,20113,2011,6657.66
2964,S2322,20113,2011,305.0
2970,S2323,20113,2011,538.9
1085,99,20113,2011,572.1800000000001
2990,S2341,20113,2011,162.56
1375,S1192,20113,2011,59.65
186,140,20113,2011,0.0
2418,S1847,20113,2011,303.15
2422,S1859,20113,2011,487.89000000000004
2291,S1738,20113,2011,205.27
2296,S1739,20113,2011,120.92999999999999
192,1408,20113,2011,19660.0
3750,s828,20113,2011,703.01
2999,S2342,20113,2011,700.5899999999999
3002,S2348,20113,2011,68.38
1360,S1187,20113,2011,465.6
1365,S1190,20113,2011,1409.38
1036,81,20113,2011,2205.93
2946,S2312,20113,2011,362.95
2949,S2313,20113,2011,47.16
1046,819,20113,2011,467.84
3191,S479,20113,2011,222.60999999999999
1057,84,20113,2011,1630.15
1385,S1193,20113,2011,87.66
1393,S1198,20113,2011,184.46
1407,S1203,20113,2011,529.41
1067,85,20113,2011,21.09
1070,86,20113,2011,47.22
2277,S1736,20113,2011,10466.619999999999
206,1504,20113,2011,10099.6
3739,s654,20113,2011,11148.48
3177,S473,20113,2011,174.03
2962,S2321,20113,2011,122.5
1008,791,20113,2011,20401.31
1459,S1252,20113,2011,9562.619999999999
1465,S126,20113,2011,17.83
1469,S1265,20113,2011,281.49
1018,801,20113,2011,22081.77
3208,S511,20113,2011,1235.5
2937,S230,20113,2011,179.13
2248,S1723,20113,2011,15.75
2264,S1730,20113,2011,11315.86
216,1506,20113,2011,2019.6
224,1512,20113,2011,1645.2
1453,S1250,20113,2011,2792.4
1418,S1212,20113,2011,4135.58
1430,S1219,20113,2011,252.8
3214,S523,20113,2011,196.13
1028,805,20113,2011,3516.0
3245,S639,20113,2011,141.0
3251,S646,20113,2011,250.9
971,75,20113,2011,18894.51
1483,S1269,20113,2011,21152.46
2916,S2282,20113,2011,406.08
2919,S2289,20113,2011,735.8
981,752,20113,2011,628.02
989,762,20113,2011,28.33
990,767,20113,2011,874.3
238,1522,20113,2011,853.44
2224,S1706,20113,2011,0.0
2238,S1721,20113,2011,1871.37
3711,s236,20113,2011,13.100000000000001
3714,s26,20113,2011,609.54
1000,771,20113,2011,130.8
3234,S607,20113,2011,2567.97
1521,S13,20113,2011,195.0
1522,S1300,20113,2011,199.02
1530,S1320,20113,2011,0.0
1537,S1322,20113,2011,264.0
3265,S654,20113,2011,10435.29
3275,S655,20113,2011,36.25
962,67,20113,2011,553.54
2897,S2250,20113,2011,782.65
3723,s3,20113,2011,108.50999999999999
2196,S1696,20113,2011,1590.77
2211,S1702,20113,2011,291.54
253,1545,20113,2011,27.16
3699,s2298,20113,2011,8547.76
3702,s2311,20113,2011,22.75
1505,S1294,20113,2011,266.2
1512,S1297,20113,2011,428.13
1567,S1348,20113,2011,345.0
921,563,20113,2011,471.0
929,58,20113,2011,6913.62
2876,S2220,20113,2011,1428.07
258,1575,20113,2011,203.39000000000001
2449,S1871,20113,2011,130.0
2458,S1872,20113,2011,56.7
2189,S1694,20113,2011,1876.44
265,158,20113,2011,965.33
274,1592,20113,2011,0.0
2880,S2225,20113,2011,239.25
2887,S2246,20113,2011,140.8
1553,S1334,20113,2011,545.74
945,610,20113,2011,455.78999999999996
952,628,20113,2011,30739.94
3255,S647,20113,2011,153.85
887,477,20113,2011,3079.57
3303,S70,20113,2011,345.56
903,507,20113,2011,80.04
2862,S2205,20113,2011,488.7
2867,S2218,20113,2011,159.92000000000002
2871,S2219,20113,2011,243.03
1581,S1354,20113,2011,984.3
909,526,20113,2011,2310.87
3287,S665,20113,2011,386.1
3293,S67,20113,2011,1621.68
282,1602,20113,2011,187.31
3689,s2270,20113,2011,157.8
3659,s1977,20113,2011,153.7
3667,s2004,20113,2011,105.64
3676,s2022,20113,2011,494.22
1562,S1341,20113,2011,7.6
1639,S1390,20113,2011,62.62
2805,S2165,20113,2011,60.7
1598,S1364,20113,2011,2529.07
1608,S1367,20113,2011,109.76
1614,S1371,20113,2011,266.65999999999997
1617,S1378,20113,2011,54.25
3312,S71,20113,2011,350.0
3315,S717,20113,2011,372.81
3317,S723,20113,2011,1323.55
2179,S1688,20113,2011,78.64
2185,S1693,20113,2011,587.5
290,1607,20113,2011,3922.44
302,1616,20113,2011,35589.24
1588,S1361,20113,2011,4967.57
2831,S2191,20113,2011,772.14
2841,S2193,20113,2011,880.3100000000001
829,442,20113,2011,139.98
1651,S1402,20113,2011,1017.06
1660,S1412,20113,2011,7153.96
1670,S1413,20113,2011,29.91
1671,S1422,20113,2011,65.0
1672,S1425,20113,2011,316.97
3325,S724,20113,2011,2778.1800000000003
2812,S2177,20113,2011,4290.41
2822,S2179,20113,2011,7175.51
2477,S19,20113,2011,2618.02
2166,S1683,20113,2011,0.0
322,1669,20113,2011,987.31
3643,s1873,20113,2011,5492.42
1643,S1392,20113,2011,696.64
3335,S73,20113,2011,86.58
1635,S1389,20113,2011,699.16
2790,S2143,20113,2011,2261.54
789,431,20113,2011,5595.26
799,433,20113,2011,879.96
805,435,20113,2011,170.68
807,439,20113,2011,605.84
809,440,20113,2011,553.0600000000001
3359,S75,20113,2011,966.37
819,441,20113,2011,3636.93
1679,S1432,20113,2011,259.82
3652,s19,20113,2011,1410.06
2485,S1902,20113,2011,1320.34
2159,S1679,20113,2011,1393.67
330,167,20113,2011,582.87
332,170,20113,2011,11089.28
336,1704,20113,2011,1221.33
346,1712,20113,2011,4702.38
3381,S766,20113,2011,337.7
759,416,20113,2011,408.4
2799,S2145,20113,2011,45.83
1709,S1442,20113,2011,2365.31
1720,S1448,20113,2011,28.52
2781,S2130,20113,2011,248.8
2768,S2118,20113,2011,844.4
767,423,20113,2011,15519.0
2138,S1672,20113,2011,442.32
2146,S1673,20113,2011,61.769999999999996
3636,s1818,20113,2011,2761.6000000000004
3637,s1849,20113,2011,158.47
356,1718,20113,2011,285.58
774,425,20113,2011,0.0
1700,S1440,20113,2011,74.42
2783,S2135,20113,2011,742.75
3402,S799,20113,2011,900.0
733,393,20113,2011,29.25
1746,S1455,20113,2011,57.04
2754,S2108,20113,2011,1041.06
2759,S2110,20113,2011,1026.24
740,400,20113,2011,33.61
752,413,20113,2011,366.01000000000005
2775,S2128,20113,2011,67.64
1731,S1451,20113,2011,157.68
1737,S1454,20113,2011,323.4
3368,S751,20113,2011,785.9
2121,S1646,20113,2011,66.86
2510,S1926,20113,2011,174.01999999999998
2519,S1927,20113,2011,270.1
367,1726,20113,2011,220.95
377,1729,20113,2011,828.5
2731,S2085,20113,2011,37.38
2733,S2086,20113,2011,1192.8
2735,S2088,20113,2011,64.35
2738,S2090,20113,2011,991.14
2525,S1932,20113,2011,281.9
2111,S1643,20113,2011,114.08
2113,S1644,20113,2011,450.34
393,1758,20113,2011,4051.9500000000003
3612,s1412,20113,2011,1256.46
3625,s1519,20113,2011,839.47
2098,S1633,20113,2011,362.31
712,374,20113,2011,8170.2
720,388,20113,2011,1509.15
3383,S777,20113,2011,16.74
3390,S78,20113,2011,51.52
3400,S798,20113,2011,179.25
3426,S824,20113,2011,393.9
2721,S2081,20113,2011,224.77
1809,S1487,20113,2011,954.33
3436,S828,20113,2011,7190.13
1790,S1480,20113,2011,13090.24
1802,S1484,20113,2011,439.41
2715,S2077,20113,2011,543.86
2717,S2078,20113,2011,454.14
3409,S816,20113,2011,225.96
704,365,20113,2011,527.2
708,373,20113,2011,270.0
3593,s1212,20113,2011,30.15
3603,s13,20113,2011,142.35
403,1764,20113,2011,3426.0
2542,S1940,20113,2011,235.68
1783,S1478,20113,2011,321.96
642,311,20113,2011,0.0
650,327,20113,2011,237.75
659,328,20113,2011,1266.19
2555,S1952,20113,2011,465.67999999999995
2090,S1625,20113,2011,173.4
407,1783,20113,2011,5112.0
3580,s100,20113,2011,27.78
3582,s102,20113,2011,181.25
3583,s1075,20113,2011,74.86
408,1793,20113,2011,3861.3700000000003
417,1803,20113,2011,20900.5
2574,S1971,20113,2011,982.11
2705,S2070,20113,2011,45.1
1825,S1492,20113,2011,721.1700000000001
1829,S1494,20113,2011,67.82
683,349,20113,2011,22.42
630,3,20113,2011,0.0
632,30,20113,2011,786.91
3450,S84,20113,2011,83.2
1843,S15,20113,2011,1226.5
1855,S1502,20113,2011,118.92
1857,S1504,20113,2011,94.32
3458,S840,20113,2011,157.08
3462,S852,20113,2011,1143.2
2076,S1614,20113,2011,32.31
2079,S1617,20113,2011,364.57
2085,S1624,20113,2011,263.07
427,1819,20113,2011,17538.52
437,1827,20113,2011,581.8000000000001
2693,S2061,20113,2011,839.76
1833,S1497,20113,2011,142.6
1834,S1498,20113,2011,1035.44
610,262,20113,2011,2595.75
3476,S866,20113,2011,494.55
3480,S869,20113,2011,300.0
3485,S870,20113,2011,98.15
3488,S877,20113,2011,430.46
2070,S1605,20113,2011,317.06
2562,S1955,20113,2011,66.4
2563,S1956,20113,2011,661.3
3550,S980,20113,2011,32.54
3556,S986,20113,2011,425.01
3562,S99,20113,2011,177.0
3563,S995,20113,2011,1811.44
2026,S1579,20113,2011,362.49
1872,S1516,20113,2011,236.91000000000003
2660,S2035,20113,2011,7383.679999999999
2668,S2037,20113,2011,7535.89
2635,S2007,20113,2011,324.24
2640,S2009,20113,2011,345.59000000000003
2651,S2024,20113,2011,1855.09
577,2123,20113,2011,63.9
2680,S2050,20113,2011,1635.3999999999999
1881,S1521,20113,2011,355.14
1891,S1522,20113,2011,85.25
582,226,20113,2011,17.98
589,255,20113,2011,1045.17
2035,S158,20113,2011,239.05
2041,S1588,20113,2011,1760.3
447,1830,20113,2011,1195.58
458,1850,20113,2011,261.24
467,1856,20113,2011,973.0999999999999
2009,S156,20113,2011,169.2
599,257,20113,2011,159.15
2621,S2004,20113,2011,6845.91
2631,S2006,20113,2011,123.30000000000001
1925,S1534,20113,2011,0.0
555,20,20113,2011,2827.76
1913,S1528,20113,2011,1900.0
1920,S1531,20113,2011,8.04
2583,S1979,20113,2011,39.17
2586,S1981,20113,2011,576.29
2590,S1982,20113,2011,537.87
2017,S1563,20113,2011,374.0
474,1857,20113,2011,1362.0
477,1863,20113,2011,23474.5
489,1882,20113,2011,2627.06
1986,S1551,20113,2011,699.8
1900,S1524,20113,2011,72.67
1903,S1527,20113,2011,5591.56
2608,S1987,20113,2011,199.52
3516,S921,20113,2011,701.87
1929,S1535,20113,2011,154.94
1930,S1539,20113,2011,1745.31
1991,S1552,20113,2011,57.91
1995,S1555,20113,2011,56.39
2006,S1559,20113,2011,224.88
496,1898,20113,2011,320.06
505,1903,20113,2011,519.6700000000001
1949,S1540,20113,2011,467.31
1953,S1541,20113,2011,17.83
1954,S1542,20113,2011,2141.89
537,1979,20113,2011,4826.28
540,1992,20113,2011,57.81
543,1995,20113,2011,1295.7
548,2,20113,2011,18657.0
1184,S102,20113,2011,72.5
3092,S312,20113,2011,296.94
1269,S1140,20113,2011,711.5
2375,S1801,20113,2011,1397.4
2381,S1802,20113,2011,851.81
2353,S1774,20113,2011,103.08
62,11,20113,2011,1228.24
3762,s962,20113,2011,1270.27
2389,S1803,20113,2011,33.15
1279,S1141,20113,2011,41.88
1284,S1145,20113,2011,104.0
1291,S1154,20113,2011,191.71
3099,S316,20113,2011,112.76
3086,S30,20113,2011,142.5
1186,S1021,20113,2011,332.62
1196,S1024,20113,2011,64.11
139,1247,20113,2011,150.92
136,1245,20113,2011,101.39999999999999
126,1225,20113,2011,6530.66
125,122,20113,2011,9.0
83,1130,20113,2011,14105.210000000001
79,112,20113,2011,4116.5
2367,S1790,20113,2011,45.4
1212,S106,20114,2011,343.63
3050,S249,20114,2011,711.2900000000001
3042,S243,20114,2011,48.93000000000001
1963,S1546,20114,2011,4955.3
38,1065,20114,2011,1739.0
94,1144,20114,2011,151.57999999999998
114,1187,20114,2011,505.25
102,1160,20114,2011,8164.099999999999
22,1058,20114,2011,18936.18
1232,S1106,20114,2011,46.8
147,13,20114,2011,2582.72
137,1245,20114,2011,0.0
121,121,20114,2011,1268.4
3345,S743,20114,2011,421.92
3342,S731,20114,2011,0.0
3326,S724,20114,2011,4872.07
1256,S1125,20114,2011,507.84
1252,S112,20114,2011,306.44
1241,S1111,20114,2011,324.0
1185,S102,20114,2011,730.13
1931,S1539,20114,2011,1891.0
3517,S921,20114,2011,713.49
3506,S90,20114,2011,147.9
2609,S1987,20114,2011,145.14
2601,S1983,20114,2011,472.14
1955,S1542,20114,2011,191.98
3535,S962,20114,2011,1180.02
3533,S95,20114,2011,250.02
127,1225,20114,2011,10713.31
2361,S1783,20114,2011,0.0
84,1130,20114,2011,5216.15
1214,S1069,20114,2011,73.35
558,2011,20114,2011,101.16
3502,S89,20114,2011,296.45
3497,S888,20114,2011,386.64
3489,S877,20114,2011,601.56
2632,S2006,20114,2011,570.46
2622,S2004,20114,2011,2518.31
549,2,20114,2011,7561.45
531,1941,20114,2011,500.24
1181,S1016,20114,2011,63.0
1172,S1011,20114,2011,1460.44
3030,S24,20114,2011,18963.78
158,1320,20114,2011,0.0
71,1119,20114,2011,1392.5
2330,S1756,20114,2011,4236.25
2323,S1755,20114,2011,353.7
2314,S1754,20114,2011,47.08
2644,S2011,20114,2011,611.0799999999999
2641,S2009,20114,2011,564.65
1904,S1527,20114,2011,1012.54
478,1863,20114,2011,5692.09
475,1857,20114,2011,4114.5
2591,S1982,20114,2011,640.33
3020,S236,20114,2011,571.53
1160,S10,20114,2011,569.3
1149,IR9,20114,2011,0.0
1148,IR7,20114,2011,86.08
1143,IR5,20114,2011,1744.2
1134,IR4,20114,2011,483.0
1315,S1169,20114,2011,754.04
1308,S1158,20114,2011,270.45
2010,S156,20114,2011,169.2
1914,S1528,20114,2011,4028.51
2040,S1584,20114,2011,0.0
588,254,20114,2011,157.45
584,24,20114,2011,789.88
1892,S1522,20114,2011,85.25
1882,S1521,20114,2011,50.0
578,2123,20114,2011,319.5
1301,S1156,20114,2011,325.38
3108,S34,20114,2011,62.84
3013,S2358,20114,2011,1410.0
3142,S453,20114,2011,38.94
177,136,20114,2011,0.0
168,1351,20114,2011,830.5
2413,S184,20114,2011,270.0
2403,S1818,20114,2011,413.79999999999995
561,2027,20114,2011,98.02000000000001
2652,S2024,20114,2011,48.0
611,262,20114,2011,818.86
609,258,20114,2011,77.54
600,257,20114,2011,217.64
590,255,20114,2011,1707.55
2007,S1559,20114,2011,35.18
468,1856,20114,2011,774.9
459,1850,20114,2011,2717.9
448,1830,20114,2011,926.11
2297,S1739,20114,2011,159.5
160,1341,20114,2011,523.9100000000001
3136,S433,20114,2011,552.84
3126,S42,20114,2011,253.37
1351,S1186,20114,2011,2161.2599999999998
1342,S1182,20114,2011,1246.6
3153,S462,20114,2011,481.47
3146,S458,20114,2011,684.04
618,273,20114,2011,149.4
2669,S2037,20114,2011,1212.86
2661,S2035,20114,2011,2526.97
2027,S1579,20114,2011,758.75
3564,S995,20114,2011,670.77
3557,S986,20114,2011,450.06
3544,S964,20114,2011,66.04
1366,S1190,20114,2011,475.94
1361,S1187,20114,2011,25.35
3005,S2352,20114,2011,0.0
3001,S2343,20114,2011,278.11
3000,S2342,20114,2011,0.0
193,1408,20114,2011,0.0
2292,S1738,20114,2011,306.75
2423,S1859,20114,2011,40.54
187,140,20114,2011,147.68
2681,S2050,20114,2011,1016.2
3463,S852,20114,2011,1261.53
3459,S840,20114,2011,285.2
3451,S84,20114,2011,622.1
1865,S1514,20114,2011,924.8
1858,S1504,20114,2011,528.9300000000001
1844,S15,20114,2011,352.0
633,30,20114,2011,1540.94
1105,IR2222,20114,2011,0.0
1100,IR13,20114,2011,0.0
1096,IR12,20114,2011,1393.03
1376,S1192,20114,2011,56.65
2991,S2341,20114,2011,63.34
2978,S2330,20114,2011,217.07
1086,99,20114,2011,1723.75
621,294,20114,2011,65.93
1835,S1498,20114,2011,1131.19
2694,S2061,20114,2011,562.43
2053,S1597,20114,2011,1683.7
438,1827,20114,2011,218.19
428,1819,20114,2011,2179.2799999999997
1084,93,20114,2011,0.0
1079,90,20114,2011,197.0
1075,863,20114,2011,333.69
1071,86,20114,2011,47.22
2971,S2323,20114,2011,255.54999999999998
2958,S2316,20114,2011,154.94
3724,s3,20114,2011,243.4
207,1504,20114,2011,643.95
2278,S1736,20114,2011,8771.62
2080,S1617,20114,2011,108.75
2575,S1971,20114,2011,1323.0600000000002
3215,S523,20114,2011,125.24
682,345,20114,2011,1254.24
668,336,20114,2011,181.4
418,1803,20114,2011,2880.32
409,1793,20114,2011,362.28000000000003
2556,S1952,20114,2011,21.54
1820,S1489,20114,2011,303.78
2431,S1861,20114,2011,2195.63
205,150,20114,2011,673.0
3167,S471,20114,2011,672.09
1068,85,20114,2011,20.68
1406,S1201,20114,2011,152.28
1394,S1198,20114,2011,162.1
1386,S1193,20114,2011,516.35
660,328,20114,2011,615.26
651,327,20114,2011,0.0
696,356,20114,2011,286.51
686,352,20114,2011,54.42
3437,S828,20114,2011,1378.7
1819,S1488,20114,2011,164.25
1810,S1487,20114,2011,1641.69
2722,S2081,20114,2011,123.06
2718,S2078,20114,2011,117.13999999999999
3427,S824,20114,2011,38.17
1058,84,20114,2011,3473.4
1054,829,20114,2011,1793.7
3192,S479,20114,2011,231.82
1047,819,20114,2011,1215.0
2941,S2302,20114,2011,126.76
1408,S1203,20114,2011,129.56
1037,81,20114,2011,1154.19
1029,805,20114,2011,2482.91
1460,S1252,20114,2011,261.31
2103,S1637,20114,2011,679.0
1760,S1462,20114,2011,8.04
709,373,20114,2011,225.0
703,364,20114,2011,347.1
3419,S82,20114,2011,331.99
3410,S816,20114,2011,143.87
1431,S1219,20114,2011,258.0
1419,S1212,20114,2011,2492.61
1454,S1250,20114,2011,2142.36
225,1512,20114,2011,34.66
217,1506,20114,2011,1100.0
2265,S1730,20114,2011,8897.28
2254,S1724,20114,2011,411.97
2249,S1723,20114,2011,33.9
1791,S1480,20114,2011,2317.43
1001,771,20114,2011,85.5
246,1540,20114,2011,5067.1
245,1538,20114,2011,98.0
2239,S1721,20114,2011,5959.93
2746,S2103,20114,2011,84.48
2743,S21,20114,2011,0.0
2742,S2099,20114,2011,963.28
2739,S2090,20114,2011,363.95
2549,S1950,20114,2011,447.5
2543,S1940,20114,2011,381.3
3594,s1212,20114,2011,632.06
3740,s654,20114,2011,4165.4800000000005
3213,S52,20114,2011,259.5
3203,S498,20114,2011,128.7
1019,801,20114,2011,2038.39
1470,S1265,20114,2011,551.97
394,1758,20114,2011,150.0
2114,S1644,20114,2011,210.38
2526,S1932,20114,2011,75.76
2520,S1927,20114,2011,339.0
2231,S1712,20114,2011,743.22
239,1522,20114,2011,0.0
991,767,20114,2011,1212.63
982,752,20114,2011,5750.16
2927,S2290,20114,2011,603.32
2920,S2289,20114,2011,1553.94
1484,S1269,20114,2011,1137.08
1502,S1292,20114,2011,41.2
1493,S128,20114,2011,270.0
2912,S2263,20114,2011,65.6
1009,791,20114,2011,143368.45
3235,S607,20114,2011,1922.01
2212,S1702,20114,2011,68.94
2197,S1696,20114,2011,2812.84
2769,S2118,20114,2011,0.0
753,413,20114,2011,221.0
741,400,20114,2011,4342.42
737,395,20114,2011,190.9
2760,S2110,20114,2011,84.62
2755,S2108,20114,2011,267.54
734,393,20114,2011,1282.79
3403,S799,20114,2011,829.52
3391,S78,20114,2011,112.62
3384,S777,20114,2011,149.26
730,389,20114,2011,2774.34
721,388,20114,2011,1570.96
714,377,20114,2011,2288.0
3613,s1412,20114,2011,757.02
3266,S654,20114,2011,6250.93
1538,S1322,20114,2011,104.42
1531,S1320,20114,2011,0.0
1529,S1317,20114,2011,472.0
1523,S1307,20114,2011,190.14
368,1726,20114,2011,883.8
2511,S1926,20114,2011,786.85
2498,S1916,20114,2011,786.21
3369,S751,20114,2011,51.58
2778,S2129,20114,2011,325.6
972,75,20114,2011,16329.12
3252,S646,20114,2011,275.85
3246,S639,20114,2011,245.0
3244,S637,20114,2011,1493.72
1513,S1297,20114,2011,516.9
3703,s2311,20114,2011,1693.7
2450,S1871,20114,2011,82.05000000000001
2440,S1869,20114,2011,35.0
259,1575,20114,2011,598.46
2130,S1668,20114,2011,275.12
2127,S1664,20114,2011,197.22
768,423,20114,2011,3325.5
763,417,20114,2011,44.4
1721,S1448,20114,2011,28.52
2107,S1638,20114,2011,229.41
386,1746,20114,2011,2307.3
378,1729,20114,2011,736.12
2190,S1694,20114,2011,857.78
3715,s26,20114,2011,468.58
2898,S2250,20114,2011,958.31
2888,S2246,20114,2011,140.8
3276,S655,20114,2011,84.12
3677,s2022,20114,2011,535.44
3668,s2004,20114,2011,58.56
2791,S2143,20114,2011,1059.05
2786,S2141,20114,2011,53.4
1706,S1441,20114,2011,12.0
1701,S1440,20114,2011,185.64
775,425,20114,2011,0.0
357,1718,20114,2011,700.9
347,1712,20114,2011,84.22
2147,S1673,20114,2011,175.95
2139,S1672,20114,2011,552.1
953,628,20114,2011,50064.67
946,610,20114,2011,113.81
939,59,20114,2011,5056.3
1554,S1334,20114,2011,381.26
266,158,20114,2011,416.34
2153,S1676,20114,2011,46.74
2486,S1902,20114,2011,1038.92
3653,s19,20114,2011,390.31
820,441,20114,2011,4180.57
3360,S75,20114,2011,824.61
810,440,20114,2011,124.53999999999999
800,434,20114,2011,4059.67
790,431,20114,2011,7141.95
1545,S1325,20114,2011,39.0
930,58,20114,2011,619.36
922,563,20114,2011,1074.5
918,56,20114,2011,650.04
2849,S220,20114,2011,32.54
1568,S1348,20114,2011,315.6
2461,S1883,20114,2011,203.92000000000002
283,1602,20114,2011,300.4
300,1609,20114,2011,373.0
835,445,20114,2011,1217.1699999999998
3351,S749,20114,2011,73.35
833,443,20114,2011,18366.7
830,442,20114,2011,36.03
1693,S1437,20114,2011,142.4
1687,S1436,20114,2011,1257.9099999999999
1680,S1432,20114,2011,1331.54
337,1704,20114,2011,1315.98
3660,s1977,20114,2011,135.8
3691,s2276,20114,2011,154.85999999999999
910,526,20114,2011,5079.45
3294,S67,20114,2011,1702.4299999999998
3288,S665,20114,2011,225.1
1582,S1354,20114,2011,66.92
904,507,20114,2011,212.4
2813,S2177,20114,2011,1620.35
850,451,20114,2011,0.0
847,448,20114,2011,568.56
1673,S1425,20114,2011,284.72
1661,S1412,20114,2011,7080.04
1652,S1402,20114,2011,26.66
840,447,20114,2011,6911.920000000001
888,477,20114,2011,1112.2
1589,S1361,20114,2011,2223.43
2842,S2193,20114,2011,333.83000000000004
2832,S2191,20114,2011,57.620000000000005
2830,S2189,20114,2011,19.189999999999998
876,471,20114,2011,859.39
2467,S1892,20114,2011,94.84
313,1641,20114,2011,1043.0
303,1616,20114,2011,918.49
1644,S1392,20114,2011,18.98
3644,s1873,20114,2011,44.05
3638,s1849,20114,2011,31.6
323,1669,20114,2011,574.75
2167,S1683,20114,2011,2040.72
291,1607,20114,2011,13142.18
2177,S1686,20114,2011,478.44
3318,S723,20114,2011,309.3
3306,S707,20114,2011,132.5
1599,S1364,20114,2011,1534.06
2806,S2170,20114,2011,19.8
1640,S1390,20114,2011,62.62
1636,S1389,20114,2011,475.0
2164,S1682,20114,2011,330.4
2478,S19,20114,2011,3532.57
2823,S2179,20114,2011,220.05
1950,S1540,20114,2011,287.0
1940,S154,20114,2011,694.32
506,1903,20114,2011,241.64
497,1898,20114,2011,549.8199999999999
2002,S1557,20114,2011,150.26
1996,S1555,20114,2011,53.41
1987,S1551,20114,2011,47.27
1280,S1141,20114,2011,62.089999999999996
2391,S1808,20114,2011,5.4
3763,s962,20114,2011,760.5
2354,S1774,20114,2011,197.15
2347,S1772,20114,2011,54.54
1270,S1140,20114,2011,924.14
3077,S3,20114,2011,2129.0099999999998
3068,S287,20114,2011,220.55
1197,S1024,20114,2011,50.83
1220,S109,20114,2011,51.68
1222,S110,20114,2011,298.03999999999996
1225,S1104,20114,2011,1578.37
1,100,20114,2011,1921.0
31,106,20114,2011,144.32000000000002
48,1079,20114,2011,3083.27
10,1028,20114,2011,4412.26
49,1079,20115,2011,6414.46
23,1058,20115,2011,61506.340000000004
32,106,20115,2011,156.96
2,100,20115,2011,366.4
3051,S249,20115,2011,514.6
3044,S247,20115,2011,160.0
1964,S1546,20115,2011,108.75
15,1039,20115,2011,15577.0
39,1065,20115,2011,545.8000000000001
103,1160,20115,2011,430.65000000000003
1226,S1104,20115,2011,328.19
140,1247,20115,2011,49.59
3336,S73,20115,2011,86.58
3327,S724,20115,2011,1301.8700000000001
1645,S1392,20115,2011,868.95
2824,S2179,20115,2011,1001.4000000000001
3645,s1873,20115,2011,474.4
3639,s1849,20115,2011,88.15
314,1652,20115,2011,6246.7
2168,S1683,20115,2011,369.67
2180,S1688,20115,2011,76.5
2465,S1888,20115,2011,146.7
3307,S707,20115,2011,73.08
1615,S1376,20115,2011,28.16
1609,S1367,20115,2011,60.42
1600,S1364,20115,2011,276.41
1590,S1361,20115,2011,3280.48
1618,S1378,20115,2011,408.83000000000004
2165,S1682,20115,2011,519.05
2476,S1897,20115,2011,50.56
2814,S2177,20115,2011,953.74
852,452,20115,2011,51.92
1662,S1412,20115,2011,1462.22
841,447,20115,2011,0.0
3304,S70,20115,2011,617.94
2833,S2191,20115,2011,13.0
2468,S1892,20115,2011,68.32
310,1639,20115,2011,1429.4
304,1616,20115,2011,44428.61
292,1607,20115,2011,15865.97
3352,S749,20115,2011,393.43
3346,S743,20115,2011,25.0
1695,S1438,20115,2011,521.1899999999999
1688,S1436,20115,2011,49.7
338,1704,20115,2011,4278.0599999999995
333,170,20115,2011,1305.04
3654,s19,20115,2011,2423.57
2160,S1679,20115,2011,518.12
3661,s1977,20115,2011,472.05
3685,s2265,20115,2011,39.72
3678,s2022,20115,2011,248.5
911,526,20115,2011,2204.38
3295,S67,20115,2011,1991.34
3289,S665,20115,2011,52.0
3285,S656,20115,2011,50.7
3277,S655,20115,2011,59.96
2872,S2219,20115,2011,84.75
2479,S19,20115,2011,3711.43
1674,S1425,20115,2011,180.68
821,441,20115,2011,5054.55
3361,S75,20115,2011,209.34
811,440,20115,2011,125.8
808,439,20115,2011,0.0
801,434,20115,2011,0.0
791,431,20115,2011,292.23
1539,S1322,20115,2011,203.04
931,58,20115,2011,1761.8000000000002
2850,S220,20115,2011,476.55
1569,S1348,20115,2011,314.85
2175,S1684,20115,2011,106.0
3669,s2004,20115,2011,537.28
2798,S2144,20115,2011,114.95
2792,S2143,20115,2011,2286.64
776,425,20115,2011,219.54000000000002
358,1718,20115,2011,985.86
3630,s1721,20115,2011,515.0
3629,s1706,20115,2011,227.52
348,1712,20115,2011,21123.12
1555,S1334,20115,2011,76.61
267,158,20115,2011,1314.43
2459,S1872,20115,2011,1339.62
2451,S1871,20115,2011,47.0
2441,S1869,20115,2011,522.78
2186,S1693,20115,2011,82.7
256,1556,20115,2011,137.0
2878,S2223,20115,2011,281.82
2128,S1664,20115,2011,197.22
773,424,20115,2011,736.0
769,423,20115,2011,3325.5
764,417,20115,2011,132.8
1710,S1442,20115,2011,1293.53
2802,S2161,20115,2011,376.28
379,1729,20115,2011,5416.26
369,1726,20115,2011,190.7
2191,S1694,20115,2011,503.14
2899,S2250,20115,2011,1749.73
2889,S2246,20115,2011,325.68
954,628,20115,2011,6689.41
3267,S654,20115,2011,10380.49
3257,S648,20115,2011,449.15
366,1720,20115,2011,455.99
2512,S1926,20115,2011,636.04
2499,S1916,20115,2011,248.54999999999998
3376,S763,20115,2011,276.5
3375,S754,20115,2011,34.33
3370,S751,20115,2011,358.44
1738,S1454,20115,2011,1039.83
1735,S1453,20115,2011,381.28
2779,S2129,20115,2011,1228.75
2776,S2128,20115,2011,49.74
2770,S2118,20115,2011,281.64
2907,S2252,20115,2011,109.74
973,75,20115,2011,15247.27
3236,S607,20115,2011,3982.41
1509,S1296,20115,2011,84.4
3701,s2307,20115,2011,67.98
2213,S1702,20115,2011,248.5
2207,S17,20115,2011,707.4
2198,S1696,20115,2011,1160.45
754,413,20115,2011,108.6
742,400,20115,2011,2681.23
738,395,20115,2011,280.90000000000003
735,393,20115,2011,200.8
2761,S2110,20115,2011,139.16
1747,S1455,20115,2011,363.28
3392,S78,20115,2011,164.0
722,388,20115,2011,1161.6
719,378,20115,2011,480.0
395,1758,20115,2011,2656.4
3614,s1412,20115,2011,2185.0
2115,S1644,20115,2011,278.4
2521,S1927,20115,2011,508.5
2747,S2103,20115,2011,230.98000000000002
2232,S1712,20115,2011,9.0
2225,S1706,20115,2011,232.64
2921,S2289,20115,2011,827.73
2917,S2288,20115,2011,64.64
1485,S1269,20115,2011,4292.8
1494,S128,20115,2011,46.1
1010,791,20115,2011,8636.53
1002,771,20115,2011,328.18
3222,S535,20115,2011,259.72
3216,S523,20115,2011,1493.63
3227,S551,20115,2011,50.56
992,767,20115,2011,1005.51
3712,s236,20115,2011,157.8
247,1540,20115,2011,44870.0
2240,S1721,20115,2011,15176.66
2236,S1720,20115,2011,225.0
2732,S2085,20115,2011,101.2
2730,S2084,20115,2011,268.6
1754,S1459,20115,2011,176.1
1753,S1457,20115,2011,71.21
1781,S1474,20115,2011,50.88
1773,S1472,20115,2011,303.0
2544,S1940,20115,2011,383.88
404,1764,20115,2011,378.0
3595,s1212,20115,2011,468.53999999999996
3741,s654,20115,2011,828.37
2938,S230,20115,2011,92.6
1441,S1224,20115,2011,105.28
3211,S512,20115,2011,127.2
3204,S498,20115,2011,120.0
1020,801,20115,2011,3623.9
1479,S1267,20115,2011,182.0
1471,S1265,20115,2011,194.70999999999998
1466,S126,20115,2011,58.27
1461,S1252,20115,2011,4913.6
2100,S1636,20115,2011,204.31
2537,S1939,20115,2011,374.43
2533,S1934,20115,2011,504.16
2527,S1932,20115,2011,0.0
2099,S1633,20115,2011,29.18
1768,S1467,20115,2011,0.0
1761,S1462,20115,2011,142.36
3420,S82,20115,2011,359.76
3411,S816,20115,2011,17.57
1792,S1480,20115,2011,2701.96
1420,S1212,20115,2011,902.71
1412,S1206,20115,2011,9.32
1448,S1247,20115,2011,625.59
232,1515,20115,2011,2577.3999999999996
218,1506,20115,2011,70.8
2266,S1730,20115,2011,4662.41
2257,S1726,20115,2011,255.0
2250,S1723,20115,2011,160.86
692,353,20115,2011,685.6
687,352,20115,2011,38.51
3447,S837,20115,2011,269.7
3438,S828,20115,2011,4440.16
1811,S1487,20115,2011,3054.11
2723,S2081,20115,2011,733.28
3428,S824,20115,2011,28.47
3193,S479,20115,2011,713.4300000000001
1048,819,20115,2011,786.21
2947,S2312,20115,2011,304.6
2942,S2302,20115,2011,14.18
1038,81,20115,2011,1282.7
1030,805,20115,2011,1060.85
1432,S1219,20115,2011,2162.87
684,349,20115,2011,23.61
669,336,20115,2011,453.5
1830,S1494,20115,2011,38.9
1826,S1492,20115,2011,125.04
2707,S2072,20115,2011,239.45
410,1793,20115,2011,4938.5599999999995
3586,s110,20115,2011,469.52
2557,S1952,20115,2011,83.81
2550,S1950,20115,2011,268.5
1821,S1489,20115,2011,1833.0
2432,S1861,20115,2011,417.74
2274,S1735,20115,2011,187.74
202,1424,20115,2011,340.0
194,1408,20115,2011,20449.0
3173,S472,20115,2011,246.39999999999998
3168,S471,20115,2011,501.07
1395,S1198,20115,2011,772.5
1387,S1193,20115,2011,391.67
1059,84,20115,2011,374.31
661,328,20115,2011,16745.48
652,327,20115,2011,278.46
643,311,20115,2011,39.57
2695,S2061,20115,2011,2622.63
3565,S995,20115,2011,419.47
439,1827,20115,2011,129.07
429,1819,20115,2011,8287.04
419,1803,20115,2011,17040.0
2081,S1617,20115,2011,253.75
2972,S2323,20115,2011,501.32
2965,S2322,20115,2011,280.0
3181,S474,20115,2011,347.74
3738,s61,20115,2011,477.5
3725,s3,20115,2011,343.02
208,1504,20115,2011,441.1
2279,S1736,20115,2011,8139.77
2576,S1971,20115,2011,574.0799999999999
2682,S2050,20115,2011,1076.28
3464,S852,20115,2011,186.95
1859,S1504,20115,2011,38.9
1845,S15,20115,2011,584.9499999999999
634,30,20115,2011,368.7
1106,IR2222,20115,2011,0.0
1104,IR22,20115,2011,0.0
1103,IR15,20115,2011,205.2
1101,IR13,20115,2011,1100.88
1097,IR12,20115,2011,0.0
1377,S1192,20115,2011,21.77
2992,S2341,20115,2011,251.44
2979,S2330,20115,2011,1191.1599999999999
1087,99,20115,2011,105.57000000000001
619,273,20115,2011,149.4
2670,S2037,20115,2011,3214.93
2662,S2035,20115,2011,3933.02
1873,S1517,20115,2011,141.7
3559,S987,20115,2011,88.15
2567,S1962,20115,2011,538.2
2565,S1957,20115,2011,446.35
2074,S1612,20115,2011,65.08
1367,S1190,20115,2011,1771.9
3006,S2352,20115,2011,8549.56
3751,s828,20115,2011,323.32
2293,S1738,20115,2011,541.97
2424,S1859,20115,2011,377.79
2419,S1847,20115,2011,248.09
188,140,20115,2011,132.43
1866,S1514,20115,2011,4324.35
3486,S870,20115,2011,101.4
3481,S869,20115,2011,1238.25
3477,S866,20115,2011,364.77
601,257,20115,2011,335.54
591,255,20115,2011,173.64
460,1850,20115,2011,546.2
449,1830,20115,2011,10.3
3141,S45,20115,2011,519.6
3127,S42,20115,2011,432.51
1352,S1186,20115,2011,2709.3
1343,S1182,20115,2011,879.74
1335,S118,20115,2011,251.3
3154,S462,20115,2011,686.97
3147,S458,20115,2011,914.51
3143,S453,20115,2011,38.94
2042,S1588,20115,2011,756.0600000000001
2036,S158,20115,2011,361.01
2028,S1579,20115,2011,480.55
585,24,20115,2011,57.78
1883,S1521,20115,2011,448.0
1874,S1518,20115,2011,100.75
2679,S2046,20115,2011,31.23
579,2123,20115,2011,163.8
576,212,20115,2011,260.95
562,2027,20115,2011,18.16
3116,S370,20115,2011,154.8
1330,S1179,20115,2011,40.39
3014,S2358,20115,2011,1043.2
1324,S117,20115,2011,185.25
169,1351,20115,2011,237.7
2414,S184,20115,2011,20.5
2404,S1818,20115,2011,2646.37
2298,S1739,20115,2011,171.81
2642,S2009,20115,2011,46.7
1905,S1527,20115,2011,2566.61
1923,S1532,20115,2011,48.77
1921,S1531,20115,2011,43.94
485,1871,20115,2011,10655.0
469,1856,20115,2011,199.85999999999999
2011,S156,20115,2011,253.8
2584,S1979,20115,2011,100.0
2331,S1756,20115,2011,651.05
1292,S1154,20115,2011,40.48
1150,IR9,20115,2011,0.0
1144,IR5,20115,2011,1760.88
1135,IR4,20115,2011,5369.83
1316,S1169,20115,2011,1021.4000000000001
1309,S1158,20115,2011,31.2
1302,S1156,20115,2011,268.36
3490,S877,20115,2011,835.4300000000001
1926,S1534,20115,2011,27.01
2633,S2006,20115,2011,52.44
2623,S2004,20115,2011,3241.36
550,2,20115,2011,24960.0
532,1941,20115,2011,2346.8
3093,S312,20115,2011,589.9200000000001
1173,S1011,20115,2011,1968.17
3031,S24,20115,2011,1203.82
3021,S236,20115,2011,3830.05
156,131,20115,2011,111.4
148,13,20115,2011,440.96000000000004
72,1119,20115,2011,4492.0
2315,S1754,20115,2011,118.58
526,1931,20115,2011,0.0
1941,S154,20115,2011,10.97
3526,S938,20115,2011,91.39
507,1903,20115,2011,1358.96
498,1898,20115,2011,484.79999999999995
1997,S1555,20115,2011,21.5
1992,S1553,20115,2011,37.5
1988,S1551,20115,2011,1104.1599999999999
1932,S1539,20115,2011,2790.04
3087,S30,20115,2011,22.8
1285,S1145,20115,2011,34.33
1271,S1140,20115,2011,2001.97
2390,S1807,20115,2011,75.55
3764,s962,20115,2011,61.54
63,11,20115,2011,868.05
2382,S1802,20115,2011,419.2
2376,S1801,20115,2011,1798.3
2373,S1796,20115,2011,212.70999999999998
1266,S114,20115,2011,89.18
3040,S241,20115,2011,417.0
1233,S1106,20115,2011,586.0
3078,S3,20115,2011,3142.12
1198,S1024,20115,2011,990.0
1261,S1135,20115,2011,62.62
1258,S1128,20115,2011,35.66
1242,S1111,20115,2011,0.0
3060,S267,20115,2011,84.6
1188,S1022,20115,2011,165.2
3522,S926,20115,2011,79.4
3518,S921,20115,2011,488.54
2610,S1993,20115,2011,555.36
2602,S1983,20115,2011,520.54
2592,S1982,20115,2011,3437.83
3536,S962,20115,2011,2533.5
1980,S1550,20115,2011,380.17999999999995
1975,S1548,20115,2011,497.02
2359,S1780,20115,2011,546.5
128,1225,20115,2011,5181.56
2368,S1790,20115,2011,538.2
85,1130,20115,2011,15209.11
80,112,20115,2011,3946.5
2360,S1780,20116,2011,109.3
86,1130,20116,2011,6859.11
1227,S1104,20116,2011,263.7
57,1082,20116,2011,395.0
100,116,20116,2011,121.65
104,1160,20116,2011,27185.4
110,1186,20116,2011,1433.0
95,1144,20116,2011,418.0
97,115,20116,2011,27188.24
2377,S1801,20116,2011,140.62
2348,S1772,20116,2011,0.0
64,11,20116,2011,19.0
1207,S103,20116,2011,325.84000000000003
1234,S1106,20116,2011,126.06
3041,S241,20116,2011,1609.26
3052,S249,20116,2011,182.1
3079,S3,20116,2011,1564.24
1189,S1022,20116,2011,54.02
3061,S267,20116,2011,54.45
1243,S1111,20116,2011,0.0
3069,S287,20116,2011,299.5
129,1225,20116,2011,9896.470000000001
11,1028,20116,2011,11980.8
2369,S1790,20116,2011,771.84
1215,S1069,20116,2011,7344.26
50,1079,20116,2011,1764.74
24,1058,20116,2011,9033.5
40,1065,20116,2011,953.99
33,106,20116,2011,10.94
115,1187,20116,2011,1078.9
3,100,20116,2011,888.6
2355,S1774,20116,2011,51.07
1151,IR9,20116,2011,0.0
3022,S236,20116,2011,2726.74
3032,S24,20116,2011,975.46
1293,S1154,20116,2011,218.5
3765,s962,20116,2011,150.0
1989,S1551,20116,2011,28.52
2003,S1557,20116,2011,0.0
499,1898,20116,2011,338.85
508,1903,20116,2011,134.9
516,1921,20116,2011,92.4
522,1923,20116,2011,38375.0
2593,S1982,20116,2011,1201.2
2603,S1983,20116,2011,379.32
3507,S90,20116,2011,268.4
450,1830,20116,2011,1005.24
2383,S1802,20116,2011,1144.0
2324,S1755,20116,2011,317.6
73,1119,20116,2011,3891.5
149,13,20116,2011,2035.07
3105,S329,20116,2011,28.12
1310,S116,20116,2011,3233.95
461,1850,20116,2011,1064.92
2012,S156,20116,2011,459.65999999999997
2016,S1560,20116,2011,236.82999999999998
470,1856,20116,2011,0.0
479,1863,20116,2011,0.0
3510,S902,20116,2011,337.82
3524,S937,20116,2011,0.0
1933,S1539,20116,2011,2159.91
1311,S1160,20116,2011,271.3
1317,S1169,20116,2011,1423.83
1136,IR4,20116,2011,3251.58
1118,IR33,20116,2011,112.17
1325,S117,20116,2011,80.0
3007,S2352,20116,2011,795.0
3015,S2358,20116,2011,335.95000000000005
1331,S1179,20116,2011,10.0
2339,S1759,20116,2011,30.36
1942,S154,20116,2011,853.1500000000001
533,1941,20116,2011,0.0
541,1992,20116,2011,13569.25
544,1995,20116,2011,1771.25
2624,S2004,20116,2011,7576.21
2634,S2006,20116,2011,22.28
1924,S1532,20116,2011,5.0
551,2,20116,2011,30700.0
2308,S1750,20116,2011,197.22
2316,S1754,20116,2011,73.35
1336,S118,20116,2011,262.91
1344,S1182,20116,2011,286.05
1353,S1186,20116,2011,1192.47
3128,S42,20116,2011,2872.84
2405,S1818,20116,2011,2710.3
2299,S1739,20116,2011,5220.47
3491,S877,20116,2011,1683.38
3498,S888,20116,2011,73.0
559,2011,20116,2011,29.48
2659,S2033,20116,2011,114.52
1906,S1527,20116,2011,2490.0
1917,S153,20116,2011,70.41
3545,S964,20116,2011,253.28
3554,S981,20116,2011,67.8
170,1351,20116,2011,932.62
178,136,20116,2011,0.0
1098,IR12,20116,2011,172.16
1102,IR13,20116,2011,-1100.88
1107,IR2222,20116,2011,0.0
1368,S1190,20116,2011,2937.04
1112,IR25,20116,2011,0.0
1115,IR27,20116,2011,0.0
3148,S458,20116,2011,561.13
3155,S462,20116,2011,26.47
2021,S1575,20116,2011,40.260000000000005
2029,S1579,20116,2011,519.4399999999999
2037,S158,20116,2011,5.0
2636,S2007,20116,2011,11.1
2653,S2024,20116,2011,46.75
563,2027,20116,2011,259.71999999999997
566,2031,20116,2011,2104.0
3160,S464,20116,2011,173.73
198,1411,20116,2011,6843.4
1076,863,20116,2011,180.0
1088,99,20116,2011,0.0
2981,S2332,20116,2011,480.13
2993,S2341,20116,2011,1095.6
570,205,20116,2011,399.83000000000004
580,2123,20116,2011,0.0
581,22,20116,2011,34.4
1880,S1519,20116,2011,50.12
1884,S1521,20116,2011,1651.3
1896,S1523,20116,2011,29.29
592,255,20116,2011,334.6
602,257,20116,2011,3.0
430,1819,20116,2011,3913.03
440,1827,20116,2011,666.9
1093,IR11,20116,2011,0.0
1072,86,20116,2011,519.42
2420,S1847,20116,2011,722.5
2425,S1859,20116,2011,382.71999999999997
3742,s654,20116,2011,4839.42
3566,S995,20116,2011,803.23
2054,S1597,20116,2011,49.5
612,262,20116,2011,5378.68
3475,S863,20116,2011,176.05
3482,S869,20116,2011,289.98
3487,S870,20116,2011,209.2
1867,S1514,20116,2011,7732.97
2663,S2035,20116,2011,8389.81
2671,S2037,20116,2011,3995.26
3749,s724,20116,2011,415.9
3752,s828,20116,2011,1754.51
195,1408,20116,2011,39320.0
1396,S1198,20116,2011,920.38
1401,S120,20116,2011,484.08000000000004
3169,S471,20116,2011,143.23
3174,S472,20116,2011,48.3
624,297,20116,2011,8816.25
631,3,20116,2011,2018.32
635,30,20116,2011,1108.54
1846,S15,20116,2011,1321.0900000000001
1856,S1502,20116,2011,90.55
3452,S84,20116,2011,33.02
3587,s110,20116,2011,298.28
2966,S2322,20116,2011,282.6
2973,S2327,20116,2011,28.52
1378,S1192,20116,2011,1619.27
3182,S474,20116,2011,108.75
3187,S476,20116,2011,202.14
2568,S1962,20116,2011,40.27
2577,S1971,20116,2011,494.18
2075,S1612,20116,2011,147.15
2077,S1614,20116,2011,70.95
2086,S1624,20116,2011,217.99
420,1803,20116,2011,28345.329999999998
3460,S840,20116,2011,87.5
3465,S852,20116,2011,14623.65
2683,S2050,20116,2011,1012.45
2696,S2061,20116,2011,3232.84
2280,S1736,20116,2011,8643.87
209,1504,20116,2011,423.12
3726,s3,20116,2011,302.0
1055,829,20116,2011,459.6
1060,84,20116,2011,2835.53
1388,S1193,20116,2011,294.73
1836,S1498,20116,2011,202.26
653,327,20116,2011,234.89
662,328,20116,2011,10137.52
2708,S2072,20116,2011,1426.6799999999998
1822,S1489,20116,2011,64.35
1831,S1495,20116,2011,241.9
670,336,20116,2011,952.35
3591,s1140,20116,2011,57.81
3596,s1212,20116,2011,386.45
2948,S2312,20116,2011,113.30999999999999
2950,S2313,20116,2011,39.2
2957,S2315,20116,2011,205.17
1049,819,20116,2011,0.0
2433,S1861,20116,2011,283.49
2436,S1865,20116,2011,156.0
2275,S1735,20116,2011,180.4
3201,S486,20116,2011,22.1
3205,S498,20116,2011,232.41
3212,S512,20116,2011,154.32
1442,S1224,20116,2011,714.88
1447,S124,20116,2011,36.8
2935,S23,20116,2011,48.37
1452,S125,20116,2011,752.0
1455,S1250,20116,2011,117.60000000000001
1417,S121,20116,2011,125.24
1421,S1212,20116,2011,6005.82
1428,S1218,20116,2011,50.65
1433,S1219,20116,2011,5372.96
1021,801,20116,2011,48294.44
1031,805,20116,2011,1319.0
1039,81,20116,2011,1439.75
1409,S1203,20116,2011,32.39
1472,S1265,20116,2011,3852.09
1480,S1267,20116,2011,136.86
3737,s5,20116,2011,1329.52
2241,S1721,20116,2011,8335.92
405,1764,20116,2011,1142.0
2545,S1940,20116,2011,528.6
2551,S1950,20116,2011,1356.35
2558,S1952,20116,2011,619.5
2091,S1625,20116,2011,46.0
3429,S824,20116,2011,30.3
2719,S2078,20116,2011,1422.11
2724,S2081,20116,2011,421.14
2251,S1723,20116,2011,164.31
2267,S1730,20116,2011,5385.110000000001
219,1506,20116,2011,1009.8
226,1512,20116,2011,1645.1999999999998
2922,S2289,20116,2011,1084.43
2928,S2290,20116,2011,38.46
983,752,20116,2011,2597.27
993,767,20116,2011,10.62
1812,S1487,20116,2011,978.04
3439,S828,20116,2011,2220.66
685,349,20116,2011,23.61
697,356,20116,2011,264.53999999999996
1784,S1478,20116,2011,67.05
1793,S1480,20116,2011,1544.2
2716,S2077,20116,2011,0.0
3217,S523,20116,2011,421.28999999999996
3223,S535,20116,2011,269.58000000000004
1003,771,20116,2011,29.18
1011,791,20116,2011,8293.46
1462,S1252,20116,2011,1053.28
233,1515,20116,2011,12890.0
240,1522,20116,2011,2033.92
2214,S1702,20116,2011,254.0
2226,S1706,20116,2011,677.1
3412,S816,20116,2011,27.28
3421,S82,20116,2011,988.64
1755,S1459,20116,2011,514.54
1774,S1472,20116,2011,303.0
3606,s1361,20116,2011,1427.89
3615,s1412,20116,2011,735.22
3626,s1664,20116,2011,101.2
2532,S1933,20116,2011,174.2
2237,S1720,20116,2011,0.0
3710,s2352,20116,2011,0.0
3716,s26,20116,2011,40.24
1486,S1269,20116,2011,8753.74
2890,S2246,20116,2011,95.25999999999999
2896,S2249,20116,2011,606.9
1506,S1294,20116,2011,1815.8
1510,S1296,20116,2011,171.4
2538,S1939,20116,2011,402.28
2101,S1636,20116,2011,32.4
396,1758,20116,2011,1259.89
713,375,20116,2011,1660.87
723,388,20116,2011,1291.46
731,389,20116,2011,0.0
3385,S777,20116,2011,112.68
3393,S78,20116,2011,5162.72
3237,S607,20116,2011,912.3699999999999
974,75,20116,2011,17405.23
2900,S2250,20116,2011,1470.85
1495,S128,20116,2011,720.0
2192,S1694,20116,2011,80.82
2199,S1696,20116,2011,641.6800000000001
2208,S17,20116,2011,681.3
1748,S1455,20116,2011,222.2
2762,S2110,20116,2011,122.74
2767,S2116,20116,2011,2422.7
743,400,20116,2011,9572.35
380,1729,20116,2011,759.23
387,1746,20116,2011,647.54
2104,S1637,20116,2011,210.38
252,1541,20116,2011,0.0
3704,s2311,20116,2011,7.2
3707,s2317,20116,2011,4.5
3268,S654,20116,2011,7464.68
955,628,20116,2011,33254.0
963,67,20116,2011,889.36
923,563,20116,2011,217.25
932,58,20116,2011,5589.24
1546,S1325,20116,2011,117.39999999999999
2881,S2225,20116,2011,219.97000000000003
2116,S1644,20116,2011,247.65
3605,s130,20116,2011,22.0
748,402,20116,2011,586.0999999999999
2771,S2118,20116,2011,93.88
1733,S1452,20116,2011,13.96
1739,S1454,20116,2011,57.0
755,413,20116,2011,80.0
3362,S75,20116,2011,22.42
947,610,20116,2011,63.23
3258,S648,20116,2011,689.05
1514,S1297,20116,2011,768.13
3720,s260,20116,2011,365.04999999999995
3278,S655,20116,2011,600.88
1556,S1334,20116,2011,153.55
1560,S1336,20116,2011,388.02
1563,S1341,20116,2011,689.77
2851,S220,20116,2011,205.98
912,526,20116,2011,1886.15
2187,S1693,20116,2011,482.95
2442,S1869,20116,2011,501.5
1711,S1442,20116,2011,433.37
2782,S2133,20116,2011,545.16
765,417,20116,2011,322.95
770,423,20116,2011,17736.0
359,1718,20116,2011,268.08
2452,S1871,20116,2011,34.22
275,1598,20116,2011,16536.92
3679,s2022,20116,2011,266.25
2460,S1872,20116,2011,97.82
2462,S1883,20116,2011,276.0
2176,S1684,20116,2011,179.07999999999998
2178,S1686,20116,2011,797.4
2181,S1688,20116,2011,163.2
905,507,20116,2011,151.58
2857,S2202,20116,2011,306.88
2865,S2206,20116,2011,9.3
2124,S1658,20116,2011,153.22
2500,S1916,20116,2011,1065.98
2513,S1926,20116,2011,1323.26
370,1726,20116,2011,381.4
777,425,20116,2011,1311.52
1702,S1440,20116,2011,401.82
2793,S2143,20116,2011,1106.79
792,431,20116,2011,340.9
2131,S1668,20116,2011,300.8
2151,S1674,20116,2011,128.7
349,1712,20116,2011,5853.48
3633,s1730,20116,2011,54.68
3347,S743,20116,2011,480.06
3353,S749,20116,2011,2005.72
836,446,20116,2011,3867.0
1653,S1402,20116,2011,1926.75
1663,S1412,20116,2011,2108.71
802,434,20116,2011,1332.0
812,440,20116,2011,452.4
822,441,20116,2011,3693.53
1675,S1425,20116,2011,318.68
1681,S1432,20116,2011,63.4
339,1704,20116,2011,1332.0
284,1602,20116,2011,78.95
1601,S1364,20116,2011,1057.28
1611,S1368,20116,2011,255.78
3319,S723,20116,2011,289.88
293,1607,20116,2011,3259.2799999999997
305,1616,20116,2011,23766.02
2469,S1892,20116,2011,130.89
2161,S1679,20116,2011,329.1
2169,S1683,20116,2011,323.24
3640,s1849,20116,2011,192.24
877,471,20116,2011,385.11
2834,S2191,20116,2011,1198.61
2843,S2193,20116,2011,364.4
889,477,20116,2011,2328.75
3296,S67,20116,2011,5814.02
3690,s2270,20116,2011,47.0
3670,s2004,20116,2011,3898.54
2490,S1905,20116,2011,540.0
3655,s19,20116,2011,1225.0
324,1669,20116,2011,568.4000000000001
3328,S724,20116,2011,446.1
3343,S731,20116,2011,1068.3600000000001
1619,S1378,20116,2011,2338.8
849,450,20116,2011,425.93
854,454,20116,2011,8.61
857,457,20116,2011,1087.95
2807,S2170,20116,2011,178.36
2815,S2177,20116,2011,2322.7599999999998
2825,S2179,20116,2011,253.39999999999998
3646,s1873,20116,2011,828.08
2480,S19,20116,2011,2194.3
1629,S1387,20116,2011,142.6
1591,S1361,20116,2011,4266.5199999999995
2392,S1809,20116,2011,138.68
2397,S1813,20116,2011,169.65
2332,S1756,20116,2011,400.5
1174,S1011,20116,2011,678.65
3094,S312,20116,2011,256.13
1272,S1140,20116,2011,770.4300000000001
1281,S1141,20116,2011,190.14
1286,S1145,20116,2011,321.53000000000003
3527,S938,20116,2011,618.52
2611,S1993,20116,2011,266.1
1965,S1546,20116,2011,688.86
1972,S1547,20116,2011,111.32
1981,S1550,20116,2011,281.04999999999995
3537,S962,20116,2011,2424.67
487,1877,20116,2011,8521.0
3100,S316,20116,2011,214.7
16,1039,20116,2011,16229.45
2357,S1775,20117,2011,328.16
87,1130,20117,2011,22526.5
1228,S1104,20117,2011,1030.88
17,1039,20117,2011,4157.5
111,1186,20117,2011,715.0
51,1079,20117,2011,7972.53
2370,S1790,20117,2011,48.46
2378,S1801,20117,2011,2082.75
2349,S1772,20117,2011,34.33
12,1028,20117,2011,28106.239999999998
65,11,20117,2011,635.5
1208,S103,20117,2011,188.0
1235,S1106,20117,2011,259.31
3062,S267,20117,2011,152.72
3053,S249,20117,2011,45.0
2481,S19,20117,2011,718.05
2487,S1902,20117,2011,97.16
2491,S1905,20117,2011,90.0
2154,S1676,20117,2011,84.9
2158,S1678,20117,2011,15.62
325,1669,20117,2011,1044.5
1646,S1392,20117,2011,0.0
3329,S724,20117,2011,1927.54
3344,S731,20117,2011,17.759999999999998
1620,S1378,20117,2011,422.72
1664,S1412,20117,2011,8112.38
851,451,20117,2011,0.0
853,453,20117,2011,42.0
855,456,20117,2011,0.0
860,460,20117,2011,4027.08
2816,S2177,20117,2011,3304.41
2826,S2179,20117,2011,2687.08
3647,s1873,20117,2011,543.61
1626,S138,20117,2011,3999.98
1627,S1380,20117,2011,277.8
1631,S1388,20117,2011,233.97
1638,S139,20117,2011,206.07
1592,S1361,20117,2011,4045.95
1602,S1364,20117,2011,543.31
870,466,20117,2011,202.73
285,1602,20117,2011,2171.17
294,1607,20117,2011,6302.87
2470,S1892,20117,2011,90.07000000000001
315,1652,20117,2011,4452.219999999999
878,471,20117,2011,1062.6399999999999
2835,S2191,20117,2011,116.58
3692,s2276,20117,2011,385.0
2132,S1668,20117,2011,280.5
2136,S1670,20117,2011,9.2
2140,S1672,20117,2011,700.95
3350,S745,20117,2011,114.08
3354,S749,20117,2011,219.51
834,443,20117,2011,0.0
1654,S1402,20117,2011,1591.82
793,431,20117,2011,0.0
813,440,20117,2011,1036.41
823,441,20117,2011,3594.0899999999997
1678,S143,20117,2011,58.58
1682,S1432,20117,2011,0.0
1689,S1436,20117,2011,485.52
1696,S1438,20117,2011,73.95
334,170,20117,2011,2631.6
340,1704,20117,2011,1582.62
2129,S1664,20117,2011,197.22
2170,S1683,20117,2011,564.73
2463,S1883,20117,2011,115.0
3297,S67,20117,2011,1664.54
890,477,20117,2011,728.8
901,498,20117,2011,939.6
2868,S2218,20117,2011,475.71000000000004
2873,S2219,20117,2011,190.76000000000002
2493,S1912,20117,2011,60.2
2501,S1916,20117,2011,474.68
2506,S1919,20117,2011,612.0
2514,S1926,20117,2011,216.1
778,425,20117,2011,4648.67
2787,S2142,20117,2011,450.59000000000003
2794,S2143,20117,2011,233.99
784,430,20117,2011,1413.6
1575,S135,20117,2011,0.0
1583,S1354,20117,2011,405.58
3279,S655,20117,2011,1508.68
3290,S665,20117,2011,15.0
1566,S1347,20117,2011,114.18
1570,S1348,20117,2011,283.0
2852,S220,20117,2011,459.07
2188,S1693,20117,2011,108.75
3371,S751,20117,2011,135.0
3377,S763,20117,2011,273.22
3382,S766,20117,2011,1568.2
1712,S1442,20117,2011,1837.01
1719,S1446,20117,2011,514.36
760,416,20117,2011,1361.64
771,423,20117,2011,22180.0
3635,s1754,20117,2011,514.36
350,1712,20117,2011,10999.82
360,1718,20117,2011,655.46
2122,S1646,20117,2011,60.9
2443,S1869,20117,2011,1652.8400000000001
268,158,20117,2011,2635.0
913,526,20117,2011,19358.16
919,56,20117,2011,595.87
924,563,20117,2011,437.24
933,58,20117,2011,8152.349999999999
2877,S2221,20117,2011,89.63
2882,S2225,20117,2011,968.65
1552,S133,20117,2011,335.0
2108,S1638,20117,2011,50.98
2522,S1927,20117,2011,270.1
2117,S1644,20117,2011,0.0
388,1746,20117,2011,2199.25
744,400,20117,2011,4170.87
2777,S2128,20117,2011,206.5
1736,S1453,20117,2011,78.84
3363,S75,20117,2011,1305.88
944,61,20117,2011,160.86
948,610,20117,2011,1477.29
3259,S648,20117,2011,1355.5
1515,S1297,20117,2011,12.0
1524,S1308,20117,2011,47.8
1532,S1320,20117,2011,636.13
3721,s260,20117,2011,246.60999999999999
2193,S1694,20117,2011,26.32
2200,S1696,20117,2011,1683.64
3404,S799,20117,2011,243.6
732,389,20117,2011,511.85
1740,S1454,20117,2011,735.75
2756,S2108,20117,2011,121.84
2763,S2110,20117,2011,208.74
1749,S1455,20117,2011,102.99
736,393,20117,2011,3702.6
371,1726,20117,2011,1144.2
381,1729,20117,2011,1035.6
3705,s2311,20117,2011,5714.32
3269,S654,20117,2011,9335.42
956,628,20117,2011,71153.05
964,67,20117,2011,10.78
2891,S2246,20117,2011,40.760000000000005
1507,S1294,20117,2011,344.21
2539,S1939,20117,2011,178.3
2102,S1636,20117,2011,73.86
1778,S1473,20117,2011,396.88
2748,S2103,20117,2011,590.24
715,377,20117,2011,1089.9
724,388,20117,2011,998.96
3386,S777,20117,2011,165.0
3394,S78,20117,2011,82.5
3238,S607,20117,2011,2020.01
3247,S639,20117,2011,10.33
975,75,20117,2011,39950.6
2901,S2250,20117,2011,1416.39
2909,S2256,20117,2011,84.6
1496,S128,20117,2011,109.28
234,1515,20117,2011,5332.5
2215,S1702,20117,2011,511.56
3413,S816,20117,2011,20.8
1756,S1459,20117,2011,20.63
1762,S1462,20117,2011,279.42
3607,s140,20117,2011,0.0
3616,s1412,20117,2011,71.1
2534,S1934,20117,2011,63.02
2535,S1936,20117,2011,580.8
2536,S1937,20117,2011,695.0
2233,S1712,20117,2011,112.36
241,1522,20117,2011,1224.83
248,1540,20117,2011,12726.26
3713,s236,20117,2011,394.24
1503,S1292,20117,2011,48.77
1481,S1267,20117,2011,154.5
2923,S2289,20117,2011,493.09000000000003
1487,S1269,20117,2011,2792.14
2725,S2081,20117,2011,418.27
1813,S1487,20117,2011,4185.71
3440,S828,20117,2011,1303.73
693,353,20117,2011,1067.6999999999998
698,356,20117,2011,210.9
1785,S1478,20117,2011,0.0
1794,S1480,20117,2011,6335.41
1803,S1484,20117,2011,120.64999999999999
1806,S1486,20117,2011,75.84
994,767,20117,2011,566.9
3233,S60,20117,2011,59.98
3218,S523,20117,2011,664.26
1004,771,20117,2011,156.84
1463,S1252,20117,2011,14.44
1473,S1265,20117,2011,1688.24
2242,S1721,20117,2011,8386.58
402,176,20117,2011,14.84
406,1764,20117,2011,1151.0
2087,S1624,20117,2011,329.68
671,336,20117,2011,1133.75
674,338,20117,2011,0.0
675,340,20117,2011,243.95
676,342,20117,2011,1052.32
3430,S824,20117,2011,105.0
220,1506,20117,2011,1009.8
227,1512,20117,2011,553.85
1012,791,20117,2011,0.0
1443,S1224,20117,2011,76.61
1446,S1234,20117,2011,47.4
1449,S1247,20117,2011,438.33
1415,S1209,20117,2011,481.91
1422,S1212,20117,2011,7674.13
1434,S1219,20117,2011,1003.68
1022,801,20117,2011,8506.32
1040,81,20117,2011,3765.2
1410,S1203,20117,2011,129.56
645,323,20117,2011,358.8
654,327,20117,2011,230.25
663,328,20117,2011,9399.13
2703,S2069,20117,2011,0.0
2709,S2072,20117,2011,0.0
1827,S1492,20117,2011,57.9
397,1758,20117,2011,2431.98
2943,S2302,20117,2011,274.29
2945,S231,20117,2011,106.98
2951,S2313,20117,2011,263.56
3188,S476,20117,2011,542.9
199,1411,20117,2011,1850.0
203,1424,20117,2011,565.0
2268,S1730,20117,2011,7296.23
2426,S1859,20117,2011,732.09
2437,S1868,20117,2011,301.96000000000004
2578,S1971,20117,2011,77.0
421,1803,20117,2011,7524.25
3466,S852,20117,2011,1857.57
636,30,20117,2011,1270.0
2684,S2050,20117,2011,270.0
2697,S2061,20117,2011,517.44
210,1504,20117,2011,1544.11
1056,829,20117,2011,786.27
1389,S1193,20117,2011,690.97
1397,S1198,20117,2011,69.0
1061,84,20117,2011,492.88
3170,S471,20117,2011,1068.79
620,273,20117,2011,61.23
622,294,20117,2011,525.84
3448,S837,20117,2011,281.24
1837,S1498,20117,2011,429.51
1847,S15,20117,2011,1044.47
1860,S1504,20117,2011,992.1
3453,S84,20117,2011,171.12
3588,s110,20117,2011,46.42
411,1793,20117,2011,0.0
3175,S472,20117,2011,76.61
2963,S2321,20117,2011,122.5
2974,S2327,20117,2011,76.61
1379,S1192,20117,2011,660.2
3183,S474,20117,2011,491.24
189,140,20117,2011,567.6
2281,S1736,20117,2011,12675.59
2043,S1588,20117,2011,574.59
2055,S1597,20117,2011,375.0
2061,S1600,20117,2011,90.15
2065,S1602,20117,2011,526.65
1868,S1514,20117,2011,2830.92
2664,S2035,20117,2011,2169.23
2672,S2037,20117,2011,1268.13
3743,s654,20117,2011,742.5
1073,86,20117,2011,802.74
1077,863,20117,2011,180.0
1080,90,20117,2011,4.67
2980,S2330,20117,2011,28.0
2982,S2332,20117,2011,22.23
2986,S2334,20117,2011,310.25
2994,S2341,20117,2011,456.01
571,205,20117,2011,1679.56
1875,S1518,20117,2011,600.0
1885,S1521,20117,2011,335.66
593,255,20117,2011,367.54999999999995
603,257,20117,2011,291.3
431,1819,20117,2011,21958.41
1089,99,20117,2011,9645.03
1099,IR12,20117,2011,1413.0
1362,S1187,20117,2011,66.04
1369,S1190,20117,2011,1305.0
1113,IR25,20117,2011,0.0
3149,S458,20117,2011,489.0
3156,S462,20117,2011,32.85
3558,S986,20117,2011,183.92999999999998
2022,S1575,20117,2011,129.0
2030,S1579,20117,2011,1085.01
2038,S158,20117,2011,132.35
441,1827,20117,2011,707.13
2618,S20,20117,2011,166.95
1901,S1524,20117,2011,0.0
2648,S2014,20117,2011,536.09
564,2027,20117,2011,0.0
1337,S118,20117,2011,527.42
1345,S1182,20117,2011,802.7
1354,S1186,20117,2011,760.27
3121,S41,20117,2011,1457.4299999999998
157,131,20117,2011,122.54
161,1341,20117,2011,331.27
2406,S1818,20117,2011,608.22
2415,S184,20117,2011,486.65
2300,S1739,20117,2011,17.9
3492,S877,20117,2011,636.75
556,2000,20117,2011,88.47
2654,S2024,20117,2011,1697.12
1907,S1527,20117,2011,5740.64
1915,S1528,20117,2011,0.0
3573,ir2222,20117,2011,0.0
3546,S964,20117,2011,212.6
3555,S981,20117,2011,53.82
171,1351,20117,2011,435.92
179,136,20117,2011,2752.68
3129,S42,20117,2011,84.0
1326,S117,20117,2011,156.82
3016,S2358,20117,2011,352.05
1119,IR34,20117,2011,0.0
1124,IR36,20117,2011,303.48
1129,IR38,20117,2011,3064.64
1934,S1539,20117,2011,561.2
1943,S154,20117,2011,1388.67
542,1992,20117,2011,0.0
545,1995,20117,2011,1698.2
2620,S2003,20117,2011,799.0
2625,S2004,20117,2011,5198.5
1927,S1534,20117,2011,190.14
552,2,20117,2011,552.38
2340,S1759,20117,2011,287.7
2325,S1755,20117,2011,487.8
74,1119,20117,2011,13839.8
150,13,20117,2011,697.1600000000001
3101,S316,20117,2011,87.78
3106,S329,20117,2011,389.36
3112,S361,20117,2011,18.98
1133,IR39,20117,2011,8.7
1303,S1156,20117,2011,490.6
451,1830,20117,2011,3588.2999999999997
462,1850,20117,2011,615.12
2013,S156,20117,2011,322.41999999999996
471,1856,20117,2011,214.2
3508,S90,20117,2011,268.4
3513,S91,20117,2011,125.8
3514,S917,20117,2011,63.04
3519,S921,20117,2011,232.06
1318,S1169,20117,2011,139.13
1137,IR4,20117,2011,351.3
1152,IR9,20117,2011,0.0
3023,S236,20117,2011,3449.17
3033,S24,20117,2011,3368.01
1294,S1154,20117,2011,263.92
1295,S1155,20117,2011,623.05
3753,s828,20117,2011,446.4
1998,S1555,20117,2011,316.52
500,1898,20117,2011,330.76
517,1921,20117,2011,142.64999999999998
2594,S1982,20117,2011,1586.8
2604,S1983,20117,2011,159.78
523,1923,20117,2011,243.25
3766,s962,20117,2011,12.58
2393,S1809,20117,2011,52.63
2333,S1756,20117,2011,992.5
1175,S1011,20117,2011,563.9300000000001
1182,S1016,20117,2011,70.41
1273,S1140,20117,2011,7146.62
1287,S1145,20117,2011,34.33
34,106,20117,2011,312.51
509,1903,20117,2011,2025.8200000000002
3528,S938,20117,2011,213.01999999999998
2612,S1993,20117,2011,592.6300000000001
1966,S1546,20117,2011,267.45
1977,S1549,20117,2011,28.52
3538,S962,20117,2011,2290.74
480,1863,20117,2011,2250.54
490,1882,20117,2011,232.65
3080,S3,20117,2011,1371.66
1187,S1021,20117,2011,245.01999999999998
1190,S1022,20117,2011,227.98
1244,S1111,20117,2011,0.0
3073,S299,20117,2011,820.59
130,1225,20117,2011,1699.1499999999999
141,1247,20117,2011,49.89
25,1058,20117,2011,39561.520000000004
1216,S1069,20117,2011,559.4
1219,S1075,20117,2011,591.36
116,1187,20117,2011,2214.0
41,1065,20117,2011,1783.4
4,100,20117,2011,2424.7
18,1039,20118,2011,1577.0
75,1119,20118,2011,6512.25
26,1058,20118,2011,350.24
120,12,20118,2011,0.0
2362,S1784,20118,2011,4701.27
52,1079,20118,2011,1432.1100000000001
58,1082,20118,2011,790.0
105,1160,20118,2011,5242.68
88,1130,20118,2011,3976.17
3529,S938,20118,2011,87.64
1967,S1546,20118,2011,2494.8
1973,S1547,20118,2011,1314.0
3532,S945,20118,2011,75.0
481,1863,20118,2011,200.39999999999998
486,1871,20118,2011,4403.0
491,1882,20118,2011,39.3
1982,S1550,20118,2011,64.72
1990,S1551,20118,2011,255.0
1999,S1555,20118,2011,295.39
501,1898,20118,2011,456.14
3539,S962,20118,2011,10530.880000000001
510,1903,20118,2011,203.57999999999998
518,1921,20118,2011,75.08
1956,S1542,20118,2011,334.83
1961,S1543,20118,2011,153.22
2595,S1982,20118,2011,803.04
2605,S1983,20118,2011,227.57
442,1827,20118,2011,78.4
452,1830,20118,2011,193.92000000000002
463,1850,20118,2011,442.5
2008,S1559,20118,2011,252.59
2587,S1981,20118,2011,959.41
2018,S1563,20118,2011,600.39
3509,S90,20118,2011,536.8
3515,S917,20118,2011,714.8199999999999
524,1923,20118,2011,37990.0
1935,S1539,20118,2011,1413.9
1944,S154,20118,2011,977.59
530,1938,20118,2011,0.0
534,1941,20118,2011,2832.0
2619,S20,20118,2011,26.4
2626,S2004,20118,2011,7154.74
3499,S888,20118,2011,321.0
553,2,20118,2011,51593.95
560,2011,20118,2011,119.84
2655,S2024,20118,2011,195.75
1908,S1527,20118,2011,5772.69
3560,S987,20118,2011,290.5
2025,S1577,20118,2011,119.48
2031,S1579,20118,2011,475.59000000000003
1918,S153,20118,2011,755.61
2613,S1993,20118,2011,304.0
2637,S2007,20118,2011,106.43
567,2031,20118,2011,2104.0
572,205,20118,2011,72.66
575,2055,20118,2011,213.12
2673,S2037,20118,2011,1843.92
1886,S1521,20118,2011,467.62
1893,S1522,20118,2011,221.95
594,255,20118,2011,1592.24
604,257,20118,2011,0.0
422,1803,20118,2011,22468.78
432,1819,20118,2011,7051.179999999999
2044,S1588,20118,2011,318.99
2048,S1594,20118,2011,226.95
2056,S1597,20118,2011,159.39
2062,S1600,20118,2011,30.05
3567,S995,20118,2011,152.56
613,262,20118,2011,0.0
3472,S860,20118,2011,0.0
2665,S2035,20118,2011,3286.93
623,294,20118,2011,657.3
625,297,20118,2011,1050.6100000000001
1838,S1498,20118,2011,1533.29
1848,S15,20118,2011,2099.4
1861,S1504,20118,2011,135.75
3454,S84,20118,2011,103.67
3584,s1075,20118,2011,949.7
3589,s110,20118,2011,278.02
412,1793,20118,2011,1034.66
2569,S1962,20118,2011,3690.62
2579,S1971,20118,2011,34.25
3461,S840,20118,2011,126.5
3467,S852,20118,2011,4077.26
637,30,20118,2011,271.29
2698,S2061,20118,2011,2112.37
2685,S2050,20118,2011,1136.48
2690,S2052,20118,2011,844.1
646,323,20118,2011,29.9
655,327,20118,2011,16887.079999999998
664,328,20118,2011,6099.74
2710,S2072,20118,2011,148.0
1823,S1489,20118,2011,939.6
3597,s1212,20118,2011,361.84
3602,s1234,20118,2011,47.4
398,1758,20118,2011,1834.15
2552,S1950,20118,2011,50.0
2097,S1632,20118,2011,160.57
677,342,20118,2011,2595.0699999999997
2720,S2078,20118,2011,725.1899999999999
1807,S1486,20118,2011,1000.61
1814,S1487,20118,2011,963.6999999999999
3431,S824,20118,2011,299.83
3441,S828,20118,2011,2287.34
1789,S148,20118,2011,34.95
1795,S1480,20118,2011,6621.82
1804,S1484,20118,2011,52.26
699,356,20118,2011,630.0
3414,S816,20118,2011,236.97
3422,S82,20118,2011,5295.84
705,365,20118,2011,657.25
2749,S2103,20118,2011,233.75
1765,S1463,20118,2011,27.73
1772,S147,20118,2011,72.5
1775,S1472,20118,2011,303.0
3617,s1412,20118,2011,1199.1
2528,S1932,20118,2011,159.9
1779,S1473,20118,2011,396.88
1750,S1455,20118,2011,190.0
2726,S2081,20118,2011,679.75
710,373,20118,2011,1841.96
725,388,20118,2011,844.13
3405,S799,20118,2011,105.59
3387,S777,20118,2011,165.0
1741,S1454,20118,2011,1052.05
2757,S2108,20118,2011,165.2
739,395,20118,2011,0.0
372,1726,20118,2011,381.4
382,1729,20118,2011,8625.43
2109,S1642,20118,2011,344.96
2523,S1927,20118,2011,35.2
389,1746,20118,2011,2439.0
745,400,20118,2011,964.11
749,403,20118,2011,1858.6100000000001
2774,S2124,20118,2011,585.5899999999999
756,413,20118,2011,752.04
3364,S75,20118,2011,1572.89
3378,S763,20118,2011,320.9
2801,S2160,20118,2011,101.2
1713,S1442,20118,2011,2006.65
1725,S145,20118,2011,7.5
2780,S213,20118,2011,230.0
761,416,20118,2011,85.19
351,1712,20118,2011,659.2
2123,S1646,20118,2011,57.04
361,1718,20118,2011,2016.95
1707,S1441,20118,2011,10.33
2788,S2142,20118,2011,60.91
2795,S2143,20118,2011,1829.34
779,425,20118,2011,57.49
794,431,20118,2011,4753.1
803,434,20118,2011,0.0
3355,S749,20118,2011,417.06
814,440,20118,2011,501.55999999999995
824,441,20118,2011,4484.7300000000005
1676,S1425,20118,2011,340.5
1690,S1436,20118,2011,212.98
1697,S1438,20118,2011,0.0
326,1669,20118,2011,552.26
341,1704,20118,2011,2760.55
2137,S1670,20118,2011,50.0
2141,S1672,20118,2011,300.0
2152,S1674,20118,2011,33.15
837,446,20118,2011,1289.0
1647,S1392,20118,2011,420.14
1655,S1402,20118,2011,4268.32
1665,S1412,20118,2011,8759.81
842,447,20118,2011,0.0
848,448,20118,2011,669.84
856,456,20118,2011,0.0
858,458,20118,2011,279.6
859,459,20118,2011,256.0
2817,S2177,20118,2011,1144.96
3648,s1873,20118,2011,998.86
2482,S19,20118,2011,2028.12
2488,S1902,20118,2011,576.05
2155,S1676,20118,2011,764.25
3330,S724,20118,2011,220.12
3337,S73,20118,2011,2589.98
861,461,20118,2011,4155.61
862,462,20118,2011,109.68
864,463,20118,2011,127.37
868,465,20118,2011,3681.6
1621,S1378,20118,2011,656.35
1632,S1388,20118,2011,384.90999999999997
1593,S1361,20118,2011,4075.75
1603,S1364,20118,2011,797.3
3305,S70,20118,2011,34.33
3320,S723,20118,2011,829.9200000000001
872,467,20118,2011,1242.0
295,1607,20118,2011,17890.33
301,1609,20118,2011,2210.0
306,1616,20118,2011,27782.0
2466,S189,20118,2011,250.26999999999998
2471,S1892,20118,2011,118.55
316,1652,20118,2011,1904.74
873,469,20118,2011,168.8
874,470,20118,2011,221.13
1584,S1354,20118,2011,46.8
1587,S136,20118,2011,285.2
2827,S2179,20118,2011,850.86
2836,S2191,20118,2011,841.05
2844,S2193,20118,2011,1670.65
879,471,20118,2011,49.52
883,473,20118,2011,5494.32
3662,s1977,20118,2011,1793.26
3666,s1982,20118,2011,365.09000000000003
3671,s2004,20118,2011,491.12
2171,S1683,20118,2011,247.73
2182,S1688,20118,2011,108.8
3298,S67,20118,2011,1107.3200000000002
891,477,20118,2011,247.5
2858,S2202,20118,2011,36.5
2866,S2206,20118,2011,21.04
1576,S1350,20118,2011,54.27
1579,S1353,20118,2011,286.68
3280,S655,20118,2011,841.02
3286,S656,20118,2011,988.75
1564,S1341,20118,2011,198.6
1571,S1348,20118,2011,1105.08
2853,S220,20118,2011,0.0
3708,s2317,20118,2011,10.98
3709,s2326,20118,2011,143.6
2444,S1869,20118,2011,3068.42
2453,S1871,20118,2011,60.1
260,1575,20118,2011,92.16
269,158,20118,2011,465.12
278,16,20118,2011,50.19
3686,s2265,20118,2011,42.24
914,526,20118,2011,6224.63
925,563,20118,2011,384.15
934,58,20118,2011,3233.61
1540,S1322,20118,2011,21.77
1547,S1325,20118,2011,80.0
940,59,20118,2011,50782.0
949,610,20118,2011,170.0
3253,S646,20118,2011,289.0
3260,S648,20118,2011,532.9
1516,S1297,20118,2011,167.15
1525,S1308,20118,2011,36.64
1528,S1316,20118,2011,167.02
3717,s26,20118,2011,55.39
2194,S1694,20118,2011,52.94
2201,S1696,20118,2011,2988.06
249,1540,20118,2011,3313.44
3697,s2292,20118,2011,867.51
1533,S1320,20118,2011,171.5
3270,S654,20118,2011,10135.59
957,628,20118,2011,12001.66
965,67,20118,2011,1011.6999999999999
2892,S2246,20118,2011,94.34
3239,S607,20118,2011,1211.85
3248,S639,20118,2011,30.38
1488,S1269,20118,2011,5337.42
2902,S2250,20118,2011,3127.71
1497,S128,20118,2011,466.49
2216,S1702,20118,2011,1858.98
2220,S1703,20118,2011,125.24
2227,S1706,20118,2011,90.0
1500,S129,20118,2011,659.6
1504,S1292,20118,2011,41.2
2924,S2289,20118,2011,412.0
976,75,20118,2011,31057.010000000002
984,752,20118,2011,7222.5
995,767,20118,2011,384.45000000000005
3228,S551,20118,2011,1032.1
3219,S523,20118,2011,583.36
1464,S1252,20118,2011,1950.0
1474,S1265,20118,2011,658.4999999999999
3732,s40,20118,2011,53.88
211,1504,20118,2011,1405.78
2243,S1721,20118,2011,8862.76
2252,S1723,20118,2011,27.47
2255,S1724,20118,2011,57.89
2258,S1727,20118,2011,21.080000000000002
228,1512,20118,2011,1371.0
1013,791,20118,2011,10920.14
3194,S479,20118,2011,71.39
3206,S498,20118,2011,91.75
3209,S511,20118,2011,273.35
2933,S2291,20118,2011,174.58
2934,S2297,20118,2011,100.83
1423,S1212,20118,2011,7319.89
1435,S1219,20118,2011,713.28
1023,801,20118,2011,36032.939999999995
1032,805,20118,2011,1494.75
1041,81,20118,2011,4178.69
2939,S230,20118,2011,200.28000000000003
2944,S2302,20118,2011,78.6
1050,819,20118,2011,1646.9
2269,S1730,20118,2011,4468.28
2427,S1859,20118,2011,2564.1
2438,S1868,20118,2011,296.53999999999996
3727,s3,20118,2011,230.47
1380,S1192,20118,2011,13.05
1390,S1193,20118,2011,60.0
1402,S120,20118,2011,2035.95
1062,84,20118,2011,2715.95
3171,S471,20118,2011,382.92999999999995
3178,S473,20118,2011,54.87
2959,S2316,20118,2011,296.76
2967,S2322,20118,2011,365.0
2975,S2327,20118,2011,26.299999999999997
190,140,20118,2011,41553.09
2282,S1736,20118,2011,12357.25
2421,S1858,20118,2011,103.15
2287,S1737,20118,2011,280.0
2294,S1738,20118,2011,1408.35
3744,s654,20118,2011,304.65999999999997
2987,S2334,20118,2011,135.25
2995,S2341,20118,2011,723.8
1090,99,20118,2011,5433.85
1094,IR11,20118,2011,739.25
1370,S1190,20118,2011,377.15000000000003
1108,IR2222,20118,2011,0.0
3164,S47,20118,2011,230.36
1338,S118,20118,2011,846.66
1346,S1182,20118,2011,1394.35
1355,S1186,20118,2011,1317.07
3117,S40,20118,2011,31.0
3122,S41,20118,2011,373.42
162,1341,20118,2011,316.24
2398,S1813,20118,2011,74.75
2407,S1818,20118,2011,360.0
172,1351,20118,2011,268.39
180,136,20118,2011,0.0
3130,S42,20118,2011,240.0
3140,S442,20118,2011,46.1
1319,S1169,20118,2011,1180.97
3008,S2352,20118,2011,2339.0
1120,IR34,20118,2011,0.0
2345,S1764,20118,2011,70.41
2301,S1739,20118,2011,1385.66
2306,S1745,20118,2011,55.3
2309,S1750,20118,2011,328.7
2317,S1754,20118,2011,1941.1599999999999
151,13,20118,2011,206.62
1130,IR38,20118,2011,1243.86
3107,S329,20118,2011,0.0
3109,S34,20118,2011,173.14
3113,S361,20118,2011,18.98
1296,S1155,20118,2011,3325.4100000000003
1304,S1156,20118,2011,270.6
1141,IR41,20118,2011,126.1
1154,S0001,20118,2011,0.0
1161,S10,20118,2011,289.56
3024,S236,20118,2011,2834.54
3034,S24,20118,2011,1839.65
3754,s828,20118,2011,1768.76
3758,s83,20118,2011,1028.92
3761,s877,20118,2011,51.24
3767,s962,20118,2011,946.0
66,11,20118,2011,976.56
2384,S1802,20118,2011,1248.0
2334,S1756,20118,2011,986.76
1165,S1002,20118,2011,170.24
1176,S1011,20118,2011,1001.01
3088,S30,20118,2011,543.55
3091,S31,20118,2011,322.27
1267,S114,20118,2011,102.62
1274,S1140,20118,2011,2763.92
3095,S312,20118,2011,259.4
3081,S3,20118,2011,3349.56
1191,S1022,20118,2011,3473.5699999999997
1245,S1111,20118,2011,0.0
1250,S1118,20118,2011,158.6
1262,S1135,20118,2011,610.72
131,1225,20118,2011,7360.32
5,100,20118,2011,4852.0
2371,S1790,20118,2011,356.31
1199,S1024,20118,2011,97.54
1204,S1027,20118,2011,23.9
3045,S247,20118,2011,46.72
3054,S249,20118,2011,123.86
1223,S1101,20118,2011,51.38
42,1065,20118,2011,859.15
13,1028,20118,2011,0.0
81,112,20119,2011,4021.0
1729,S1450,20119,2011,252.68
1742,S1454,20119,2011,1823.32
2750,S2103,20119,2011,243.04
1726,S145,20119,2011,50.0
2727,S2081,20119,2011,953.6700000000001
2740,S2090,20119,2011,214.17
1757,S1459,20119,2011,117.8
1763,S1462,20119,2011,143.56
1766,S1463,20119,2011,114.08
1776,S1472,20119,2011,396.19
1714,S1442,20119,2011,2251.38
1722,S1448,20119,2011,106.45
1683,S1432,20119,2011,282.0
1691,S1436,20119,2011,1049.7
2803,S2161,20119,2011,23.05
3759,s83,20119,2011,512.98
3768,s962,20119,2011,1328.62
152,13,20119,2011,12.4
163,1341,20119,2011,166.3
173,1351,20119,2011,779.1800000000001
182,1368,20119,2011,702.24
59,1082,20119,2011,250.3
19,1039,20119,2011,4157.5
2326,S1755,20119,2011,472.32
117,1187,20119,2011,539.55
2385,S1802,20119,2011,1976.0
2394,S1809,20119,2011,105.26
89,1130,20119,2011,1956.81
96,1144,20119,2011,235.54
35,106,20119,2011,252.0
2363,S1784,20119,2011,96.86
3656,s19,20119,2011,168.94
3658,s1972,20119,2011,76.65
3663,s1977,20119,2011,531.0
3672,s2004,20119,2011,129.5
286,1602,20119,2011,450.63
296,1607,20119,2011,6272.84
3682,s2035,20119,2011,238.6
3687,s2265,20119,2011,55.0
2283,S1736,20119,2011,8413.63
2288,S1737,20119,2011,135.05
3693,s2276,20119,2011,180.0
261,1575,20119,2011,55.75
270,158,20119,2011,525.87
276,1598,20119,2011,20304.5
200,1411,20119,2011,1850.0
204,1424,20119,2011,2809.0
3604,s13,20119,2011,899.78
3608,s140,20119,2011,1550.23
3618,s1412,20119,2011,4160.14
342,1704,20119,2011,1743.3400000000001
3627,s1686,20119,2011,389.5
3631,s1721,20119,2011,11.75
352,1712,20119,2011,8960.6
362,1718,20119,2011,0.0
2428,S1859,20119,2011,131.82
2434,S1861,20119,2011,750.0
2276,S1735,20119,2011,180.4
307,1616,20119,2011,1139.34
317,1652,20119,2011,5187.0
3641,s1849,20119,2011,112.59
3649,s1873,20119,2011,2939.79
327,1669,20119,2011,228.54000000000002
413,1793,20119,2011,4406.22
423,1803,20119,2011,21879.85
2183,S1688,20119,2011,684.4
2445,S1869,20119,2011,1169.8
2454,S1871,20119,2011,272.84000000000003
2202,S1696,20119,2011,440.18
2209,S17,20119,2011,675.9
2217,S1702,20119,2011,2121.66
2244,S1721,20119,2011,9923.25
2259,S1727,20119,2011,4.96
2263,S1728,20119,2011,74.88
2270,S1730,20119,2011,3928.22
3598,s1212,20119,2011,175.75
373,1726,20119,2011,273.2
383,1729,20119,2011,530.58
390,1746,20119,2011,3047.02
546,1995,20119,2011,606.5
3525,S937,20119,2011,0.0
3540,S962,20119,2011,12795.94
3547,S964,20119,2011,54.64
3551,S980,20119,2011,0.0
443,1827,20119,2011,250.59
453,1830,20119,2011,869.47
464,1850,20119,2011,983.1700000000001
472,1856,20119,2011,9511.060000000001
482,1863,20119,2011,3379.56
492,1882,20119,2011,172.44
433,1819,20119,2011,10037.99
3568,S995,20119,2011,138.5
3574,ir2222,20119,2011,0.0
3577,s0001,20119,2011,0.0
3581,s1016,20119,2011,281.6
626,297,20119,2011,4198.54
605,257,20119,2011,217.64
614,262,20119,2011,408.86
3493,S877,20119,2011,1205.9
3503,S89,20119,2011,303.92
565,2027,20119,2011,0.0
573,205,20119,2011,110.8
595,255,20119,2011,286.8
2475,S1894,20119,2011,175.24
2162,S1679,20119,2011,145.0
511,1903,20119,2011,635.99
3512,S908,20119,2011,250.0
3520,S921,20119,2011,148.34
525,1923,20119,2011,9395.27
527,1931,20119,2011,0.0
538,1979,20119,2011,0.0
694,353,20119,2011,2391.73
700,356,20119,2011,173.5
3406,S799,20119,2011,253.5
3415,S816,20119,2011,203.58
706,365,20119,2011,358.5
726,388,20119,2011,1889.13
3423,S82,20119,2011,1343.57
3432,S824,20119,2011,0.0
3442,S828,20119,2011,3390.32
2142,S1672,20119,2011,73.35
2483,S19,20119,2011,2102.06
638,30,20119,2011,967.2
665,328,20119,2011,5419.14
678,342,20119,2011,1637.76
3468,S852,20119,2011,910.09
3473,S860,20119,2011,0.0
3356,S749,20119,2011,507.78999999999996
2492,S1905,20119,2011,99.73
2494,S1912,20119,2011,24.46
2502,S1916,20119,2011,704.82
2515,S1926,20119,2011,1021.01
2133,S1668,20119,2011,313.3
750,403,20119,2011,0.0
3365,S75,20119,2011,758.36
3372,S751,20119,2011,61.54
780,425,20119,2011,378.0
785,430,20119,2011,2092.8
795,431,20119,2011,8791.47
806,435,20119,2011,0.0
3388,S777,20119,2011,376.19
3395,S78,20119,2011,847.57
688,352,20119,2011,3248.62
3313,S71,20119,2011,84.6
3321,S723,20119,2011,749.67
3331,S724,20119,2011,73.87
3338,S73,20119,2011,208.8
863,462,20119,2011,379.62
865,463,20119,2011,1354.8600000000001
869,465,20119,2011,0.0
2105,S1637,20119,2011,280.0
2110,S1642,20119,2011,98.56
2112,S1643,20119,2011,135.81
2118,S1644,20119,2011,250.56
815,440,20119,2011,24.58
825,441,20119,2011,7453.49
3348,S743,20119,2011,1366.91
838,446,20119,2011,2578.0
843,447,20119,2011,0.0
985,752,20119,2011,1488.3
996,767,20119,2011,274.65999999999997
3261,S648,20119,2011,721.35
3271,S654,20119,2011,12063.47
3281,S655,20119,2011,318.26
915,526,20119,2011,4358.75
926,563,20119,2011,931.12
935,58,20119,2011,1331.6100000000001
950,610,20119,2011,1929.4
2529,S1932,20119,2011,281.9
880,471,20119,2011,357.18
884,474,20119,2011,475.74
3299,S67,20119,2011,619.97
902,498,20119,2011,513.0
906,507,20119,2011,150.0
3308,S707,20119,2011,897.1200000000001
1005,771,20119,2011,72.0
1014,791,20119,2011,102878.72
3195,S479,20119,2011,598.31
3202,S486,20119,2011,26.65
1024,801,20119,2011,20209.17
1033,805,20119,2011,656.44
1042,81,20119,2011,1153.69
3229,S551,20119,2011,39.48
3231,S592,20119,2011,46.72
3220,S523,20119,2011,217.5
2546,S1940,20119,2011,725.4
2088,S1624,20119,2011,457.36
958,628,20119,2011,107136.9
966,67,20119,2011,203.4
3240,S607,20119,2011,808.0799999999999
977,75,20119,2011,17974.09
1114,IR25,20119,2011,0.0
3144,S453,20119,2011,292.12
3157,S462,20119,2011,31.36
3161,S464,20119,2011,908.0699999999999
2057,S1597,20119,2011,67.66
2059,S160,20119,2011,94.56
2072,S1609,20119,2011,387.0
2559,S1952,20119,2011,59.71
2566,S1957,20119,2011,64.35
2570,S1962,20119,2011,2546.7
2580,S1971,20119,2011,118.8
1051,819,20119,2011,1995.2
1063,84,20119,2011,2149.82
3179,S473,20119,2011,51.08
3184,S474,20119,2011,114.42999999999999
1081,90,20119,2011,287.04
1155,S0001,20119,2011,74.45
1166,S1002,20119,2011,50.0
1177,S1011,20119,2011,1363.48
1993,S1553,20119,2011,48.77
2000,S1555,20119,2011,352.82
2004,S1557,20119,2011,0.0
2588,S1981,20119,2011,852.85
2019,S157,20119,2011,604.09
2032,S1579,20119,2011,1287.98
2049,S1594,20119,2011,36.0
3118,S406,20119,2011,73.35
3131,S42,20119,2011,3563.07
1116,IR30,20119,2011,0.0
1122,IR35,20119,2011,665.14
1125,IR36,20119,2011,68.7
1109,IR2222,20119,2011,0.0
1945,S154,20119,2011,136.5
1951,S1540,20119,2011,226.84
1957,S1542,20119,2011,279.2
2596,S1982,20119,2011,1784.82
1968,S1546,20119,2011,353.8
1974,S1547,20119,2011,20.5
1976,S1548,20119,2011,1065.04
1128,IR37,20119,2011,1626.02
1131,IR38,20119,2011,176.68
3102,S316,20119,2011,397.29
3110,S34,20119,2011,177.41
3115,S364,20119,2011,0.0
1138,IR4,20119,2011,1048.8
1142,IR48,20119,2011,1104.0
1145,IR50,20119,2011,0.0
1153,IR9,20119,2011,0.0
1217,S1069,20119,2011,799.27
1221,S109,20119,2011,281.21999999999997
1229,S1104,20119,2011,211.92000000000002
1236,S1106,20119,2011,89.2
1192,S1022,20119,2011,242.43
3063,S267,20119,2011,64.35
1205,S1027,20119,2011,29.0
1209,S103,20119,2011,1000.81
1211,S1040,20119,2011,46.3
2614,S1993,20119,2011,803.29
2627,S2004,20119,2011,12719.74
1928,S1534,20119,2011,197.92
3082,S3,20119,2011,1685.01
3089,S30,20119,2011,256.25
3096,S312,20119,2011,1705.29
1936,S1539,20119,2011,310.78
1297,S1155,20119,2011,261.69
1305,S1156,20119,2011,240.43
1887,S1521,20119,2011,244.48
1897,S1523,20119,2011,59.0
2638,S2007,20119,2011,65.7
2645,S2011,20119,2011,80.4
1909,S1527,20119,2011,617.37
1919,S153,20119,2011,20.34
3046,S247,20119,2011,46.01
3055,S249,20119,2011,1156.21
1246,S1111,20119,2011,0.0
1259,S1128,20119,2011,491.47
1263,S1135,20119,2011,79.07
1275,S1140,20119,2011,3541.96
1282,S1141,20119,2011,145.0
1288,S1145,20119,2011,744.5
1347,S1182,20119,2011,387.57
1356,S1186,20119,2011,1662.04
2996,S2341,20119,2011,474.27
1862,S1504,20119,2011,1239.6
1869,S1514,20119,2011,46.24
2666,S2035,20119,2011,9075.93
2674,S2037,20119,2011,6490.64
1876,S1518,20119,2011,3249.8
1312,S1160,20119,2011,1362.94
1313,S1166,20119,2011,140.42
1320,S1169,20119,2011,35.86
3009,S2352,20119,2011,0.0
1332,S1179,20119,2011,24.73
1339,S118,20119,2011,728.3
3025,S236,20119,2011,4087.42
3035,S24,20119,2011,73.1
2952,S2313,20119,2011,296.48
1413,S1206,20119,2011,76.5
1416,S1209,20119,2011,332.04
1424,S1212,20119,2011,4025.43
1429,S1218,20119,2011,118.44
1436,S1219,20119,2011,669.99
2686,S2050,20119,2011,618.11
1839,S1498,20119,2011,2397.0899999999997
1849,S15,20119,2011,923.64
1853,S150,20119,2011,650.0
2960,S2316,20119,2011,502.40000000000003
2976,S2327,20119,2011,55.6
1381,S1192,20119,2011,212.87
1371,S1190,20119,2011,1141.27
2983,S2332,20119,2011,124.08000000000001
2988,S2334,20119,2011,106.8
1548,S1325,20119,2011,171.25
1557,S1334,20119,2011,97.2
1498,S128,20119,2011,548.63
1501,S129,20119,2011,527.68
2893,S2246,20119,2011,13.4
1508,S1294,20119,2011,271.6
1517,S1297,20119,2011,2042.41
2903,S2250,20119,2011,1301.27
2913,S2263,20119,2011,145.36
2918,S2288,20119,2011,132.3
1489,S1269,20119,2011,1653.44
2929,S2290,20119,2011,22.1
2936,S23,20119,2011,52.37
1456,S1250,20119,2011,651.2
1475,S1265,20119,2011,265.12
1403,S120,20119,2011,58.0
1604,S1364,20119,2011,1657.8400000000001
1612,S1368,20119,2011,338.31
1613,S1370,20119,2011,50.0
1622,S1378,20119,2011,670.47
1630,S1387,20119,2011,114.08
1633,S1388,20119,2011,265.32
2854,S220,20119,2011,220.64999999999998
2699,S2061,20119,2011,1151.76
2706,S2070,20119,2011,113.42
2711,S2072,20119,2011,132.74
1824,S149,20119,2011,396.85
1534,S1320,20119,2011,142.92
1541,S1322,20119,2011,928.35
2874,S2219,20119,2011,107.03
2885,S2228,20119,2011,10.25
2886,S2245,20119,2011,178.36
2808,S2176,20119,2011,409.27
2818,S2177,20119,2011,1604.58
1648,S1392,20119,2011,1288.43
1656,S1402,20119,2011,976.06
1666,S1412,20119,2011,8244.72
1796,S1480,20119,2011,47.7
1801,S1482,20119,2011,56.65
1815,S1487,20119,2011,768.41
1572,S1348,20119,2011,678.12
1577,S1350,20119,2011,162.81
1585,S1354,20119,2011,154.94
2828,S2179,20119,2011,1401.0900000000001
2829,S2182,20119,2011,178.36
2837,S2191,20119,2011,94.56
2845,S2193,20119,2011,3757.51
1594,S1361,20119,2011,6780.73
3728,s3,20119,2011,103.2
3734,s47,20119,2011,238.59
212,1504,20119,2011,1279.6
221,1506,20119,2011,2109.8
229,1512,20119,2011,221.54
235,1515,20119,2011,1088.5
242,1522,20119,2011,3858.0
2400,S1816,20119,2011,151.39999999999998
2408,S1818,20119,2011,2756.7999999999997
2302,S1739,20119,2011,306.52
2307,S1748,20119,2011,789.29
2318,S1754,20119,2011,2417.26
191,140,20119,2011,204.0
3745,s654,20119,2011,2809.1
196,1408,20119,2011,19660.0
3755,s828,20119,2011,498.37000000000006
2358,S1775,20119,2011,217.5
2350,S1772,20119,2011,519.16
2341,S1759,20119,2011,128.7
53,1079,20119,2011,3394.48
98,115,20119,2011,864.56
2335,S1756,20119,2011,450.0
132,1225,20119,2011,10380.05
122,121,20119,2011,2480.0
43,1065,20119,2011,995.65
6,100,20119,2011,1617.95
76,1119,20119,2011,4652.02
106,1160,20119,2011,1.98
112,1186,20119,2011,1393.0
6767,S1957,20121,2012,184.54
3856,11,20121,2012,258.5
5655,S1370,20121,2012,173.16
6462,S1756,20121,2012,575.5
6454,S1755,20121,2012,552.5
5257,S1123,20121,2012,143.12
5687,S1390,20121,2012,0.0
5692,S1392,20121,2012,246.0
3838,1079,20121,2012,1569.14
3850,1082,20121,2012,1505.25
7155,S2191,20121,2012,58.8
4304,1827,20121,2012,634.51
6445,S1754,20121,2012,367.24
6416,S1739,20121,2012,2582.17
5679,S1388,20121,2012,612.0
5967,S1504,20121,2012,725.54
5504,S128,20121,2012,124.98
5018,81,20121,2012,2741.7400000000002
7183,S2201,20121,2012,12.5
7186,S2202,20121,2012,32.4
6742,S1940,20121,2012,310.86
6735,S1939,20121,2012,2615.0
7166,S2193,20121,2012,448.04999999999995
6753,S1952,20121,2012,247.5
7934,S908,20121,2012,67.58
7941,S917,20121,2012,129.05
5268,S1135,20121,2012,182.3
5235,S1106,20121,2012,46.0
8262,s962,20121,2012,2387.9
8253,s828,20121,2012,463.23
8258,s83,20121,2012,299.89
4181,1704,20121,2012,2256.0
7234,S2246,20121,2012,315.55
7114,S2176,20121,2012,765.38
7120,S2177,20121,2012,1687.32
3826,1065,20121,2012,764.45
3880,112,20121,2012,2952.0
3890,1130,20121,2012,12311.57
3869,1119,20121,2012,375.58000000000004
6834,S1993,20121,2012,559.25
5305,S1155,20121,2012,179.42
6851,S2004,20121,2012,9700.82
4521,323,20121,2012,0.0
4529,327,20121,2012,780.6
4535,328,20121,2012,5626.8
7855,S84,20121,2012,197.15
7865,S852,20121,2012,223.18
5625,S1361,20121,2012,3662.02
7292,S231,20121,2012,252.1
7297,S2313,20121,2012,17.0
7260,S2256,20121,2012,160.64
4327,1850,20121,2012,383.1
7242,S2250,20121,2012,2058.06
7254,S2252,20121,2012,34.739999999999995
4507,30,20121,2012,1882.96
4519,311,20121,2012,32.78
4715,441,20121,2012,619.11
5183,S1011,20121,2012,786.6600000000001
5274,S1140,20121,2012,4215.76
4148,1652,20121,2012,2743.98
4206,1718,20121,2012,3348.46
4672,417,20121,2012,111.0
4678,424,20121,2012,320.0
7950,S925,20121,2012,57.53
4344,1863,20121,2012,6296.07
5637,S1364,20121,2012,745.8699999999999
3902,1144,20121,2012,346.8
3908,116,20121,2012,0.0
5604,S1348,20121,2012,1499.56
5711,S1412,20121,2012,9461.91
7960,S940,20121,2012,114.6
7997,S97,20121,2012,1071.53
8005,S987,20121,2012,435.1
6001,S1521,20121,2012,1246.69
7837,S828,20121,2012,3228.42
3983,1341,20121,2012,436.65
5478,S1265,20121,2012,702.09
4483,262,20121,2012,0.0
3816,106,20121,2012,260.38
6474,S1759,20121,2012,230.7
4336,1856,20121,2012,434.4
5757,S1440,20121,2012,22.23
3807,1058,20121,2012,5094.23
7849,S832,20121,2012,49.2
7850,S837,20121,2012,137.9
7818,S816,20121,2012,295.45000000000005
7828,S824,20121,2012,100.22
6015,S1523,20121,2012,47.41
6021,S1524,20121,2012,0.0
7976,S962,20121,2012,8616.210000000001
4703,440,20121,2012,128.91
4548,338,20121,2012,225.21
5723,S1425,20121,2012,51.5
5728,S143,20121,2012,40.0
5739,S1436,20121,2012,864.21
5702,S1402,20121,2012,1135.92
7092,S2158,20121,2012,269.88
7100,S2161,20121,2012,209.0
4562,342,20121,2012,1803.29
5900,S1485,20121,2012,298.85999999999996
5902,S1486,20121,2012,416.0
5905,S1487,20121,2012,1418.62
3976,131,20121,2012,668.4
6030,S1527,20121,2012,3384.2999999999997
6042,S1528,20121,2012,522.5
6900,S2030,20121,2012,218.42000000000002
6868,S2014,20121,2012,6174.71
5322,S116,20121,2012,376.0
4119,1607,20121,2012,1138.8500000000001
6408,S1738,20121,2012,3321.15
6392,S1736,20121,2012,14775.51
6404,S1737,20121,2012,294.2
4227,1728,20121,2012,0.0
4230,1729,20121,2012,478.8
4735,447,20121,2012,474.84000000000003
7797,S78,20121,2012,228.38
8026,s0001,20121,2012,0.0
4218,1726,20121,2012,136.6
6646,S189,20121,2012,125.0
6647,S1892,20121,2012,474.3
6375,S1727,20121,2012,346.5
6378,S173,20121,2012,542.16
4964,767,20121,2012,1359.43
4976,771,20121,2012,37.08
6379,S1730,20121,2012,6515.0599999999995
5765,S1441,20121,2012,71.47999999999999
4985,791,20121,2012,285.89
4998,801,20121,2012,35501.8
6591,S1859,20121,2012,692.13
8241,s654,20121,2012,796.64
3784,1008,20121,2012,49.76
3785,1028,20121,2012,6909.22
3795,1039,20121,2012,17045.0
3909,1160,20121,2012,21745.540000000005
5616,S1354,20121,2012,1489.16
5769,S1442,20121,2012,530.98
4070,1522,20121,2012,3040.0
4073,1540,20121,2012,21387.0
5359,S1182,20121,2012,47.5
5366,S1186,20121,2012,5817.5
7279,S2290,20121,2012,670.11
7283,S23,20121,2012,151.76
4947,75,20121,2012,13430.93
7311,S2322,20121,2012,653.41
5488,S1267,20121,2012,248.63
5492,S1269,20121,2012,3064.0099999999998
3991,1351,20121,2012,883.99
7772,S763,20121,2012,348.6
7764,S750,20121,2012,143.48
6632,S1873,20121,2012,805.08
5209,S1024,20121,2012,163.85999999999999
8032,s1075,20121,2012,402.84000000000003
8011,S995,20121,2012,3178.49
6658,S1894,20121,2012,160.5
6661,S19,20121,2012,1153.0
6625,S1871,20121,2012,141.16
4010,136,20121,2012,49.66
6058,S1539,20121,2012,602.88
6606,S1868,20121,2012,629.28
6614,S1869,20121,2012,421.12
6331,S1702,20121,2012,2309.84
7338,S236,20121,2012,2763.57
5352,S118,20121,2012,346.0
4103,16,20121,2012,86.13
4281,1803,20121,2012,2063.9
4292,1819,20121,2012,5265.1
5067,90,20121,2012,788.0
6505,S1784,20121,2012,94.98
6513,S1790,20121,2012,75.84
5348,S1178,20121,2012,136.92
7356,S24,20121,2012,210.59
7322,S2341,20121,2012,594.32
7333,S2358,20121,2012,2015.8
5559,S1322,20121,2012,1246.38
3772,100,20121,2012,722.75
6602,S1861,20121,2012,489.71000000000004
5056,85,20121,2012,239.16
6353,S171,20121,2012,101.32000000000001
6361,S1721,20121,2012,17376.07
6343,S1706,20121,2012,18.0
8023,ir2222,20121,2012,0.0
5925,S1492,20121,2012,155.62
4655,400,20121,2012,2486.2
7744,S745,20121,2012,61.7
7747,S749,20121,2012,343.7
4473,257,20121,2012,345.25
6093,S1546,20121,2012,241.91
6101,S1548,20121,2012,300.92
7729,S724,20121,2012,568.12
4779,480,20121,2012,120.0
4780,487,20121,2012,142.08
4936,67,20121,2012,31.5
7416,S287,20121,2012,13.0
7408,S267,20121,2012,48.75
4111,1602,20121,2012,217.13
6529,S1807,20121,2012,348.15
8235,s464,20121,2012,44.1
4783,490,20121,2012,26.01
6074,S1540,20121,2012,1992.19
6083,S1542,20121,2012,442.46999999999997
4751,462,20121,2012,186.9
8062,s140,20121,2012,614.75
5534,S1297,20121,2012,953.75
8222,s3,20121,2012,222.13
5784,S1446,20121,2012,6742.12
5792,S1448,20121,2012,77.43
6538,S1809,20121,2012,1917.0
6542,S1813,20121,2012,595.09
5406,S1198,20121,2012,219.5
5401,S1193,20121,2012,183.0
5382,S1190,20121,2012,3118.5
7064,S2143,20121,2012,10.03
4368,1895,20121,2012,277.15999999999997
4371,1898,20121,2012,387.0
3930,12000,20121,2012,171.9
5200,S1022,20121,2012,93.68
5157,S0001,20121,2012,0.0
6117,S1553,20121,2012,153.26
7731,S73,20121,2012,1823.12
7709,S717,20121,2012,893.9300000000001
7717,S723,20121,2012,607.2600000000001
6126,S1558,20121,2012,42.620000000000005
4361,1882,20121,2012,672.62
4924,628,20121,2012,28846.12
7429,S3,20121,2012,1264.45
7441,S312,20121,2012,877.74
3941,1225,20121,2012,5550.24
7660,S655,20121,2012,30.12
4812,507,20121,2012,771.6200000000001
4462,255,20121,2012,835.13
5296,S1145,20121,2012,1535.06
6933,S2050,20121,2012,1132.43
6905,S2037,20121,2012,1065.41
7686,S67,20121,2012,2305.62
4253,1758,20121,2012,1457.4
5169,S100,20121,2012,162.5
4134,1616,20121,2012,47926.06
4680,430,20121,2012,0.0
4689,431,20121,2012,2497.09
3939,121,20121,2012,0.0
4580,352,20121,2012,4418.91
4381,1903,20121,2012,665.51
5550,S1316,20121,2012,0.0
5523,S1296,20121,2012,248.46
8189,s2276,20121,2012,296.9
4194,1712,20121,2012,1302.0
6142,S1575,20121,2012,2873.9
8088,s149,20121,2012,700.0
8047,s118,20121,2012,0.0
8049,s1212,20121,2012,340.05
6682,S1916,20121,2012,1285.52
5227,S1104,20121,2012,256.62
7082,S2150,20121,2012,307.16
7048,S2133,20121,2012,621.22
6294,S1694,20121,2012,286.4
7388,S249,20121,2012,143.44
7453,S318,20121,2012,66.89
8202,s236,20121,2012,927.2
5571,S1325,20121,2012,2882.7200000000003
8106,s174,20121,2012,324.7
5885,S1480,20121,2012,1086.49
5454,S1222,20121,2012,389.15
6171,S1588,20121,2012,480.94
5092,IR13,20121,2012,105.93
6162,S158,20121,2012,17.0
4013,1368,20121,2012,1713.98
4019,1408,20121,2012,19160.0
7636,S646,20121,2012,353.75
3924,1187,20121,2012,2952.0
8180,s2261,20121,2012,560.0
8181,s2265,20121,2012,3752.8900000000003
4571,349,20121,2012,1256.0
4899,58,20121,2012,0.0
4402,1931,20121,2012,0.0
7648,S654,20121,2012,10577.41
5468,S1247,20121,2012,98.34
5472,S125,20121,2012,106.5
8072,s1412,20121,2012,1097.8200000000002
6178,S1594,20121,2012,64.78999999999999
6185,S1600,20121,2012,706.6899999999999
7032,S2111,20121,2012,12.0
7033,S2116,20121,2012,352.4
7005,S2090,20121,2012,143.48
4052,1506,20121,2012,1009.8
5417,S120,20121,2012,122.5
7468,S33,20121,2012,350.0
7469,S34,20121,2012,93.28
6305,S1696,20121,2012,715.32
7603,S540,20121,2012,189.88
7604,S551,20121,2012,563.6
7615,S607,20121,2012,1053.16
4448,226,20121,2012,17.98
7587,S512,20121,2012,125.28
4421,2,20121,2012,0.0
4431,2011,20121,2012,326.43
5858,S1467,20121,2012,0.0
5874,S1478,20121,2012,209.62
6806,S1981,20121,2012,39.69
6288,S1686,20121,2012,188.54
6257,S1664,20121,2012,93.8
7504,S458,20121,2012,193.1
5419,S1203,20121,2012,0.0
4393,1921,20121,2012,11.38
4398,1923,20121,2012,7675.0
5286,S1141,20121,2012,202.8
4160,1669,20121,2012,780.8
6196,S1611,20121,2012,221.5
6199,S1612,20121,2012,72.74000000000001
5840,S1458,20121,2012,42.620000000000005
5841,S1459,20121,2012,1262.25
7576,S486,20121,2012,210.96
7566,S480,20121,2012,483.64
7545,S474,20121,2012,180.33999999999997
4598,356,20121,2012,96.7
8148,s2004,20121,2012,246.32
6266,S1672,20121,2012,42.5
7470,S361,20121,2012,70.41
7483,S42,20121,2012,1194.58
6275,S1673,20121,2012,303.0
6194,S1608,20121,2012,75.0
5077,99,20121,2012,915.6
6942,S2061,20121,2012,431.32
5120,IR4,20121,2012,248.6
7578,S498,20121,2012,97.46000000000001
4887,563,20121,2012,1680.8
4851,526,20121,2012,1241.95
6784,S1968,20121,2012,237.5
6789,S1971,20121,2012,838.46
4040,1504,20121,2012,1781.63
5434,S1212,20121,2012,2079.54
6239,S1643,20121,2012,174.65
6246,S1644,20121,2012,0.0
6676,S1912,20121,2012,48.75
5244,S1111,20121,2012,0.0
5817,S1454,20121,2012,61.54
6808,S1982,20121,2012,1467.34
6231,S1637,20121,2012,37.78
4631,388,20121,2012,1801.6399999999999
6774,S1962,20121,2012,159.23
8116,s1849,20121,2012,269.78000000000003
8121,s1873,20121,2012,2349.06
8095,s15,20121,2012,0.0
8099,s171,20121,2012,444.5
4616,374,20121,2012,26679.6
4618,377,20121,2012,1596.0
8161,s2022,20121,2012,12.5
8136,s19,20121,2012,216.0
6697,S1926,20121,2012,633.93
7525,S470,20121,2012,345.42
7533,S471,20121,2012,58.0
4266,1783,20121,2012,3180.0
4271,1793,20121,2012,3053.57
5939,S1498,20121,2012,102.86
3955,1247,20121,2012,585.12
3961,1270,20121,2012,57.91
3964,13,20121,2012,624.95
8140,s1977,20121,2012,74.5
6555,S1818,20121,2012,1059.27
4406,1938,20121,2012,840.2
4410,1941,20121,2012,1770.0
4416,1995,20121,2012,1174.5
7492,S435,20121,2012,489.67
6982,S2081,20121,2012,587.28
6995,S2085,20121,2012,700.3199999999999
6965,S2072,20121,2012,1533.56
5446,S1219,20121,2012,956.94
5849,S1462,20121,2012,161.9
6226,S1632,20121,2012,31.12
7208,S2218,20121,2012,326.18
7215,S2219,20121,2012,228.74
5044,84,20121,2012,2827.9
4316,1830,20121,2012,88.94
5030,819,20121,2012,131.05
5983,S1514,20121,2012,49.66
7920,S902,20121,2012,474.6
7899,S877,20121,2012,266.63
5513,S1294,20121,2012,2140.56
5947,S15,20121,2012,1996.33
5664,S1378,20121,2012,656.97
4084,1545,20121,2012,567.03
4090,1575,20121,2012,57.599999999999994
5333,S1169,20121,2012,17.47
7908,S888,20121,2012,464.7
7877,S860,20121,2012,50.16
6768,S1957,20122,2012,165.0
3857,11,20122,2012,1004.37
6455,S1755,20122,2012,637.7
5688,S1390,20122,2012,53.5
8259,s83,20122,2012,259.58
5660,S1376,20122,2012,377.7
7167,S2193,20122,2012,1345.98
7156,S2191,20122,2012,52.2
6446,S1754,20122,2012,466.7
6417,S1739,20122,2012,93.94
5968,S1504,20122,2012,2282.77
3956,1247,20122,2012,274.35
4667,409,20122,2012,140.42
6551,S1816,20122,2012,59.56
6556,S1818,20122,2012,3079.5
4407,1938,20122,2012,0.0
7518,S464,20122,2012,12.5
7493,S435,20122,2012,531.48
4028,1411,20122,2012,64.67
6983,S2081,20122,2012,56.39
6996,S2085,20122,2012,150.26
6966,S2072,20122,2012,319.5
5447,S1219,20122,2012,396.9
6567,S182,20122,2012,145.31
6575,S185,20122,2012,849.73
5842,S1459,20122,2012,32.4
6232,S1637,20122,2012,65.16
4629,384,20122,2012,0.0
4632,388,20122,2012,3051.56
5875,S1478,20122,2012,595.63
8110,s177,20122,2012,3547.76
8115,s181,20122,2012,107.74
8122,s1873,20122,2012,4638.66
8089,s149,20122,2012,21.5
5854,S1464,20122,2012,6670.629999999999
4619,377,20122,2012,1780.0
8162,s2022,20122,2012,353.14
6775,S1962,20122,2012,363.6
6690,S1919,20122,2012,954.9
6698,S1926,20122,2012,604.08
7526,S470,20122,2012,12.5
7534,S471,20122,2012,281.8
7511,S462,20122,2012,10.43
5104,IR23,20122,2012,1000.0
4262,1769,20122,2012,4626.55
4272,1793,20122,2012,991.9300000000001
5076,947,20122,2012,125.86000000000001
7552,S476,20122,2012,117.47
7556,S479,20122,2012,152.14
6943,S2061,20122,2012,640.63
5142,IR66,20122,2012,75.43
5113,IR38,20122,2012,0.0
5121,IR4,20122,2012,460.47999999999996
4888,563,20122,2012,1796.5
4852,526,20122,2012,1406.97
6790,S1971,20122,2012,6327.37
5078,99,20122,2012,9373.98
5435,S1212,20122,2012,1715.63
6240,S1643,20122,2012,131.48000000000002
6247,S1644,20122,2012,331.2
6253,S165,20122,2012,61.7
6662,S19,20122,2012,37.77
4581,352,20122,2012,8655.41
4591,353,20122,2012,125.5
5818,S1454,20122,2012,398.02
6809,S1982,20122,2012,598.04
5287,S1141,20122,2012,188.54
4161,1669,20122,2012,1066.32
4171,1671,20122,2012,484.44
7542,S473,20122,2012,143.48
7546,S474,20122,2012,227.06
5829,S1455,20122,2012,72.74000000000001
8149,s2004,20122,2012,63.0
6261,S1668,20122,2012,966.8
6265,S1670,20122,2012,101.65
6267,S1672,20122,2012,702.6
7011,S21,20122,2012,383.1
7477,S40,20122,2012,76.66
6276,S1673,20122,2012,163.15
6277,S1674,20122,2012,299.88
6284,S1679,20122,2012,254.12
7599,S535,20122,2012,163.1
7605,S551,20122,2012,847.8
6172,S1588,20122,2012,256.58000000000004
6139,S157,20122,2012,417.48
5869,S1473,20122,2012,223.94
6258,S1664,20122,2012,668.64
4041,1504,20122,2012,4662.540000000001
7499,S453,20122,2012,20.75
7505,S458,20122,2012,89.6
5420,S1203,20122,2012,568.51
4382,1903,20122,2012,175.2
6306,S1696,20122,2012,1256.0
4900,58,20122,2012,944.47
7645,S648,20122,2012,1406.35
7649,S654,20122,2012,17378.13
7616,S607,20122,2012,4122.74
7627,S637,20122,2012,42.620000000000005
7632,S639,20122,2012,0.0
6201,S1613,20122,2012,81.9
6214,S1617,20122,2012,193.98
6179,S1594,20122,2012,397.16999999999996
6186,S1600,20122,2012,1707.18
6191,S1602,20122,2012,244.9
7026,S2110,20122,2012,249.46999999999997
4053,1506,20122,2012,1100.0
6295,S1694,20122,2012,547.12
7454,S318,20122,2012,2757.81
5572,S1325,20122,2012,826.55
8101,s1721,20122,2012,23.0
5886,S1480,20122,2012,771.0699999999999
5455,S1222,20122,2012,308.8
5100,IR2222,20122,2012,0.0
6151,S1579,20122,2012,1899.6
4017,140,20122,2012,77.3
4020,1408,20122,2012,19160.0
3925,1187,20122,2012,450.23
8182,s2265,20122,2012,460.49
4572,349,20122,2012,501.55
5524,S1296,20122,2012,565.16
8190,s2276,20122,2012,269.68
5245,S1111,20122,2012,0.0
4791,494,20122,2012,0.0
6143,S1575,20122,2012,1131.72
7640,S647,20122,2012,43.730000000000004
7687,S67,20122,2012,360.23
7698,S685,20122,2012,37.5
7671,S656,20122,2012,916.27
4175,170,20122,2012,5632.530000000001
6801,S1979,20122,2012,12.5
8073,s1412,20122,2012,266.58
8048,s121,20122,2012,74.39
8050,s1212,20122,2012,57.46
8100,s171,20122,2012,642.4
4195,1712,20122,2012,6713.82
5221,S1069,20122,2012,87.97
7046,S213,20122,2012,230.0
7049,S2133,20122,2012,269.0
7389,S249,20122,2012,977.8299999999999
7371,S243,20122,2012,586.16
7430,S3,20122,2012,5763.16
7442,S312,20122,2012,205.76
3942,1225,20122,2012,6124.7
7661,S655,20122,2012,858.24
4813,507,20122,2012,180.0
4463,255,20122,2012,403.33
7730,S724,20122,2012,441.06
5297,S1145,20122,2012,459.76
6934,S2050,20122,2012,1483.07
6906,S2037,20122,2012,318.2
4790,493,20122,2012,4564.12
7718,S723,20122,2012,819.0
4254,1758,20122,2012,2306.3
5158,S0001,20122,2012,0.0
4120,1607,20122,2012,11336.37
4135,1616,20122,2012,9406.0
8059,s13,20122,2012,169.7
4681,430,20122,2012,3583.5
4690,431,20122,2012,132.89
3931,12000,20122,2012,91.6
6316,S1699,20122,2012,106.8
5407,S1198,20122,2012,824.94
5402,S1193,20122,2012,157.82
7065,S2143,20122,2012,127.32
7072,S2144,20122,2012,75.21000000000001
5057,85,20122,2012,126.54
4369,1895,20122,2012,25.47
4372,1898,20122,2012,256.4
4911,59,20122,2012,406.5
4959,752,20122,2012,1535.13
5210,S1024,20122,2012,1623.22
5132,IR52,20122,2012,929.74
5139,IR63,20122,2012,210.91
6130,S156,20122,2012,306.44
6092,S1543,20122,2012,160.1
7708,S71,20122,2012,79.79
7710,S717,20122,2012,245.68
6123,S1557,20122,2012,125.28
4925,628,20122,2012,176905.78
5383,S1190,20122,2012,910.14
7413,S284,20122,2012,92.25
7417,S287,20122,2012,98.43
7409,S267,20122,2012,100.52
4104,16,20122,2012,135.4
6530,S1807,20122,2012,37.8
5228,S1104,20122,2012,209.3
8211,s26,20122,2012,65.0
4784,490,20122,2012,80.15
4788,492,20122,2012,159.44
6075,S1540,20122,2012,5002.08
4752,462,20122,2012,2221.38
7755,S75,20122,2012,720.0
5173,S1005,20122,2012,100.52
4656,400,20122,2012,3347.6
8063,s140,20122,2012,1635.8300000000002
5906,S1487,20122,2012,371.59
5535,S1297,20122,2012,5.5
5805,S1452,20122,2012,156.1
5810,S1453,20122,2012,140.66
5785,S1446,20122,2012,67.00999999999999
7357,S24,20122,2012,318.53
6355,S1712,20122,2012,32.06
6362,S1721,20122,2012,7406.97
6344,S1706,20122,2012,90.0
5916,S1488,20122,2012,264.4
7767,S751,20122,2012,263.35
6084,S1542,20122,2012,577.89
6094,S1546,20122,2012,267.32
6112,S1551,20122,2012,231.34
4937,67,20122,2012,203.03
7339,S236,20122,2012,1333.85
5349,S1179,20122,2012,102.65
4098,158,20122,2012,144.85
7298,S2313,20122,2012,3.75
7303,S2316,20122,2012,70.24000000000001
4355,1871,20122,2012,11361.5
4282,1803,20122,2012,76.24
4293,1819,20122,2012,4238.27
6506,S1784,20122,2012,951.64
6512,S179,20122,2012,123.78
6521,S180,20122,2012,208.4
6490,S177,20122,2012,3538.29
5367,S1186,20122,2012,2646.23
7323,S2341,20122,2012,458.5
3773,100,20122,2012,892.9
7787,S777,20122,2012,80.82
6053,S1537,20122,2012,1792.05
5493,S1269,20122,2012,7055.45
7748,S749,20122,2012,136.2
8040,s110,20122,2012,488.69
8012,S995,20122,2012,1909.06
6626,S1871,20122,2012,5.67
7780,S766,20122,2012,202.46
3992,1351,20122,2012,603.63
4003,1354,20122,2012,1529.47
4474,257,20122,2012,0.0
6917,S2041,20122,2012,2090.79
6607,S1868,20122,2012,326.0
6592,S1859,20122,2012,482.17
8242,s654,20122,2012,1001.87
8233,s40,20122,2012,9.96
3808,1058,20122,2012,765.54
3786,1028,20122,2012,27852.0
3796,1039,20122,2012,22133.8
3910,1160,20122,2012,10662.849999999999
3917,1186,20122,2012,1273.0
5583,S1334,20122,2012,380.65
5595,S1341,20122,2012,12.5
5560,S1322,20122,2012,861.2
5770,S1442,20122,2012,162.72
5353,S118,20122,2012,632.02
7316,S2327,20122,2012,63.86
7320,S2334,20122,2012,193.75
4948,75,20122,2012,24529.54
6372,S1723,20122,2012,412.05
6374,S1724,20122,2012,66.12
6879,S2018,20122,2012,327.25
4231,1729,20122,2012,586.26
4729,446,20122,2012,5156.0
4736,447,20122,2012,3928.3199999999997
7811,S799,20122,2012,906.6
8024,ir2222,20122,2012,0.0
4207,1718,20122,2012,126.8
6648,S1892,20122,2012,846.31
6376,S1727,20122,2012,111.0
4965,767,20122,2012,1163.28
6380,S1730,20122,2012,5379.42
4986,791,20122,2012,4551.26
7093,S2158,20122,2012,765.84
4112,1602,20122,2012,0.0
4549,338,20122,2012,28.13
4555,340,20122,2012,17.98
5933,S1495,20122,2012,48.75
5897,S1482,20122,2012,41.18
6059,S1539,20122,2012,4136.66
6031,S1527,20122,2012,3840.8199999999997
6884,S2024,20122,2012,1468.91
6496,S1772,20122,2012,142.36
6499,S1774,20122,2012,342.65
6409,S1738,20122,2012,353.15
6393,S1736,20122,2012,15143.66
7277,S2289,20122,2012,232.54
5758,S1440,20122,2012,92.45
5740,S1436,20122,2012,175.1
5744,S1437,20122,2012,156.1
4492,273,20122,2012,58.05
7851,S837,20122,2012,419.05
7819,S816,20122,2012,30.2
7798,S78,20122,2012,1107.1
7988,S964,20122,2012,317.83
7977,S962,20122,2012,12389.59
4704,440,20122,2012,1706.83
3891,1130,20122,2012,13815.29
5732,S1432,20122,2012,861.98
5701,S140,20122,2012,1406.56
4345,1863,20122,2012,51757.35999999999
3839,1079,20122,2012,1398.0600000000002
5712,S1412,20122,2012,5646.6
7965,S941,20122,2012,85.54
7866,S852,20122,2012,277.62
6002,S1521,20122,2012,259.68
7838,S828,20122,2012,2799.46
3982,1320,20122,2012,2939.45
3984,1341,20122,2012,461.22
5473,S125,20122,2012,106.5
4484,262,20122,2012,1086.03
6475,S1759,20122,2012,110.11
6482,S176,20122,2012,3852.62
4999,801,20122,2012,2758.52
7261,S2256,20122,2012,177.54
5045,84,20122,2012,1481.8
4328,1850,20122,2012,916.46
7243,S2250,20122,2012,2024.58
7255,S2252,20122,2012,272.24
4508,30,20122,2012,933.73
4716,441,20122,2012,1802.27
5184,S1011,20122,2012,743.1999999999999
4149,1652,20122,2012,14895.0
5999,S1520,20122,2012,396.6
4563,342,20122,2012,2456.63
7235,S2246,20122,2012,42.0
7216,S2219,20122,2012,156.66
7220,S2221,20122,2012,121.25
7105,S2166,20122,2012,2651.7
7108,S2170,20122,2012,103.18
7121,S2177,20122,2012,473.1
3817,106,20122,2012,325.36
3827,1065,20122,2012,388.25
3881,112,20122,2012,4021.0
6820,S1983,20122,2012,263.28
5306,S1155,20122,2012,570.08
6842,S1994,20122,2012,146.82
7892,S869,20122,2012,105.25
7856,S84,20122,2012,190.82
7863,S840,20122,2012,0.0
4499,297,20122,2012,714.78
4505,3,20122,2012,5160.0
3870,1119,20122,2012,574.2
5626,S1361,20122,2012,5303.88
5675,S1380,20122,2012,191.02
6430,S1750,20122,2012,371.48
7198,S2206,20122,2012,24.15
4305,1827,20122,2012,1051.62
4317,1830,20122,2012,166.82
5031,819,20122,2012,7185.0
5040,829,20122,2012,3982.5
7131,S2179,20122,2012,1178.8
5977,S1505,20122,2012,312.0
7915,S90,20122,2012,490.25
7921,S902,20122,2012,3784.24
7898,S870,20122,2012,102.86
7900,S877,20122,2012,193.88
5962,S1502,20122,2012,279.0
5275,S1140,20122,2012,2498.79
5514,S1294,20122,2012,462.28
5948,S15,20122,2012,594.14
6852,S2004,20122,2012,8280.779999999999
6835,S1993,20122,2012,798.3100000000001
5638,S1364,20122,2012,400.89
5648,S1367,20122,2012,271.6
4087,1556,20122,2012,137.0
4091,1575,20122,2012,92.16
7194,S2205,20122,2012,88.0
4536,328,20122,2012,9265.619999999999
7909,S888,20122,2012,39.5
7878,S860,20122,2012,100.24
5505,S128,20122,2012,450.0
5019,81,20122,2012,2611.79
7184,S2201,20122,2012,187.44
7187,S2202,20122,2012,126.36000000000001
5334,S1169,20122,2012,341.96
5345,S1173,20122,2012,94.68
6437,S1751,20122,2012,105.94
4182,1704,20122,2012,2246.05
5659,S1374,20122,2012,107.84
6754,S1952,20122,2012,580.33
6463,S1756,20122,2012,493.5
3965,13,20122,2012,78.78
7944,S921,20122,2012,15.37
5236,S1106,20122,2012,22.0
6743,S1940,20122,2012,674.0
8263,s962,20122,2012,10476.23
5237,S1106,20123,2012,43.2
5265,S1128,20123,2012,537.53
6744,S1940,20123,2012,528.6
6769,S1957,20123,2012,120.66
3868,111,20123,2012,0.0
3858,11,20123,2012,249.4
5649,S1367,20123,2012,264.06
5258,S1123,20123,2012,151.35
4183,1704,20123,2012,4520.9
6712,S193,20123,2012,1009.14
6722,S1932,20123,2012,251.86
6761,S1956,20123,2012,641.2
8260,s83,20123,2012,398.5
7935,S908,20123,2012,153.5
7932,S907,20123,2012,255.5
3957,1247,20123,2012,68.44
3953,1245,20123,2012,67.6
5940,S1498,20123,2012,791.25
5969,S1504,20123,2012,570.0
5966,S1503,20123,2012,729.75
7922,S902,20123,2012,4263.47
7916,S90,20123,2012,536.8
5980,S151,20123,2012,47.870000000000005
7885,S866,20123,2012,83.72
4691,431,20123,2012,2495.52
4537,328,20123,2012,2486.4
4522,323,20123,2012,195.76
4520,311,20123,2012,0.0
6843,S20,20123,2012,137.1
5307,S1155,20123,2012,114.6
6829,S1984,20123,2012,341.5
6821,S1983,20123,2012,67.28
6853,S2004,20123,2012,14914.64
5949,S15,20123,2012,1253.28
5512,S1292,20123,2012,77.38
5276,S1140,20123,2012,1885.42
4150,1652,20123,2012,620.0
5193,S1016,20123,2012,349.94
5185,S1011,20123,2012,55.72
5176,S1008,20123,2012,3649.19
4232,1729,20123,2012,239.39999999999998
4509,30,20123,2012,1575.72
6003,S1521,20123,2012,229.0
5479,S1265,20123,2012,1049.74
7867,S852,20123,2012,710.7099999999999
8006,S987,20123,2012,561.3
7961,S940,20123,2012,200.5
4679,425,20123,2012,489.68
4675,423,20123,2012,3241.5
4144,1639,20123,2012,1215.75
5312,S1156,20123,2012,337.55
4717,441,20123,2012,1550.57
5992,S1518,20123,2012,102.9
5989,S1516,20123,2012,32.54
6022,S1524,20123,2012,718.78
6016,S1523,20123,2012,320.8
7829,S824,20123,2012,74.22
7820,S816,20123,2012,95.0
7839,S828,20123,2012,743.78
4485,262,20123,2012,2370.01
4763,471,20123,2012,264.02
4756,463,20123,2012,80.16
3985,1341,20123,2012,488.16
3966,13,20123,2012,454.36
7799,S78,20123,2012,462.72
4705,440,20123,2012,2479.0
7978,S962,20123,2012,38737.41
6043,S1529,20123,2012,236.52
4493,273,20123,2012,29.77
4228,1728,20123,2012,795.66
6869,S2014,20123,2012,449.79
6865,S2009,20123,2012,67.00999999999999
6885,S2024,20123,2012,281.48
7781,S766,20123,2012,83.88
6032,S1527,20123,2012,2649.18
6060,S1539,20123,2012,3955.64
3993,1351,20123,2012,550.76
6627,S1871,20123,2012,35.28
6649,S1892,20123,2012,257.62
4219,1726,20123,2012,819.6
4208,1718,20123,2012,1416.42
7989,S964,20123,2012,177.49
7768,S751,20123,2012,711.79
5494,S1269,20123,2012,5421.39
6054,S1537,20123,2012,451.5
6070,S154,20123,2012,595.08
7788,S777,20123,2012,43.739999999999995
6593,S1859,20123,2012,546.09
6586,S1858,20123,2012,61.3
6619,S187,20123,2012,1534.5
6608,S1868,20123,2012,254.34
6918,S2041,20123,2012,1126.8
7741,S743,20123,2012,1122.85
5928,S1494,20123,2012,41146.35
5927,S1493,20123,2012,30.33
8013,S995,20123,2012,36.25
8033,s1075,20123,2012,98.5
8041,s110,20123,2012,540.92
6641,S1883,20123,2012,78.7
7756,S75,20123,2012,820.39
7749,S749,20123,2012,399.73
4753,462,20123,2012,1736.28
6076,S1540,20123,2012,2715.09
4787,491,20123,2012,174.3
6107,S1550,20123,2012,34.6
6095,S1546,20123,2012,148.73000000000002
6113,S1551,20123,2012,57.55
5133,IR52,20123,2012,0.0
4172,1671,20123,2012,127.84
5201,S1022,20123,2012,32.31
3926,1187,20123,2012,1438.5
5536,S1297,20123,2012,260.0
5907,S1487,20123,2012,1351.25
8064,s140,20123,2012,596.16
4657,400,20123,2012,982.0
4136,1616,20123,2012,0.0
4121,1607,20123,2012,5650.39
5159,S0001,20123,2012,0.0
7719,S723,20123,2012,684.03
4796,496,20123,2012,29.58
4795,495,20123,2012,484.8
4814,507,20123,2012,479.6
7672,S656,20123,2012,415.0
4564,342,20123,2012,3110.14
3943,1225,20123,2012,8324.85
3940,121,20123,2012,1268.4
3932,12000,20123,2012,1546.96
4682,430,20123,2012,2584.7
7688,S67,20123,2012,1733.04
6144,S1575,20123,2012,2399.85
6140,S157,20123,2012,209.82
7662,S655,20123,2012,460.78
4792,494,20123,2012,2146.0
4797,497,20123,2012,20.21
6907,S2037,20123,2012,555.25
5298,S1145,20123,2012,152.1
6957,S2070,20123,2012,443.20000000000005
6954,S2063,20123,2012,305.57
5101,IR2222,20123,2012,0.0
5122,IR4,20123,2012,0.0
5456,S1222,20123,2012,1301.93
8074,s1412,20123,2012,152.3
5881,S1479,20123,2012,1484.4
5876,S1478,20123,2012,788.24
4650,395,20123,2012,251.32
5469,S1247,20123,2012,74.9
7617,S607,20123,2012,1334.32
7650,S654,20123,2012,13092.16
7646,S648,20123,2012,376.3
7637,S646,20123,2012,1418.28
4021,1408,20123,2012,19160.0
4018,140,20123,2012,0.0
6152,S1579,20123,2012,761.62
4456,24,20123,2012,57.3
7600,S535,20123,2012,301.2
6187,S1600,20123,2012,189.98
6209,S1614,20123,2012,231.15
6202,S1613,20123,2012,309.8
4809,504,20123,2012,180.42000000000002
4805,503,20123,2012,862.4
5288,S1141,20123,2012,86.21
6810,S1982,20123,2012,2271.37
5873,S1477,20123,2012,53.76
5855,S1464,20123,2012,98.01
5887,S1480,20123,2012,1086.1599999999999
4804,502,20123,2012,647.14
4803,501,20123,2012,678.5
4823,508,20123,2012,0.0
4436,2031,20123,2012,4027.8
4432,2011,20123,2012,236.68
4422,2,20123,2012,33280.0
4417,1995,20123,2012,2464.2
7588,S512,20123,2012,3104.75
7583,S511,20123,2012,204.32
5114,IR38,20123,2012,63.54
4255,1758,20123,2012,3692.13
6944,S2061,20123,2012,686.66
7547,S474,20123,2012,311.47
7539,S472,20123,2012,212.4
7574,S485,20123,2012,189.76
8090,s149,20123,2012,1665.0
8123,s1873,20123,2012,1343.0
7593,S523,20123,2012,26.590000000000003
7557,S479,20123,2012,275.0
4853,526,20123,2012,327.53
4403,1931,20123,2012,66.78
6557,S1818,20123,2012,548.4
8141,s1977,20123,2012,100.65
8132,s1896,20123,2012,69.64
8163,s2022,20123,2012,108.3
4617,374,20123,2012,0.0
4609,373,20123,2012,0.0
6576,S185,20123,2012,4697.4
6569,S184,20123,2012,21.92
6568,S182,20123,2012,14.28
7519,S464,20123,2012,1346.74
5436,S1212,20123,2012,1521.85
6967,S2072,20123,2012,342.41999999999996
6984,S2081,20123,2012,135.09
4029,1411,20123,2012,1293.4
7494,S435,20123,2012,525.01
7484,S42,20123,2012,1163.31
7535,S471,20123,2012,122.4
7527,S470,20123,2012,12.5
7498,S45,20123,2012,492.8
6699,S1926,20123,2012,580.95
6691,S1919,20123,2012,85.1
6776,S1962,20123,2012,343.05
6773,S196,20123,2012,150.18
6791,S1971,20123,2012,917.28
5838,S1456,20123,2012,92.46
4645,393,20123,2012,584.15
4633,388,20123,2012,1029.84
6230,S1636,20123,2012,54.5
6248,S1644,20123,2012,80.61
4030,1424,20123,2012,551.0
7018,S2103,20123,2012,137.11
5068,90,20123,2012,788.0
4263,1769,20123,2012,79.8
7012,S21,20123,2012,149.22
6268,S1672,20123,2012,413.96
5830,S1455,20123,2012,436.65999999999997
5819,S1454,20123,2012,1923.6
4592,353,20123,2012,61.55
4582,352,20123,2012,2830.34
6663,S19,20123,2012,700.0
7500,S453,20123,2012,237.45
4042,1504,20123,2012,694.76
5448,S1219,20123,2012,78.33
6285,S1679,20123,2012,1005.2
6281,S1676,20123,2012,91.14
7008,S2099,20123,2012,557.0999999999999
7006,S2090,20123,2012,846.66
7000,S209,20123,2012,151.76
7027,S2110,20123,2012,52.239999999999995
7023,S2108,20123,2012,175.26
7034,S2116,20123,2012,276.84000000000003
4901,58,20123,2012,1333.82
6307,S1696,20123,2012,481.18
4889,563,20123,2012,2826.86
4383,1903,20123,2012,294.9
4573,349,20123,2012,654.72
4620,377,20123,2012,776.65
8177,s2251,20123,2012,125.28
5573,S1325,20123,2012,37.0
8193,s2311,20123,2012,1518.5
7455,S318,20123,2012,56.5
7443,S312,20123,2012,542.6
6296,S1694,20123,2012,63.379999999999995
6317,S1699,20123,2012,90.41
5384,S1190,20123,2012,56.980000000000004
7050,S2133,20123,2012,279.40999999999997
7083,S2150,20123,2012,417.24
6683,S1916,20123,2012,357.4
4196,1712,20123,2012,1304.08
5246,S1111,20123,2012,0.0
8191,s2276,20123,2012,1086.62
5525,S1296,20123,2012,677.85
7073,S2144,20123,2012,112.78
7066,S2143,20123,2012,37.39
5408,S1198,20123,2012,690.0
6324,S17,20123,2012,675.9
7431,S3,20123,2012,6833.45
7372,S243,20123,2012,747.66
7390,S249,20123,2012,276.14
7383,S247,20123,2012,179.63
7418,S287,20123,2012,471.25
4926,628,20123,2012,10841.609999999999
4949,75,20123,2012,29319.31
4919,610,20123,2012,336.08000000000004
4373,1898,20123,2012,381.15
5554,S1320,20123,2012,454.28000000000003
5791,S1447,20123,2012,12.5
5811,S1453,20123,2012,113.11
5802,S1451,20123,2012,142.01
8212,s26,20123,2012,4871.34
8236,s47,20123,2012,300.95000000000005
5229,S1104,20123,2012,263.7
7340,S236,20123,2012,3323.51
7334,S2358,20123,2012,776.22
6332,S1702,20123,2012,1316.21
4938,67,20123,2012,770.75
7358,S24,20123,2012,558.05
6345,S1706,20123,2012,217.5
6363,S1721,20123,2012,11061.53
6354,S1711,20123,2012,100.52
6491,S177,20123,2012,3263.5499999999997
6523,S1802,20123,2012,1728.0
4294,1819,20123,2012,2687.7400000000002
4283,1803,20123,2012,5229.0
3774,100,20123,2012,1845.7
3809,1058,20123,2012,66717.69
8243,s654,20123,2012,53.37
5793,S1448,20123,2012,720.38
7324,S2341,20123,2012,408.55
5368,S1186,20123,2012,1289.47
5360,S1182,20123,2012,372.15
5354,S118,20123,2012,545.0699999999999
4074,1540,20123,2012,3263.4
3797,1039,20123,2012,14151.4
5771,S1442,20123,2012,215.0
5561,S1322,20123,2012,2099.99
5584,S1334,20123,2012,325.14
5579,S1329,20123,2012,123.5
5766,S1441,20123,2012,34.06
6381,S1730,20123,2012,9411.38
4966,767,20123,2012,493.55
4359,1877,20123,2012,1997.04
4356,1871,20123,2012,1155.7
6373,S1723,20123,2012,137.35
7312,S2322,20123,2012,320.3
4977,771,20123,2012,23.61
7280,S2290,20123,2012,494.28
6394,S1736,20123,2012,10203.14
5319,S1158,20123,2012,87.54
5323,S1160,20123,2012,26.82
7094,S2158,20123,2012,719.4000000000001
7101,S2161,20123,2012,335.9
4987,791,20123,2012,4605.76
4337,1856,20123,2012,720.2
3892,1130,20123,2012,14405.4
5749,S1438,20123,2012,420.74
5741,S1436,20123,2012,53.65
5759,S1440,20123,2012,86.21
7278,S2289,20123,2012,964.04
7293,S231,20123,2012,254.85
7236,S2246,20123,2012,33.620000000000005
6483,S176,20123,2012,5204.21
6476,S1759,20123,2012,224.86
7122,S2177,20123,2012,118.5
5713,S1412,20123,2012,8431.82
5602,S1347,20123,2012,49.41
5596,S1341,20123,2012,284.82
3840,1079,20123,2012,2207.92
5610,S1349,20123,2012,290.92
5605,S1348,20123,2012,528.8000000000001
3906,115,20123,2012,5648.0
5703,S1402,20123,2012,406.85
7109,S2170,20123,2012,101.68
7106,S2166,20123,2012,1861.28
7224,S2225,20123,2012,299.64
7256,S2252,20123,2012,147.92000000000002
7244,S2250,20123,2012,2192.2799999999997
5009,805,20123,2012,2020.6
4329,1850,20123,2012,990.24
5046,84,20123,2012,685.27
7209,S2218,20123,2012,282.77
7199,S2206,20123,2012,11.65
6438,S1751,20123,2012,12.5
5676,S1380,20123,2012,58.8
5627,S1361,20123,2012,7237.39
5617,S1354,20123,2012,685.65
3828,1065,20123,2012,696.62
3818,106,20123,2012,120.15
5335,S1169,20123,2012,227.02
7188,S2202,20123,2012,452.4
7177,S220,20123,2012,131.48
5020,81,20123,2012,1265.01
7132,S2179,20123,2012,589.4
4318,1830,20123,2012,363.46000000000004
4306,1827,20123,2012,1497.83
4092,1575,20123,2012,80.64
6426,S175,20123,2012,432.5
6418,S1739,20123,2012,228.55
5639,S1364,20123,2012,34438.51
5665,S1378,20123,2012,430.06
5673,S138,20123,2012,4124.74
5689,S1390,20123,2012,82.9
5680,S1388,20123,2012,59.42
6410,S1738,20123,2012,625.15
6447,S1754,20123,2012,315.1
7157,S2191,20123,2012,52.1
7148,S2182,20123,2012,81.84
7168,S2193,20123,2012,813.13
6464,S1756,20123,2012,966.3
6759,S1955,20123,2012,0.0
3871,1119,20123,2012,3937.6800000000003
5674,S138,20124,2012,51.51
3841,1079,20124,2012,3824.83
3851,1082,20124,2012,790.0
5666,S1378,20124,2012,499.54
5640,S1364,20124,2012,11396.68
6908,S2037,20124,2012,1482.77
6886,S2024,20124,2012,132.42000000000002
6899,S203,20124,2012,337.76
6902,S2033,20124,2012,61.7
6866,S201,20124,2012,290.2
6870,S2014,20124,2012,281.05
4233,1729,20124,2012,8651.56
5088,IR11,20124,2012,0.0
6958,S2070,20124,2012,12.5
6919,S2041,20124,2012,0.0
4242,1746,20124,2012,5321.42
8142,s1977,20124,2012,100.65
4634,388,20124,2012,2428.1000000000004
5612,S1353,20124,2012,294.84000000000003
5597,S1341,20124,2012,804.56
5704,S1402,20124,2012,532.93
5714,S1412,20124,2012,4784.96
3819,106,20124,2012,115.0
3829,1065,20124,2012,1242.92
3882,112,20124,2012,2580.1
3893,1130,20124,2012,13816.119999999999
4604,365,20124,2012,2212.8
5650,S1367,20124,2012,460.0
5656,S1370,20124,2012,48.75
3859,11,20124,2012,535.74
8264,s962,20124,2012,147.94
5681,S1388,20124,2012,228.78
5526,S1296,20124,2012,1214.7
5798,S1450,20124,2012,472.88
5812,S1453,20124,2012,113.11
3775,100,20124,2012,695.0
3787,1028,20124,2012,12598.45
3911,1160,20124,2012,21781.43
4658,400,20124,2012,1684.1
8014,S995,20124,2012,1663.0
8027,s0001,20124,2012,0.0
7990,S964,20124,2012,117.8
7975,S943,20124,2012,472.0
7979,S962,20124,2012,8832.57
4556,340,20124,2012,92.08
5585,S1334,20124,2012,1316.25
5555,S1320,20124,2012,100.52
5772,S1442,20124,2012,123.41999999999999
5888,S1480,20124,2012,274.09999999999997
5859,S1467,20124,2012,77.99
5843,S1459,20124,2012,93.72
5820,S1454,20124,2012,43.25
5562,S1322,20124,2012,2210.25
5537,S1297,20124,2012,365.46000000000004
7955,S933,20124,2012,275.85
7966,S941,20124,2012,539.78
7936,S908,20124,2012,204.34
7945,S921,20124,2012,205.88
7910,S888,20124,2012,42.260000000000005
7917,S90,20124,2012,147.9
7923,S902,20124,2012,4664.3
7893,S869,20124,2012,273.8
7901,S877,20124,2012,1459.47
5544,S1308,20124,2012,598.9499999999999
5901,S1485,20124,2012,30.119999999999997
5908,S1487,20124,2012,1673.1100000000001
3933,12000,20124,2012,573.0
3944,1225,20124,2012,5032.69
4523,323,20124,2012,237.20000000000002
4530,327,20124,2012,0.0
4538,328,20124,2012,6229.44
4706,440,20124,2012,496.2
4692,431,20124,2012,0.0
7879,S860,20124,2012,1615.0
7886,S866,20124,2012,398.5
7864,S840,20124,2012,253.68
4737,447,20124,2012,1260.6
4743,454,20124,2012,81.3
5877,S1478,20124,2012,86.21
5882,S1479,20124,2012,69.72
6004,S1521,20124,2012,161.23000000000002
5981,S151,20124,2012,67.78
5984,S1514,20124,2012,42.97
5970,S1504,20124,2012,94.66
5959,S1501,20124,2012,156.5
5934,S1496,20124,2012,142.3
4510,30,20124,2012,16075.029999999999
4718,441,20124,2012,5398.86
7868,S852,20124,2012,688.47
7840,S828,20124,2012,1828.52
7821,S816,20124,2012,597.4
7830,S824,20124,2012,275.4
4494,273,20124,2012,103.4
5495,S1269,20124,2012,716.18
5941,S1498,20124,2012,183.94
5929,S1494,20124,2012,670.94
6044,S1529,20124,2012,78.84
6013,S1522,20124,2012,138.96
5993,S1518,20124,2012,102.25
5515,S1294,20124,2012,225.3
4730,446,20124,2012,2062.4
7769,S751,20124,2012,55.46
7750,S749,20124,2012,422.28
7757,S75,20124,2012,81.65
7732,S73,20124,2012,692.3
7742,S743,20124,2012,1691.26
7745,S745,20124,2012,69.50999999999999
4475,257,20124,2012,513.38
3967,13,20124,2012,1284.8600000000001
3977,131,20124,2012,122.5
5477,S126,20124,2012,80.82
5480,S1265,20124,2012,70.21000000000001
6077,S1540,20124,2012,135.12
6085,S1542,20124,2012,42.85
6055,S1537,20124,2012,1194.7
5489,S1267,20124,2012,275.56
3994,1351,20124,2012,1471.05
4772,477,20124,2012,656.04
4777,478,20124,2012,694.73
7711,S717,20124,2012,440.0
7720,S723,20124,2012,2017.71
7689,S67,20124,2012,326.74
7673,S656,20124,2012,330.75
4815,507,20124,2012,1760.44
4464,255,20124,2012,1215.44
4004,1354,20124,2012,319.55
6061,S1539,20124,2012,3221.5099999999998
6033,S1527,20124,2012,1282.26
4016,137,20124,2012,289.56
5462,S1224,20124,2012,88.02
7663,S655,20124,2012,24.5
7638,S646,20124,2012,30.64
7647,S648,20124,2012,461.0
7651,S654,20124,2012,22708.42
7618,S607,20124,2012,2576.83
7601,S535,20124,2012,101.65
7606,S551,20124,2012,252.35000000000002
7610,S592,20124,2012,75.12
7612,S60,20124,2012,263.36
4829,512,20124,2012,258.46000000000004
5457,S1222,20124,2012,1232.32
6145,S1575,20124,2012,1912.5
6128,S1559,20124,2012,0.0
6108,S1550,20124,2012,283.44
4447,22,20124,2012,37.28
4449,226,20124,2012,464.16
4800,499,20124,2012,2466.7
4801,500,20124,2012,1545.1100000000001
4810,505,20124,2012,159.5
4811,506,20124,2012,2435.1000000000004
7579,S498,20124,2012,45.37
7581,S508,20124,2012,65.9
7584,S511,20124,2012,12.5
7589,S512,20124,2012,424.5
4854,526,20124,2012,282.08
5431,S1209,20124,2012,350.28
5437,S1212,20124,2012,2465.39
6173,S1588,20124,2012,48.16
6192,S1606,20124,2012,91.72
6153,S1579,20124,2012,583.43
7540,S472,20124,2012,83.3
4404,1931,20124,2012,0.0
5403,S1193,20124,2012,110.9
5378,S1187,20124,2012,45.52
5385,S1190,20124,2012,119.4
5394,S1192,20124,2012,149.4
6297,S1694,20124,2012,1386.52
6282,S1676,20124,2012,1093.75
6259,S1664,20124,2012,344.86
4043,1504,20124,2012,1169.85
4054,1506,20124,2012,1385.48
4059,1512,20124,2012,1438.75
6262,S1668,20124,2012,284.72
6269,S1672,20124,2012,59.94
6249,S1644,20124,2012,278.4
4031,1424,20124,2012,1059.3
6364,S1721,20124,2012,4628.01
6333,S1702,20124,2012,169.75
6325,S17,20124,2012,12.5
6308,S1696,20124,2012,486.12
5409,S1198,20124,2012,324.52
4885,56,20124,2012,54.17
7528,S470,20124,2012,575.77
7512,S462,20124,2012,449.74
7485,S42,20124,2012,1201.77
7473,S369,20124,2012,12.5
4394,1921,20124,2012,249.04
4890,563,20124,2012,819.35
4418,1995,20124,2012,3210.5
4423,2,20124,2012,35325.75
4824,509,20124,2012,117.5
7558,S479,20124,2012,91.29
6448,S1754,20124,2012,316.0
6411,S1738,20124,2012,1055.65
6427,S175,20124,2012,97.5
6395,S1736,20124,2012,14211.16
6382,S1730,20124,2012,2749.77
4075,1540,20124,2012,3943.5
4902,58,20124,2012,436.45
7444,S312,20124,2012,2917.0699999999997
7456,S318,20124,2012,1016.15
7422,S299,20124,2012,3530.6
7432,S3,20124,2012,1590.15
7391,S249,20124,2012,68.98
7384,S247,20124,2012,33.76
7359,S24,20124,2012,169.31
5361,S1182,20124,2012,354.68
6346,S1706,20124,2012,183.36
6484,S176,20124,2012,13326.0
6456,S1755,20124,2012,568.0
6465,S1756,20124,2012,393.5
5369,S1186,20124,2012,1149.3
4093,1575,20124,2012,192.79999999999998
4362,1882,20124,2012,259.56
4370,1895,20124,2012,155.2
4374,1898,20124,2012,925.26
4920,610,20124,2012,51.7
4912,59,20124,2012,871.72
4917,61,20124,2012,3251.8799999999997
7373,S243,20124,2012,65.22
4950,75,20124,2012,37285.9
4927,628,20124,2012,195293.25
5336,S1169,20124,2012,661.64
5344,S117,20124,2012,184.38
5299,S1145,20124,2012,253.0
5304,S1154,20124,2012,448.52
6572,S1846,20124,2012,59.54
6577,S185,20124,2012,188.97
6558,S1818,20124,2012,1723.87
6507,S1784,20124,2012,869.6
4939,67,20124,2012,840.97
7335,S2358,20124,2012,6.2
7341,S236,20124,2012,1446.75
7325,S2341,20124,2012,1093.99
7299,S2313,20124,2012,394.3
7305,S2321,20124,2012,135.0
5000,801,20124,2012,598.06
6492,S177,20124,2012,500.82
6497,S1772,20124,2012,78.64
6500,S1774,20124,2012,153.26
6620,S187,20124,2012,3261.9
6587,S1858,20124,2012,30.42
6594,S1859,20124,2012,2749.86
6600,S186,20124,2012,36.07
4122,1607,20124,2012,13674.83
4131,1609,20124,2012,2335.0
4137,1616,20124,2012,14995.53
4360,1877,20124,2012,0.0
4967,767,20124,2012,1273.53
7313,S2322,20124,2012,1364.1
7281,S2290,20124,2012,71.35000000000001
7286,S230,20124,2012,159.32999999999998
7257,S2252,20124,2012,101.5
7274,S2280,20124,2012,12.5
4338,1856,20124,2012,413.38
4346,1863,20124,2012,2471.7799999999997
6650,S1892,20124,2012,48.16
6631,S1872,20124,2012,132.98000000000002
6635,S188,20124,2012,14928.5
4145,1639,20124,2012,300.33
4151,1652,20124,2012,1985.3500000000001
4988,791,20124,2012,62718.55
7237,S2246,20124,2012,121.25
7245,S2250,20124,2012,2261.19
7221,S2223,20124,2012,68.85
7225,S2225,20124,2012,212.26
7228,S2243,20124,2012,404.0
7229,S2245,20124,2012,108.66000000000001
7200,S2206,20124,2012,12.5
7210,S2218,20124,2012,148.84
5047,84,20124,2012,1507.81
4330,1850,20124,2012,1276.4499999999998
6692,S1919,20124,2012,284.2
6700,S1926,20124,2012,741.1
6672,S190,20124,2012,803.26
6678,S1915,20124,2012,592.15
5277,S1140,20124,2012,6103.040000000001
4162,1669,20124,2012,351.6
5010,805,20124,2012,1277.3
5021,81,20124,2012,4732.67
7176,S22,20124,2012,390.0
7189,S2202,20124,2012,432.74
7169,S2193,20124,2012,2579.58
7158,S2191,20124,2012,549.3199999999999
7123,S2177,20124,2012,638.29
4307,1827,20124,2012,522.4399999999999
4319,1830,20124,2012,978.3
4173,1671,20124,2012,40.42
6751,S1950,20124,2012,519.1
6723,S1932,20124,2012,526.1700000000001
6736,S1939,20124,2012,976.05
6713,S193,20124,2012,739.7
4184,1704,20124,2012,266.0
5259,S1123,20124,2012,37.78
5269,S1135,20124,2012,130.38
5032,819,20124,2012,178.2
7133,S2179,20124,2012,3291.3199999999997
7102,S2161,20124,2012,154.0
7115,S2176,20124,2012,139.16
7084,S2150,20124,2012,311.35
7095,S2158,20124,2012,261.84
7099,S2160,20124,2012,121.46
5079,99,20124,2012,7421.75
5238,S1106,20124,2012,43.2
5202,S1022,20124,2012,190.34
6804,S198,20124,2012,1035.69
6811,S1982,20124,2012,2322.8
6792,S1971,20124,2012,1818.96
6777,S1962,20124,2012,727.2
5247,S1111,20124,2012,0.0
4295,1819,20124,2012,7088.52
5058,85,20124,2012,452.54
7062,S2142,20124,2012,207.73
7043,S2124,20124,2012,76.83
7035,S2116,20124,2012,111.36
7019,S2103,20124,2012,99.97
7007,S2090,20124,2012,2859.7
7009,S2099,20124,2012,478.0
4197,1712,20124,2012,2682.6
5230,S1104,20124,2012,514.23
5160,S0001,20124,2012,0.0
5177,S1008,20124,2012,630.49
6881,S202,20124,2012,177.56
6854,S2004,20124,2012,4237.86
6822,S1983,20124,2012,544.46
6830,S1984,20124,2012,375.0
6833,S199,20124,2012,637.63
4209,1718,20124,2012,2344.92
4273,1793,20124,2012,1239.7
5069,90,20124,2012,1182.0
7013,S21,20124,2012,673.8700000000001
6985,S2081,20124,2012,403.77000000000004
6968,S2072,20124,2012,132.0
6945,S2061,20124,2012,2283.55
5143,IR69,20124,2012,1000.0
4256,1758,20124,2012,3044.05
3798,1039,20124,2012,5687.71
5742,S1436,20124,2012,332.84000000000003
5745,S1437,20124,2012,188.54
3810,1058,20124,2012,40230.009999999995
5733,S1432,20124,2012,282.0
4610,373,20124,2012,138.96
8117,s1849,20124,2012,275.0
8124,s1873,20124,2012,1263.06
8075,s1412,20124,2012,2100.0
8051,s1212,20124,2012,124.48
4683,430,20124,2012,2932.9
4565,342,20124,2012,506.78999999999996
4621,377,20124,2012,1995.0
4574,349,20124,2012,1830.56
4593,353,20124,2012,609.42
8150,s2004,20124,2012,790.85
5628,S1361,20124,2012,13597.82
5618,S1354,20124,2012,503.75
8183,s2265,20124,2012,18.35
8164,s2022,20124,2012,287.4
8198,s2341,20124,2012,450.0
8223,s3,20124,2012,533.55
8217,s260,20124,2012,185.92000000000002
8232,s369,20124,2012,375.76
8244,s654,20124,2012,349.13
8240,s61,20124,2012,692.0
8239,s479,20124,2012,60.8
4606,368,20124,2012,89.61
3872,1119,20124,2012,1235.92
8203,s236,20125,2012,232.26000000000002
8213,s26,20125,2012,567.0
8224,s3,20125,2012,44.0
8165,s2022,20125,2012,130.79000000000002
8175,s2118,20125,2012,112.5
8178,s2259,20125,2012,151.62
5619,S1354,20125,2012,951.11
3830,1065,20125,2012,1389.67
5677,S1380,20125,2012,246.22
5682,S1388,20125,2012,81.34
5693,S1392,20125,2012,100.72
3842,1079,20125,2012,7399.26
3852,1082,20125,2012,395.0
5667,S1378,20125,2012,0.0
5161,S0001,20125,2012,0.0
5170,S1002,20125,2012,255.8
6909,S2037,20125,2012,5456.179999999999
6887,S2024,20125,2012,794.3
6893,S2026,20125,2012,768.0
6863,S2007,20125,2012,85.2
4220,1726,20125,2012,903.9499999999999
4234,1729,20125,2012,195.42000000000002
5174,S1007,20125,2012,29.0
5123,IR4,20125,2012,606.79
6946,S2061,20125,2012,1130.67
6955,S2069,20125,2012,12.64
6956,S207,20125,2012,30.14
6920,S2041,20125,2012,6504.95
6927,S2045,20125,2012,185.72
6929,S2046,20125,2012,95.02
6932,S205,20125,2012,142.3
6935,S2050,20125,2012,1441.15
4243,1746,20125,2012,1828.6100000000001
4248,1751,20125,2012,2103.0
5186,S1011,20125,2012,94.98
6882,S202,20125,2012,520.18
6855,S2004,20125,2012,1127.91
6836,S1993,20125,2012,251.52
6823,S1983,20125,2012,450.95000000000005
6831,S1984,20125,2012,43.15
4198,1712,20125,2012,19455.14
4210,1718,20125,2012,1145.72
5211,S1024,20125,2012,678.41
4274,1793,20125,2012,2709.72
5070,90,20125,2012,2580.7000000000003
6986,S2081,20125,2012,56.0
6969,S2072,20125,2012,150.5
6974,S2077,20125,2012,12.5
6981,S208,20125,2012,277.68
5140,IR65,20125,2012,0.0
5106,IR30,20125,2012,350.82
5194,S1016,20125,2012,183.41
5203,S1022,20125,2012,288.52
6805,S198,20125,2012,0.0
6807,S1981,20125,2012,622.2
6812,S1982,20125,2012,966.32
6785,S197,20125,2012,267.79
6793,S1971,20125,2012,1124.62
6778,S1962,20125,2012,290.88
5248,S1111,20125,2012,0.0
4185,1704,20125,2012,3341.3
4284,1803,20125,2012,1139.32
4296,1819,20125,2012,5832.610000000001
5060,86,20125,2012,118.05
7028,S2110,20125,2012,148.14
7024,S2108,20125,2012,221.24
7010,S2099,20125,2012,34.5
5102,IR2222,20125,2012,0.0
5105,IR23,20125,2012,1000.0
5231,S1104,20125,2012,860.9399999999999
6762,S1956,20125,2012,256.48
6770,S1957,20125,2012,57.36
6745,S1940,20125,2012,734.6
6755,S1952,20125,2012,12.5
6737,S1939,20125,2012,238.0
5273,S114,20125,2012,101.68
4320,1830,20125,2012,182.76
5041,829,20125,2012,1773.2
7134,S2179,20125,2012,1698.75
7103,S2161,20125,2012,26.8
7110,S2170,20125,2012,101.68
7085,S2150,20125,2012,132.3
7096,S2158,20125,2012,763.14
5080,99,20125,2012,2880.55
5239,S1106,20125,2012,52.489999999999995
6714,S193,20125,2012,4655.63
6684,S1916,20125,2012,989.52
6693,S1919,20125,2012,1022.7
6701,S1926,20125,2012,214.9
6664,S19,20125,2012,485.04
6673,S1902,20125,2012,242.9
6679,S1915,20125,2012,604.8599999999999
5278,S1140,20125,2012,8693.15
5011,805,20125,2012,1609.5
7178,S220,20125,2012,491.47
7159,S2191,20125,2012,24.8
7149,S2182,20125,2012,190.86
7124,S2177,20125,2012,749.72
5063,863,20125,2012,360.0
4308,1827,20125,2012,1521.53
4163,1669,20125,2012,703.2
4167,167,20125,2012,4435.37
4174,1671,20125,2012,127.18
4176,170,20125,2012,2070.33
6651,S1892,20125,2012,95.02
6659,S1894,20125,2012,552.61
6660,S1897,20125,2012,12.5
6628,S1871,20125,2012,83.42
6636,S188,20125,2012,1348.6
5313,S1156,20125,2012,40.58
4347,1863,20125,2012,167.38
4989,791,20125,2012,26761.56
7246,S2250,20125,2012,3554.19
7217,S2219,20125,2012,250.09
5048,84,20125,2012,2335.17
4152,1652,20125,2012,2452.8
4158,1653,20125,2012,104.31
6603,S1861,20125,2012,39.96
6609,S1868,20125,2012,401.4
6615,S1869,20125,2012,190.48
6621,S187,20125,2012,409.20000000000005
6595,S1859,20125,2012,1146.98
6601,S186,20125,2012,343.69
4123,1607,20125,2012,8656.94
4968,767,20125,2012,903.94
4978,771,20125,2012,180.0
7314,S2322,20125,2012,58.84
7294,S231,20125,2012,456.0
7273,S2276,20125,2012,58.84
5022,81,20125,2012,4883.62
4331,1850,20125,2012,675.33
4138,1616,20125,2012,30.98
5300,S1145,20125,2012,3924.2500000000005
6578,S185,20125,2012,1136.21
6552,S1816,20125,2012,445.56
6559,S1818,20125,2012,1732.41
6536,S1808,20125,2012,85.0
6543,S1813,20125,2012,21.560000000000002
6508,S1784,20125,2012,445.02
4099,158,20125,2012,105.39
4113,1602,20125,2012,400.28999999999996
4928,628,20125,2012,75040.56
4940,67,20125,2012,2168.23
7342,S236,20125,2012,3137.15
7317,S2332,20125,2012,103.23
7326,S2341,20125,2012,805.84
7332,S2352,20125,2012,0.0
7300,S2313,20125,2012,140.49
7302,S2315,20125,2012,225.62
5001,801,20125,2012,58065.2
5324,S1160,20125,2012,267.0
5320,S1158,20125,2012,65.49
6493,S177,20125,2012,662.0
6477,S1759,20125,2012,118.94
6485,S176,20125,2012,830.71
6487,S1761,20125,2012,101.28
6466,S1756,20125,2012,556.6
5370,S1186,20125,2012,666.48
7360,S24,20125,2012,952.6800000000001
4363,1882,20125,2012,12.5
4375,1898,20125,2012,224.0
4913,59,20125,2012,57715.06
7374,S243,20125,2012,2893.12
4951,75,20125,2012,32156.2
4921,610,20125,2012,176.9
4094,1575,20125,2012,359.32
5337,S1169,20125,2012,2841.2400000000002
6449,S1754,20125,2012,12.5
6405,S1737,20125,2012,294.2
6396,S1736,20125,2012,21100.84
6383,S1730,20125,2012,5085.4400000000005
4066,1515,20125,2012,13150.0
4072,1538,20125,2012,58.35
4891,563,20125,2012,1089.75
4903,58,20125,2012,1121.43
7445,S312,20125,2012,310.61
7457,S318,20125,2012,4726.0599999999995
7423,S299,20125,2012,4792.65
7433,S3,20125,2012,764.79
7419,S287,20125,2012,240.96
7392,S249,20125,2012,9518.9
5355,S118,20125,2012,1456.7
5362,S1182,20125,2012,254.14
6347,S1706,20125,2012,293.17
6357,S1713,20125,2012,129.8
6365,S1721,20125,2012,6249.68
6334,S1702,20125,2012,1070.13
6318,S1699,20125,2012,274.32
6309,S1696,20125,2012,9620.3
5410,S1198,20125,2012,223.68
4886,56,20125,2012,10.77
4841,519,20125,2012,0.0
7529,S470,20125,2012,107.45
7513,S462,20125,2012,251.75
7486,S42,20125,2012,739.27
7495,S439,20125,2012,64.22
7501,S453,20125,2012,935.11
7474,S369,20125,2012,855.37
4395,1921,20125,2012,110.9
4419,1995,20125,2012,861.5
4437,2031,20125,2012,2558.0
4816,507,20125,2012,3954.24
4828,511,20125,2012,123.2
7590,S512,20125,2012,623.25
7559,S479,20125,2012,120.5
7567,S480,20125,2012,273.3
7548,S474,20125,2012,1589.2399999999998
4405,1931,20125,2012,181.95
4408,1938,20125,2012,158.61
5395,S1192,20125,2012,31.78
5386,S1190,20125,2012,980.96
6298,S1694,20125,2012,256.43
6287,S1680,20125,2012,71.34
6254,S165,20125,2012,77.75
6260,S1664,20125,2012,53.15
5449,S1219,20125,2012,123.46000000000001
4044,1504,20125,2012,349.7
4055,1506,20125,2012,2190.95
5421,S1203,20125,2012,271.98
5425,S1206,20125,2012,276.01
6263,S1668,20125,2012,154.86
6270,S1672,20125,2012,627.91
6221,S1630,20125,2012,269.55
6227,S1632,20125,2012,87.5
6233,S1637,20125,2012,37.78
4022,1408,20125,2012,19160.0
4032,1424,20125,2012,1102.0
4835,518,20125,2012,103.22999999999999
4450,226,20125,2012,81.96000000000001
7577,S486,20125,2012,63.5
7580,S498,20125,2012,79.38
4855,526,20125,2012,363.57000000000005
5432,S1209,20125,2012,381.57
5438,S1212,20125,2012,3170.51
6200,S1612,20125,2012,184.46
6203,S1613,20125,2012,144.9
6188,S1600,20125,2012,10.0
6193,S1606,20125,2012,91.72
6154,S1579,20125,2012,458.35
6163,S158,20125,2012,25.0
5463,S1224,20125,2012,75.63
4798,497,20125,2012,21.72
4789,492,20125,2012,133.18
7664,S655,20125,2012,21.0
7652,S654,20125,2012,13300.92
7619,S607,20125,2012,3254.37
4832,517,20125,2012,80.0
6146,S1575,20125,2012,7555.04
6124,S1557,20125,2012,159.92
6129,S1559,20125,2012,28.5
6096,S1546,20125,2012,30.33
6086,S1542,20125,2012,131.92000000000002
5490,S1267,20125,2012,130.0
3986,1341,20125,2012,498.9
4476,257,20125,2012,1663.1
4773,477,20125,2012,47.52
7703,S707,20125,2012,195.91
7721,S723,20125,2012,167.74
7690,S67,20125,2012,1335.3000000000002
7674,S656,20125,2012,224.4
7682,S665,20125,2012,7150.919999999999
4465,255,20125,2012,235.46
3995,1351,20125,2012,525.89
4005,1354,20125,2012,641.91
6056,S1537,20125,2012,249.1
6062,S1539,20125,2012,925.74
6034,S1527,20125,2012,1801.48
6005,S1521,20125,2012,75.0
6014,S1522,20125,2012,67.00999999999999
6023,S1524,20125,2012,0.0
5994,S1518,20125,2012,116.35
4498,295,20125,2012,1131.0
4731,446,20125,2012,2062.4
7800,S78,20125,2012,83.84
7773,S763,20125,2012,978.22
7789,S777,20125,2012,543.74
7758,S75,20125,2012,2371.32
7743,S743,20125,2012,453.86
7746,S745,20125,2012,223.34
3968,13,20125,2012,1216.14
5481,S1265,20125,2012,494.98
6000,S1520,20125,2012,132.18
5985,S1514,20125,2012,394.0
5971,S1504,20125,2012,9563.789999999999
5958,S1500,20125,2012,112.31
4745,457,20125,2012,4926.33
4500,297,20125,2012,0.0
4511,30,20125,2012,432.71000000000004
7869,S852,20125,2012,961.3199999999999
7841,S828,20125,2012,657.42
7822,S816,20125,2012,16.380000000000003
7831,S824,20125,2012,0.0
4491,263,20125,2012,44.19
4496,294,20125,2012,148.8
3945,1225,20125,2012,7047.6
3958,1247,20125,2012,704.66
5496,S1269,20125,2012,4934.36
5950,S15,20125,2012,827.24
5930,S1494,20125,2012,429.17
5903,S1486,20125,2012,464.17999999999995
5909,S1487,20125,2012,1020.59
5527,S1296,20125,2012,28.7
3927,1187,20125,2012,2877.0
4719,441,20125,2012,940.21
4539,328,20125,2012,4376.86
4707,440,20125,2012,666.9
7902,S877,20125,2012,1754.73
7880,S860,20125,2012,13392.0
7887,S866,20125,2012,24.42
5889,S1480,20125,2012,695.18
5860,S1467,20125,2012,83.5
5870,S1473,20125,2012,114.23
5844,S1459,20125,2012,218.97
5821,S1454,20125,2012,241.07999999999998
5831,S1455,20125,2012,415.26
5563,S1322,20125,2012,3011.01
5538,S1297,20125,2012,47.62
7951,S925,20125,2012,57.53
7953,S929,20125,2012,440.1
7967,S941,20125,2012,2854.49
7939,S909,20125,2012,0.0
7946,S921,20125,2012,294.83
7918,S90,20125,2012,1285.0
7924,S902,20125,2012,12706.599999999999
5516,S1294,20125,2012,930.08
5799,S1450,20125,2012,0.0
5773,S1442,20125,2012,1174.27
5781,S1443,20125,2012,16.64
5783,S1444,20125,2012,5.0
5786,S1446,20125,2012,1710.0
5794,S1448,20125,2012,63.03
3776,100,20125,2012,1210.02
3788,1028,20125,2012,349.28
4659,400,20125,2012,2456.5
8034,s1075,20125,2012,578.5
8015,S995,20125,2012,1563.35
8028,s0001,20125,2012,0.0
7994,S968,20125,2012,92.25
7980,S962,20125,2012,6571.39
4693,431,20125,2012,8550.4
4550,338,20125,2012,494.09999999999997
4557,340,20125,2012,274.37
3918,1186,20125,2012,715.0
5582,S1330,20125,2012,256.99
5586,S1334,20125,2012,253.57999999999998
3799,1039,20125,2012,33898.32
5760,S1440,20125,2012,292.16
3811,1058,20125,2012,240.32
5724,S1425,20125,2012,578.0
5734,S1432,20125,2012,155.2
4611,373,20125,2012,532.68
8118,s1849,20125,2012,238.56
8125,s1873,20125,2012,642.15
8104,s1736,20125,2012,158.31
8076,s1412,20125,2012,10164.19
8045,s1140,20125,2012,23.0
8052,s1212,20125,2012,477.48
4684,430,20125,2012,2276.5
4651,395,20125,2012,195.4
4575,349,20125,2012,1292.16
4583,352,20125,2012,1891.28
4599,356,20125,2012,1190.4
8147,s199,20125,2012,23.310000000000002
8151,s2004,20125,2012,2006.2
8133,s1896,20125,2012,12.5
8137,s19,20125,2012,43.2
8143,s1977,20125,2012,608.4
4635,388,20125,2012,1821.84
4643,389,20125,2012,4875.4
5629,S1361,20125,2012,5676.9800000000005
5606,S1348,20125,2012,408.07
5598,S1341,20125,2012,300.87
5705,S1402,20125,2012,300.0
5715,S1412,20125,2012,13573.35
3820,106,20125,2012,489.63
3883,112,20125,2012,1546.2
3894,1130,20125,2012,7791.98
8254,s828,20125,2012,316.7
8245,s654,20125,2012,1179.03
8265,s962,20125,2012,2450.21
5641,S1364,20125,2012,592.35
3860,11,20125,2012,1157.94
6539,S1809,20126,2012,42.620000000000005
5694,S1392,20126,2012,786.94
5725,S1425,20126,2012,134.5
5716,S1412,20126,2012,3508.89
3812,1058,20126,2012,0.0
3800,1039,20126,2012,430.2
5750,S1438,20126,2012,8725.9
4566,342,20126,2012,570.6
4576,349,20126,2012,286.88
5528,S1296,20126,2012,316.28
5517,S1294,20126,2012,1063.87
5551,S1317,20126,2012,162.3
6189,S1600,20126,2012,40.94
7343,S236,20126,2012,4169.349999999999
4357,1871,20126,2012,4952.0
5002,801,20126,2012,1725.56
5371,S1186,20126,2012,450.0
6579,S185,20126,2012,2014.2
4095,1575,20126,2012,138.24
5363,S1182,20126,2012,54.36
5356,S118,20126,2012,745.75
8114,s1802,20126,2012,512.0
8166,s2022,20126,2012,48.44
4685,430,20126,2012,3965.2
8152,s2004,20126,2012,14824.1
8144,s1977,20126,2012,944.7
8157,s202,20126,2012,2790.7000000000003
4622,377,20126,2012,2850.0
8225,s3,20126,2012,72.92
8266,s962,20126,2012,317.2
8234,s40,20126,2012,51.93
4636,388,20126,2012,1042.26
4699,434,20126,2012,5483.72
4694,431,20126,2012,1220.4
4708,440,20126,2012,145.32
8077,s1412,20126,2012,2418.32
8065,s140,20126,2012,575.62
8060,s13,20126,2012,67.96000000000001
5746,S1437,20126,2012,237.37
3777,100,20126,2012,509.79999999999995
5327,S1166,20126,2012,49.6
6622,S187,20126,2012,4.96
6616,S1869,20126,2012,1428.8500000000001
6596,S1859,20126,2012,531.68
6588,S1858,20126,2012,308.81
6412,S1738,20126,2012,82.88
6514,S1792,20126,2012,3919.8999999999996
6511,S1786,20126,2012,36.9
5800,S1450,20126,2012,133.3
8087,s1487,20126,2012,0.0
4540,328,20126,2012,2577.5
4720,441,20126,2012,1638.02
8016,S995,20126,2012,49.7
4060,1512,20126,2012,3017.53
6494,S177,20126,2012,1077.46
6457,S1755,20126,2012,50.2
6486,S176,20126,2012,505.75
4124,1607,20126,2012,6175.22
5314,S1156,20126,2012,112.5
5332,S1168,20126,2012,42.620000000000005
6652,S1892,20126,2012,32.31
6637,S1880,20126,2012,43.64
8007,S987,20126,2012,214.36
8111,s178,20126,2012,12.5
7991,S964,20126,2012,97.9
4512,30,20126,2012,1915.72
4746,457,20126,2012,1416.3
4738,447,20126,2012,38.83
4495,273,20126,2012,2089.8
3831,1065,20126,2012,1717.46
5774,S1442,20126,2012,548.52
6665,S19,20126,2012,175.0
6685,S1916,20126,2012,592.79
4153,1652,20126,2012,4576.3
4146,1639,20126,2012,212.08
4139,1616,20126,2012,3329.79
5301,S1145,20126,2012,40.0
6478,S1759,20126,2012,197.35
5813,S1453,20126,2012,246.0
5806,S1452,20126,2012,61.7
6715,S193,20126,2012,4902.9
5850,S1462,20126,2012,603.93
5845,S1459,20126,2012,634.2
5822,S1454,20126,2012,26.3
7968,S941,20126,2012,503.44
4477,257,20126,2012,273.33
4767,473,20126,2012,38.71
4764,471,20126,2012,0.0
4761,466,20126,2012,0.0
4781,488,20126,2012,41578.6
6467,S1756,20126,2012,443.55
6439,S1751,20126,2012,470.4
6431,S1750,20126,2012,251.83999999999997
6428,S175,20126,2012,643.82
6419,S1739,20126,2012,316.39
6702,S1926,20126,2012,375.0
6771,S1957,20126,2012,125.12
4186,1704,20126,2012,2854.3
5249,S1111,20126,2012,0.0
7933,S907,20126,2012,325.72
7903,S877,20126,2012,67.73
8000,S986,20126,2012,118.22
7947,S921,20126,2012,26.82
7981,S962,20126,2012,4748.46
3789,1028,20126,2012,28921.15
5856,S1464,20126,2012,102.3
5289,S1141,20126,2012,102.86
5279,S1140,20126,2012,7297.17
6724,S1932,20126,2012,164.62
5240,S1106,20126,2012,1423.15
5270,S1135,20126,2012,294.7
5260,S1123,20126,2012,151.5
5222,S1069,20126,2012,738.0
5219,S1040,20126,2012,98.5
6856,S2004,20126,2012,11728.41
5931,S1494,20126,2012,69.18
5926,S1492,20126,2012,397.2
3843,1079,20126,2012,4951.17
5890,S1480,20126,2012,712.74
5868,S147,20126,2012,105.06
7925,S902,20126,2012,2816.37
7911,S888,20126,2012,100.52
7937,S908,20126,2012,997.2
6450,S1754,20126,2012,12.5
6441,S1752,20126,2012,242.28
5422,S1203,20126,2012,1144.9
6406,S1737,20126,2012,353.04
6397,S1736,20126,2012,7615.9800000000005
5642,S1364,20126,2012,283.84000000000003
4793,494,20126,2012,128.76
7870,S852,20126,2012,1030.59
7857,S84,20126,2012,60.1
7852,S837,20126,2012,58.06
7888,S866,20126,2012,70.91
7823,S816,20126,2012,86.25
7812,S799,20126,2012,899.74
5898,S1484,20126,2012,170.39
6756,S1952,20126,2012,12.5
6738,S1939,20126,2012,255.6
6786,S197,20126,2012,157.62
6779,S1962,20126,2012,327.24
4211,1718,20126,2012,1166.2
4199,1712,20126,2012,6756.71
5224,S109,20126,2012,115.86
6271,S1672,20126,2012,13.6
6348,S1706,20126,2012,428.96
4817,507,20126,2012,53.35
7842,S828,20126,2012,225.07
4466,255,20126,2012,938.75
7832,S824,20126,2012,196.74999999999997
5920,S1489,20126,2012,197.74
3884,112,20126,2012,2597.65
3873,1119,20126,2012,10699.5
6824,S1983,20126,2012,267.32
6813,S1982,20126,2012,1785.72
6794,S1971,20126,2012,3039.92
6384,S1730,20126,2012,3979.3
4045,1504,20126,2012,4935.26
5439,S1212,20126,2012,1118.3700000000001
3861,11,20126,2012,1022.52
4235,1729,20126,2012,2359.5
4229,1728,20126,2012,1191.3
5630,S1361,20126,2012,1776.47
5620,S1354,20126,2012,192.0
3888,1121,20126,2012,0.0
7790,S777,20126,2012,77.99
7801,S78,20126,2012,7165.71
4451,226,20126,2012,1128.52
4438,2031,20126,2012,543.8
4833,517,20126,2012,167.79
4038,150,20126,2012,729.0
4033,1424,20126,2012,4150.0
6904,S2036,20126,2012,6.48
5204,S1022,20126,2012,110.9
5212,S1024,20126,2012,393.09000000000003
6871,S2014,20126,2012,263.38
4429,2000,20126,2012,27.0
4856,526,20126,2012,28260.49
4850,525,20126,2012,4641.32
4847,523,20126,2012,32.25
4846,522,20126,2012,218.4
4845,521,20126,2012,737.5
4844,520,20126,2012,13533.0
5910,S1487,20126,2012,2527.2200000000003
5942,S1498,20126,2012,141.06
3895,1130,20126,2012,12613.07
4023,1408,20126,2012,20673.0
5450,S1219,20126,2012,257.35
5464,S1224,20126,2012,121.52
6335,S1702,20126,2012,3023.83
5187,S1011,20126,2012,217.07999999999998
5178,S1008,20126,2012,10673.210000000001
5972,S1504,20126,2012,608.01
5951,S15,20126,2012,2199.04
7774,S763,20126,2012,298.0
4863,527,20126,2012,0.0
7733,S73,20126,2012,180.0
7765,S750,20126,2012,246.54
7759,S75,20126,2012,1006.0999999999999
7751,S749,20126,2012,297.24
4221,1726,20126,2012,95.62
6910,S2037,20126,2012,411.4
5162,S0001,20126,2012,0.0
4249,1751,20126,2012,54.0
6947,S2061,20126,2012,119.53
6936,S2050,20126,2012,1323.1399999999999
6928,S2045,20126,2012,28.87
6921,S2041,20126,2012,2678.17
7722,S723,20126,2012,259.0
7691,S67,20126,2012,328.7
7683,S665,20126,2012,29193.97
7675,S656,20126,2012,32.5
7699,S7,20126,2012,1056.24
6006,S1521,20126,2012,42.96
5607,S1348,20126,2012,80.42
5130,IR51,20126,2012,1407.63
5153,IR9,20126,2012,866.53
6973,S2076,20126,2012,246.0
6970,S2072,20126,2012,122.5
5107,IR31,20126,2012,1937.82
4257,1758,20126,2012,2766.54
5145,IR72,20126,2012,6225.6
5144,IR71,20126,2012,287.32
5136,IR61,20126,2012,309.3
6035,S1527,20126,2012,7255.26
7665,S655,20126,2012,392.5
4409,1938,20126,2012,6134.5199999999995
4399,1923,20126,2012,6657.0
4904,58,20126,2012,236.6
7020,S2103,20126,2012,193.42000000000002
7014,S21,20126,2012,140.42000000000002
6999,S2087,20126,2012,784.38
6959,S2070,20126,2012,2750.65
6195,S161,20126,2012,168.5
6310,S1696,20126,2012,206.51
4014,1368,20126,2012,10043.21
4011,136,20126,2012,349.74
6299,S1694,20126,2012,4.8
6292,S1691,20126,2012,36.9
7620,S607,20126,2012,3164.94
4006,1354,20126,2012,711.75
3996,1351,20126,2012,954.23
4376,1898,20126,2012,90.0
7594,S523,20126,2012,167.54
7653,S654,20126,2012,7720.32
4892,563,20126,2012,1979.87
4396,1921,20126,2012,99.58
4384,1903,20126,2012,189.8
4918,61,20126,2012,540.24
4914,59,20126,2012,2210.72
6289,S1686,20126,2012,100.52
6278,S1674,20126,2012,224.4
7040,S2118,20126,2012,218.88
7036,S2116,20126,2012,76.19
5089,IR11,20126,2012,287.5
5613,S1353,20126,2012,86.08
6017,S1523,20126,2012,253.75
6078,S1540,20126,2012,234.04
5587,S1334,20126,2012,376.32
5574,S1325,20126,2012,54.0
3919,1186,20126,2012,20.0
3912,1160,20126,2012,6703.72
6063,S1539,20126,2012,1014.0300000000001
5124,IR4,20126,2012,1195.27
5110,IR32,20126,2012,10.0
4275,1793,20126,2012,1983.01
4267,1783,20126,2012,0.0
4264,1769,20126,2012,12627.76
5103,IR2222,20126,2012,0.0
7086,S2150,20126,2012,12.5
7063,S2142,20126,2012,157.72
3969,13,20126,2012,2016.48
6234,S1637,20126,2012,652.0
6228,S1633,20126,2012,81.34
6222,S1630,20126,2012,70.41
7465,S329,20126,2012,13.7
7487,S42,20126,2012,76.94
7553,S476,20126,2012,156.68
7541,S472,20126,2012,27.5
4364,1882,20126,2012,778.68
4941,67,20126,2012,589.96
4929,628,20126,2012,152833.12
3987,1341,20126,2012,41.15
6250,S1644,20126,2012,348.5
6241,S1643,20126,2012,637.1
6204,S1613,20126,2012,361.12
4285,1803,20126,2012,39998.77
5081,99,20126,2012,26264.260000000002
4309,1827,20126,2012,878.3399999999999
5061,86,20126,2012,901.32
5059,85,20126,2012,1648.3400000000001
7190,S2202,20126,2012,111.53
7458,S318,20126,2012,1388.29
7446,S312,20126,2012,1326.12
5564,S1322,20126,2012,1428.44
6102,S1548,20126,2012,3617.0
4960,752,20126,2012,3436.51
4952,75,20126,2012,27391.36
7179,S220,20126,2012,43.43
5064,863,20126,2012,40.0
4297,1819,20126,2012,6991.33
7135,S2179,20126,2012,69.0
7125,S2177,20126,2012,7651.36
3928,1187,20126,2012,1414.5
5033,819,20126,2012,3434.09
7247,S2250,20126,2012,2317.27
6180,S1594,20126,2012,106.44
5506,S128,20126,2012,747.0
5497,S1269,20126,2012,2609.51
6174,S1588,20126,2012,234.6
6155,S1579,20126,2012,93.1
6135,S1564,20126,2012,30.82
7475,S369,20126,2012,0.0
4979,771,20126,2012,94.44
4969,767,20126,2012,1075.96
5482,S1265,20126,2012,1165.9
3978,131,20126,2012,256.22
7205,S2209,20126,2012,131.0
7201,S2206,20126,2012,489.3
4321,1830,20126,2012,1130.62
7321,S2337,20126,2012,139.57999999999998
7434,S3,20126,2012,1055.69
7375,S243,20126,2012,2819.35
7361,S24,20126,2012,273.52
6087,S1542,20126,2012,702.34
6176,S1592,20126,2012,79.74
3959,1247,20126,2012,24.68
3946,1225,20126,2012,1262.9699999999998
3934,12000,20126,2012,15936.6
7211,S2218,20126,2012,172.86
4990,791,20126,2012,153313.9
4348,1863,20126,2012,1430.1599999999999
5023,81,20126,2012,2648.6
7258,S2252,20126,2012,62.5
5012,805,20126,2012,5463.95
5049,84,20126,2012,1657.0
5404,S1193,20126,2012,157.9
5411,S1198,20126,2012,319.3
5706,S1402,20126,2012,212.5
5755,S1439,20126,2012,1299.96
4551,338,20126,2012,1045.0
4546,336,20126,2012,2140.8
8126,s1873,20126,2012,3509.2
8107,s174,20126,2012,280.03000000000003
6544,S1813,20126,2012,196.14000000000001
4105,16,20126,2012,74.67999999999999
5338,S1169,20126,2012,633.9200000000001
6524,S1802,20126,2012,384.0
6560,S1818,20126,2012,1382.33
6553,S1816,20126,2012,12.5
6531,S1807,20126,2012,84.95
5387,S1190,20126,2012,5645.74
4584,352,20126,2012,7828.110000000001
4594,353,20126,2012,941.95
4600,356,20126,2012,332.44
4607,368,20126,2012,302.1
8246,s654,20126,2012,93.2
4660,400,20126,2012,3402.32
8218,s260,20127,2012,67.12
4605,365,20127,2012,555.72
4601,356,20127,2012,277.76
4595,353,20127,2012,5999.0
4585,352,20127,2012,7698.669999999999
4637,388,20127,2012,1364.69
4612,373,20127,2012,471.53
6541,S1811,20127,2012,525.24
6532,S1807,20127,2012,250.0
5751,S1438,20127,2012,168.96
5695,S1392,20127,2012,594.34
5717,S1412,20127,2012,8622.17
3813,1058,20127,2012,1796.3999999999999
3801,1039,20127,2012,5207.99
4567,342,20127,2012,1313.95
4577,349,20127,2012,665.26
4627,383,20127,2012,247.6
5518,S1294,20127,2012,111.62
5545,S1308,20127,2012,350.0
5539,S1297,20127,2012,1110.39
6217,S1624,20127,2012,30.16
6210,S1614,20127,2012,76.58
6205,S1613,20127,2012,230.94
7267,S2263,20127,2012,145.36
4349,1863,20127,2012,12084.76
5003,801,20127,2012,195.2
7327,S2341,20127,2012,1822.52
7306,S2321,20127,2012,162.39999999999998
7301,S2313,20127,2012,174.18
7435,S3,20127,2012,2746.8
7420,S287,20127,2012,316.55
4358,1871,20127,2012,114.2
7414,S284,20127,2012,63.1
7393,S249,20127,2012,831.09
7376,S243,20127,2012,1694.78
7362,S24,20127,2012,1796.5
3947,1225,20127,2012,3074.29
3929,1187,20127,2012,2877.0
7284,S23,20127,2012,340.08000000000004
7282,S2290,20127,2012,377.52
4991,791,20127,2012,1303.01
5024,81,20127,2012,3118.19
7270,S2266,20127,2012,102.5
6127,S1558,20127,2012,177.5
5529,S1296,20127,2012,808.78
4322,1830,20127,2012,5696.43
5042,829,20127,2012,493.8
5034,819,20127,2012,424.98
7248,S2250,20127,2012,1731.87
7238,S2246,20127,2012,85.0
5507,S128,20127,2012,259.2
5498,S1269,20127,2012,5540.36
3960,1247,20127,2012,75.75999999999999
5548,S1311,20127,2012,556.29
6164,S158,20127,2012,52.5
6156,S1579,20127,2012,3998.84
6150,S1578,20127,2012,194.7
6147,S1575,20127,2012,268.34
6131,S1563,20127,2012,444.45
7344,S236,20127,2012,3395.0
7476,S371,20127,2012,426.69
4942,67,20127,2012,429.82
4970,767,20127,2012,809.25
5483,S1265,20127,2012,578.1700000000001
3979,131,20127,2012,111.4
3970,13,20127,2012,998.4599999999999
7202,S2206,20127,2012,110.9
7195,S2205,20127,2012,48.75
4310,1827,20127,2012,1717.39
5050,84,20127,2012,1410.8
7459,S318,20127,2012,2926.48
7447,S312,20127,2012,146.18
5565,S1322,20127,2012,1091.06
6119,S1555,20127,2012,32.3
6115,S1552,20127,2012,224.96
6103,S1548,20127,2012,258.89
6097,S1546,20127,2012,475.21
7530,S470,20127,2012,90.5
4961,752,20127,2012,9743.95
4953,75,20127,2012,32328.239999999998
7142,S218,20127,2012,771.0
7116,S2176,20127,2012,108.38
7180,S220,20127,2012,200.96
4298,1819,20127,2012,20292.54
7160,S2191,20127,2012,70.4
7136,S2179,20127,2012,3193.5
6229,S1633,20127,2012,158.58
7514,S462,20127,2012,170.62
7506,S458,20127,2012,862.23
7478,S41,20127,2012,0.0
7520,S464,20127,2012,0.0
7551,S475,20127,2012,31.49
7549,S474,20127,2012,23.0
7570,S484,20127,2012,768.5400000000001
4365,1882,20127,2012,410.84
4930,628,20127,2012,4227.06
3988,1341,20127,2012,591.83
6252,S1646,20127,2012,44.28
6251,S1645,20127,2012,229.5
6242,S1643,20127,2012,0.0
7056,S214,20127,2012,106.84
7170,S2193,20127,2012,266.6
4286,1803,20127,2012,28717.210000000003
5082,99,20127,2012,45.82
5071,90,20127,2012,197.0
4276,1793,20127,2012,629.25
6079,S1540,20127,2012,78.06
5588,S1334,20127,2012,301.14
5575,S1325,20127,2012,240.0
3920,1186,20127,2012,1333.0
3913,1160,20127,2012,34781.2
7536,S471,20127,2012,421.8
7595,S523,20127,2012,130.36
7628,S637,20127,2012,285.34000000000003
4377,1898,20127,2012,160.24
7090,S2152,20127,2012,666.65
7087,S2150,20127,2012,0.0
7074,S2144,20127,2012,135.8
7067,S2143,20127,2012,24.490000000000002
3997,1351,20127,2012,1742.35
7568,S480,20127,2012,168.28
7560,S479,20127,2012,54.0
7654,S654,20127,2012,8267.78
4385,1903,20127,2012,699.6800000000001
7607,S551,20127,2012,371.44
7602,S535,20127,2012,240.96
6064,S1539,20127,2012,5296.77
5599,S1341,20127,2012,30.5
6283,S1676,20127,2012,63.14
6279,S1674,20127,2012,12.5
6272,S1672,20127,2012,604.0
6997,S2085,20127,2012,131.08
7047,S213,20127,2012,345.0
7080,S215,20127,2012,690.37
5095,IR21,20127,2012,1211.7
5094,IR20,20127,2012,155.6
5093,IR16,20127,2012,604.01
5090,IR11,20127,2012,255.9
5125,IR4,20127,2012,231.78
5608,S1348,20127,2012,280.2
6051,S1535,20127,2012,158.58
6046,S1532,20127,2012,1779.1999999999998
6036,S1527,20127,2012,7937.0
6024,S1524,20127,2012,56.13
6018,S1523,20127,2012,75.08
4400,1923,20127,2012,27844.2
4905,58,20127,2012,3226.07
4893,563,20127,2012,906.86
7621,S607,20127,2012,1567.73
7059,S2141,20127,2012,4082.68
7001,S209,20127,2012,231.88
4015,1368,20127,2012,1324.8
4007,1354,20127,2012,339.39
6300,S1694,20127,2012,169.8
6291,S1690,20127,2012,129.07999999999998
7704,S707,20127,2012,152.57999999999998
7692,S67,20127,2012,810.8
7684,S665,20127,2012,1067.32
7676,S656,20127,2012,168.15
7700,S7,20127,2012,646.56
5921,S1489,20127,2012,510.3
6007,S1521,20127,2012,249.92000000000002
5973,S1504,20127,2012,649.3199999999999
5134,IR60,20127,2012,179.8
5131,IR51,20127,2012,2530.47
5147,IR76,20127,2012,125.82
6977,S2078,20127,2012,184.1
6960,S2070,20127,2012,10648.81
4258,1758,20127,2012,315.0
7021,S2103,20127,2012,83.7
5995,S1518,20127,2012,12.5
5986,S1514,20127,2012,182.56
5952,S15,20127,2012,2365.29
7666,S655,20127,2012,1277.2900000000002
7734,S73,20127,2012,125.66999999999999
7760,S75,20127,2012,1509.76
7752,S749,20127,2012,251.76
7723,S723,20127,2012,1099.47
6911,S2037,20127,2012,288.86
5163,S0001,20127,2012,0.0
4250,1751,20127,2012,4507.67
6948,S2061,20127,2012,2757.5
6941,S2055,20127,2012,121.6
6937,S2050,20127,2012,835.17
6922,S2041,20127,2012,250.0
6992,S2084,20127,2012,48.16
4424,2,20127,2012,27612.5
4857,526,20127,2012,8242.08
4848,523,20127,2012,34.14
5935,S1497,20127,2012,270.0
3903,1144,20127,2012,433.5
3896,1130,20127,2012,10356.64
4024,1408,20127,2012,19160.0
5458,S1222,20127,2012,781.48
6336,S1702,20127,2012,73.03
6319,S1699,20127,2012,314.92
5188,S1011,20127,2012,9.6
5179,S1008,20127,2012,2198.7
4236,1729,20127,2012,11338.78
4222,1726,20127,2012,808.3299999999999
5631,S1361,20127,2012,8581.46
3885,112,20127,2012,1581.3
7791,S777,20127,2012,472.55
7810,S798,20127,2012,45.97
7802,S78,20127,2012,750.0
4439,2031,20127,2012,555.0
4836,518,20127,2012,324.43
4834,517,20127,2012,671.16
5433,S1209,20127,2012,47.92
4034,1424,20127,2012,195.0
6366,S1721,20127,2012,10408.22
5196,S1021,20127,2012,475.3
5205,S1022,20127,2012,186.14
6894,S2026,20127,2012,12.5
6888,S2024,20127,2012,160.1
6874,S2017,20127,2012,20056.9
4818,507,20127,2012,197.57999999999998
7843,S828,20127,2012,551.6
7833,S824,20127,2012,0.0
4467,255,20127,2012,1358.16
4806,503,20127,2012,562.7
4802,500,20127,2012,1636.5
4455,23,20127,2012,0.0
4452,226,20127,2012,498.42
3874,1119,20127,2012,5332.04
6844,S20,20127,2012,1771.66
6832,S1985,20127,2012,314.28
6825,S1983,20127,2012,991.3199999999999
6837,S1993,20127,2012,923.12
6814,S1982,20127,2012,1891.55
6802,S1979,20127,2012,1414.98
6795,S1971,20127,2012,1253.27
6311,S1696,20127,2012,1118.63
4046,1504,20127,2012,3551.78
5440,S1212,20127,2012,4669.74
3862,11,20127,2012,1390.1
5643,S1364,20127,2012,176.59
5911,S1487,20127,2012,2467.91
7871,S852,20127,2012,807.71
7858,S84,20127,2012,218.5
7889,S866,20127,2012,409.03000000000003
6739,S1939,20127,2012,375.48
6780,S1962,20127,2012,945.36
4212,1718,20127,2012,279.3
4200,1712,20127,2012,5525.75
6772,S1957,20127,2012,115.28
6857,S2004,20127,2012,5130.03
5668,S1378,20127,2012,451.12
3844,1079,20127,2012,4433.31
5891,S1480,20127,2012,329.49
5878,S1478,20127,2012,217.0
5872,S1474,20127,2012,218.34
7962,S940,20127,2012,384.0
7926,S902,20127,2012,5658.900000000001
7938,S908,20127,2012,1370.8
6442,S1752,20127,2012,1562.0
5423,S1203,20127,2012,156.88
5412,S1198,20127,2012,258.0
6398,S1736,20127,2012,11030.2
6763,S1956,20127,2012,32.06
5213,S1024,20127,2012,151.41000000000003
4187,1704,20127,2012,6056.2
6760,S1955,20127,2012,111.19
7894,S869,20127,2012,605.5
7881,S860,20127,2012,1456.0
8001,S986,20127,2012,31.18
7956,S937,20127,2012,118.02
7948,S921,20127,2012,20.0
7982,S962,20127,2012,4838.76
7969,S941,20127,2012,415.57
5861,S1467,20127,2012,12.5
3832,1065,20127,2012,778.27
5290,S1141,20127,2012,870.9599999999999
5280,S1140,20127,2012,2772.41
6666,S19,20127,2012,70.0
6731,S1934,20127,2012,750.68
6730,S1933,20127,2012,395.68
6725,S1932,20127,2012,1826.6
5241,S1106,20127,2012,633.02
5262,S1125,20127,2012,182.26
6716,S193,20127,2012,4217.99
5851,S1462,20127,2012,12.5
5846,S1459,20127,2012,74.1
5832,S1455,20127,2012,623.52
5823,S1454,20127,2012,778.05
4478,257,20127,2012,1206.7
4768,473,20127,2012,15548.14
4748,460,20127,2012,13265.220000000001
6468,S1756,20127,2012,456.76
6440,S1751,20127,2012,67.2
6432,S1750,20127,2012,943.52
6429,S175,20127,2012,1197.04
6413,S1738,20127,2012,85.0
4125,1607,20127,2012,3597.74
6709,S1927,20127,2012,294.20000000000005
6703,S1926,20127,2012,2810.7799999999997
4164,1669,20127,2012,351.6
4159,1653,20127,2012,0.0
8017,S995,20127,2012,906.35
8035,s1075,20127,2012,182.3
8029,s0001,20127,2012,0.0
8042,s110,20127,2012,287.56
4501,297,20127,2012,1015.8000000000001
4739,447,20127,2012,372.4
4728,443,20127,2012,0.0
5690,S1390,20127,2012,990.0
5683,S1388,20127,2012,1007.49
6629,S1871,20127,2012,32.79
6623,S187,20127,2012,34.28
6694,S1919,20127,2012,576.0
4154,1652,20127,2012,1765.4
4140,1616,20127,2012,5064.85
5302,S1145,20127,2012,140.48000000000002
4132,1609,20127,2012,0.0
6385,S1730,20127,2012,4435.61
6479,S1759,20127,2012,60.519999999999996
5814,S1453,20127,2012,381.57
5801,S1450,20127,2012,0.0
5795,S1448,20127,2012,94.82
3790,1028,20127,2012,11664.5
4486,262,20127,2012,724.05
4524,323,20127,2012,29.9
4721,441,20127,2012,2969.88
4709,440,20127,2012,104.68
4513,30,20127,2012,1591.77
6503,S1777,20127,2012,254.97
6495,S177,20127,2012,1636.16
6561,S1818,20127,2012,1847.94
6677,S1912,20127,2012,344.22
6675,S1909,20127,2012,313.06
6610,S1868,20127,2012,87.5
6642,S1883,20127,2012,1030.6799999999998
8010,S99,20127,2012,80.78
4695,431,20127,2012,2048.4
8078,s1412,20127,2012,232.79
8066,s140,20127,2012,195.16
8061,s13,20127,2012,71.12
3778,100,20127,2012,1594.5
5321,S1158,20127,2012,87.54
6617,S1869,20127,2012,1721.02
6589,S1858,20127,2012,68.5
6570,S184,20127,2012,101.3
6515,S1792,20127,2012,591.12
5396,S1192,20127,2012,164.0
5787,S1446,20127,2012,65.53999999999999
5775,S1442,20127,2012,388.66
3821,106,20127,2012,303.28999999999996
5707,S1402,20127,2012,897.28
5700,S1394,20127,2012,525.6
8053,s1212,20127,2012,829.32
4547,336,20127,2012,2539.6000000000004
4541,328,20127,2012,4482.51
8127,s1873,20127,2012,110.87
8097,s1539,20127,2012,25.82
4076,1540,20127,2012,4267.22
4071,1522,20127,2012,0.0
4114,1602,20127,2012,2381.63
4106,16,20127,2012,50.5
4101,1598,20127,2012,8390.0
5346,S1173,20127,2012,220.5
5339,S1169,20127,2012,541.9
6525,S1802,20127,2012,640.0
6548,S1815,20127,2012,0.0
5328,S1166,20127,2012,382.42
4067,1515,20127,2012,21992.33
5388,S1190,20127,2012,1728.74
5372,S1186,20127,2012,2879.05
6522,S1801,20127,2012,30.33
6580,S185,20127,2012,1707.8400000000001
4088,1556,20127,2012,137.0
5364,S1182,20127,2012,12.5
5357,S118,20127,2012,662.65
4083,1542,20127,2012,2870.4
8091,s149,20127,2012,77.62
8112,s178,20127,2012,12.5
8167,s2022,20127,2012,3610.9
4673,417,20127,2012,39.72
4670,413,20127,2012,258.24
4558,340,20127,2012,163.92000000000002
8153,s2004,20127,2012,1699.4099999999999
8145,s1977,20127,2012,929.29
8139,s1972,20127,2012,208.97
8158,s202,20127,2012,289.86
8226,s3,20127,2012,74.86
8267,s962,20127,2012,2377.7
8237,s47,20127,2012,153.68
4652,395,20127,2012,836.03
8247,s654,20127,2012,1866.29
4665,404,20127,2012,74.4
8261,s83,20127,2012,375.12
4646,393,20127,2012,295.4
4568,342,20128,2012,2302.12
4661,400,20128,2012,1208.0
4653,395,20128,2012,32.7
8227,s3,20128,2012,366.81
8184,s2265,20128,2012,33.07
8219,s260,20128,2012,200.85
8176,s212,20128,2012,15.84
4596,353,20128,2012,1520.71
4586,352,20128,2012,105.35
4613,373,20128,2012,279.25
4647,393,20128,2012,1417.92
6480,S1759,20128,2012,105.56
6533,S1807,20128,2012,47.45
4068,1515,20128,2012,155.07
4061,1512,20128,2012,456.6
5389,S1190,20128,2012,2526.04
5373,S1186,20128,2012,1036.09
6516,S1792,20128,2012,4830.14
4096,1575,20128,2012,185.3
4085,1545,20128,2012,54.269999999999996
4081,1541,20128,2012,79.6
4077,1540,20128,2012,4260.0
4115,1602,20128,2012,552.3499999999999
4107,16,20128,2012,71.92999999999999
5340,S1169,20128,2012,1631.01
6545,S1813,20128,2012,92.91
5329,S1166,20128,2012,8.54
6581,S185,20128,2012,4023.44
6618,S1869,20128,2012,1065.44
6571,S184,20128,2012,373.15999999999997
6562,S1818,20128,2012,152.72
5397,S1192,20128,2012,54.07
6501,S1774,20128,2012,317.2
6451,S1754,20128,2012,136.45
6653,S1892,20128,2012,33.129999999999995
6643,S1883,20128,2012,748.6
6680,S1915,20128,2012,463.47
6640,S1882,20128,2012,87.95
6630,S1871,20128,2012,21.08
6686,S1916,20128,2012,29.96
4147,1641,20128,2012,1179.0
5308,S1155,20128,2012,244.55
4126,1607,20128,2012,14986.16
6469,S1756,20128,2012,1131.45
6458,S1755,20128,2012,862.0
6420,S1739,20128,2012,183.59
6704,S1926,20128,2012,916.09
4168,167,20128,2012,311.04
4165,1669,20128,2012,956.6
5291,S1141,20128,2012,80.98
5281,S1140,20128,2012,15339.95
6667,S19,20128,2012,1076.26
6726,S1932,20128,2012,3830.8799999999997
5271,S1135,20128,2012,425.66
5253,S1117,20128,2012,25880.09
6717,S193,20128,2012,1579.6
6360,S1720,20128,2012,62.5
6443,S1752,20128,2012,225.5
5426,S1206,20128,2012,202.59
5424,S1203,20128,2012,97.63
5413,S1198,20128,2012,113.07
6399,S1736,20128,2012,13571.12
6386,S1730,20128,2012,3937.42
6710,S1927,20128,2012,536.7
5214,S1024,20128,2012,1334.57
4188,1704,20128,2012,470.0
5242,S1106,20128,2012,390.85
6757,S1952,20128,2012,140.99
6746,S1940,20128,2012,1568.75
6732,S1934,20128,2012,82.65
6781,S1962,20128,2012,690.84
4213,1718,20128,2012,338.3
4201,1712,20128,2012,790.5
5217,S103,20128,2012,38.86
6796,S1971,20128,2012,1724.8600000000001
6845,S20,20128,2012,229.94
6838,S1993,20128,2012,593.0
6815,S1982,20128,2012,1058.23
4056,1506,20128,2012,2659.8
4047,1504,20128,2012,3758.84
5441,S1212,20128,2012,2238.0099999999998
4035,1424,20128,2012,350.0
6367,S1721,20128,2012,8773.48
6787,S197,20128,2012,0.0
5195,S1016,20128,2012,260.9
6895,S2026,20128,2012,12.5
6883,S202,20128,2012,2090.4900000000002
6875,S2017,20128,2012,75.0
6872,S2014,20128,2012,752.11
6864,S2007,20128,2012,114.96000000000001
4025,1408,20128,2012,38320.0
6337,S1702,20128,2012,967.01
6329,S1700,20128,2012,91.22
6326,S17,20128,2012,691.6
6320,S1699,20128,2012,169.96
6312,S1696,20128,2012,308.18
6858,S2004,20128,2012,5138.04
5189,S1011,20128,2012,289.1
5180,S1008,20128,2012,1897.55
4237,1729,20128,2012,7625.4400000000005
4223,1726,20128,2012,136.6
6912,S2037,20128,2012,322.71000000000004
5164,S0001,20128,2012,0.0
4244,1746,20128,2012,3953.1
6949,S2061,20128,2012,340.31
6923,S2041,20128,2012,411.15
6987,S2081,20128,2012,383.90999999999997
5154,IR9,20128,2012,59.06
5149,IR77,20128,2012,379.98
5146,IR72,20128,2012,76.65
6978,S2078,20128,2012,85.54
6961,S2070,20128,2012,1776.9299999999998
7002,S209,20128,2012,64.22
6998,S2085,20128,2012,81.39
6301,S1694,20128,2012,4.94
7051,S2133,20128,2012,222.02
7075,S2144,20128,2012,740.78
5096,IR21,20128,2012,865.5
5115,IR39,20128,2012,21.08
7107,S217,20128,2012,152.8
4265,1769,20128,2012,326.58
7091,S2152,20128,2012,261.66
7088,S2150,20128,2012,12.5
7068,S2143,20128,2012,734.3199999999999
3998,1351,20128,2012,819.24
6235,S1637,20128,2012,523.84
6255,S165,20128,2012,77.75
6243,S1643,20128,2012,324.3
7171,S2193,20128,2012,185.13
5083,99,20128,2012,1266.8
5073,920,20128,2012,0.0
5072,90,20128,2012,111.0
4277,1793,20128,2012,2668.38
7143,S218,20128,2012,8308.92
7111,S2170,20128,2012,300.8
7181,S220,20128,2012,906.64
4299,1819,20128,2012,14219.970000000001
4287,1803,20128,2012,8937.11
7161,S2191,20128,2012,686.99
7137,S2179,20128,2012,3238.75
7126,S2177,20128,2012,1760.0
6223,S1630,20128,2012,72.33
6219,S1625,20128,2012,253.75
6218,S1624,20128,2012,23.84
5484,S1265,20128,2012,789.67
3980,131,20128,2012,144.82
3971,13,20128,2012,368.24
7152,S219,20128,2012,3930.7599999999998
7203,S2206,20128,2012,89.75
7196,S2205,20128,2012,269.72
4311,1827,20128,2012,269.94
5051,84,20128,2012,1502.36
7191,S2202,20128,2012,13.5
7263,S2258,20128,2012,56.69
5035,819,20128,2012,6285.32
7249,S2250,20128,2012,2488.09
7230,S2245,20128,2012,43.010000000000005
7227,S223,20128,2012,2041.2
5511,S129,20128,2012,140.99
5499,S1269,20128,2012,599.0
3962,1270,20128,2012,959.0500000000001
3948,1225,20128,2012,2200.95
3935,12000,20128,2012,25305.0
7285,S23,20128,2012,0.0
7307,S2321,20128,2012,306.05
4339,1856,20128,2012,112.95
5025,81,20128,2012,3917.05
5013,805,20128,2012,4402.54
7272,S227,20128,2012,93.83000000000001
7268,S2263,20128,2012,420.0
5519,S1294,20128,2012,106.56
5553,S1318,20128,2012,103.3
5552,S1317,20128,2012,137.5
6190,S1600,20128,2012,214.51
4350,1863,20128,2012,4122.04
5004,801,20128,2012,510.56000000000006
4992,791,20128,2012,34612.0
7328,S2341,20128,2012,806.5600000000001
7304,S232,20128,2012,124.98
7290,S2302,20128,2012,43.46
7287,S230,20128,2012,99.8
7424,S299,20128,2012,955.0
7394,S249,20128,2012,5081.59
7377,S243,20128,2012,1728.31
7363,S24,20128,2012,709.77
7345,S236,20128,2012,1428.21
5549,S1311,20128,2012,396.0
6165,S158,20128,2012,94.54
6157,S1579,20128,2012,249.0
6148,S1575,20128,2012,671.0
6132,S1563,20128,2012,306.9
4943,67,20128,2012,192.85
4980,771,20128,2012,64.67999999999999
4971,767,20128,2012,228.14
7460,S318,20128,2012,387.26
7448,S312,20128,2012,1426.45
6057,S1537,20128,2012,440.15
6120,S1555,20128,2012,24.3
5566,S1322,20128,2012,2444.77
5556,S1320,20128,2012,29.3
5594,S1336,20128,2012,356.79999999999995
5589,S1334,20128,2012,65.99000000000001
6109,S1550,20128,2012,121.44
6104,S1548,20128,2012,368.64
6088,S1542,20128,2012,202.34
7436,S3,20128,2012,6747.4
4954,75,20128,2012,13806.06
7507,S458,20128,2012,188.72
7515,S462,20128,2012,71.75
7471,S361,20128,2012,56.18
7488,S42,20128,2012,755.63
7479,S41,20128,2012,0.0
7543,S473,20128,2012,1079.68
7571,S484,20128,2012,29.34
4931,628,20128,2012,12518.41
7537,S471,20128,2012,691.32
6080,S1540,20128,2012,84.85
5580,S1329,20128,2012,72.29
5576,S1325,20128,2012,19.35
3921,1186,20128,2012,0.0
7633,S639,20128,2012,39.16
7629,S637,20128,2012,261.2
7622,S607,20128,2012,953.8799999999999
7613,S60,20128,2012,37.5
7591,S512,20128,2012,134.44
7585,S511,20128,2012,585.0
7569,S480,20128,2012,418.51
7561,S479,20128,2012,74.97999999999999
7521,S464,20128,2012,657.24
7641,S647,20128,2012,623.72
4389,1915,20128,2012,74.69
4386,1903,20128,2012,117.6
4915,59,20128,2012,11488.0
7608,S551,20128,2012,12.5
5943,S1498,20128,2012,34.26
6065,S1539,20128,2012,5889.8099999999995
5603,S1347,20128,2012,12.5
5614,S1353,20128,2012,50.6
6052,S1535,20128,2012,532.1800000000001
6037,S1527,20128,2012,2479.09
7596,S523,20128,2012,360.0
7677,S656,20128,2012,12.5
4413,1942,20128,2012,264.9
4411,1941,20128,2012,2033.0
4401,1923,20128,2012,0.0
4906,58,20128,2012,413.6
4894,563,20128,2012,894.3
7655,S654,20128,2012,26878.1
7705,S707,20128,2012,320.4
7685,S665,20128,2012,3268.0
7701,S7,20128,2012,100.52
7693,S67,20128,2012,8023.91
7667,S655,20128,2012,116.97999999999999
6008,S1521,20128,2012,632.9200000000001
5996,S1518,20128,2012,347.19
5987,S1514,20128,2012,130.98
5979,S1507,20128,2012,252.44
5963,S1502,20128,2012,82.88
5953,S15,20128,2012,1933.58
7770,S751,20128,2012,337.8
4864,528,20128,2012,661.5
4858,526,20128,2012,544.47
7735,S73,20128,2012,594.3
7761,S75,20128,2012,1083.05
7724,S723,20128,2012,246.05
4430,2010,20128,2012,1280.98
4425,2,20128,2012,25876.0
4849,523,20128,2012,1143.25
4842,519,20128,2012,5.64
7786,S77,20128,2012,35.47
5936,S1497,20128,2012,101.34
3897,1130,20128,2012,12790.24
5632,S1361,20128,2012,3505.4700000000003
5621,S1354,20128,2012,454.59
5922,S1489,20128,2012,274.5
7775,S763,20128,2012,664.62
7803,S78,20128,2012,1715.02
4440,2031,20128,2012,2360.4
4825,509,20128,2012,48.35
7834,S824,20128,2012,741.55
4459,245,20128,2012,300.0
4807,503,20128,2012,147.0
4457,24,20128,2012,255.44
4453,226,20128,2012,160.64
5866,S1468,20128,2012,138.01999999999998
5912,S1487,20128,2012,492.38
3875,1119,20128,2012,1193.22
3863,11,20128,2012,1036.47
5657,S1370,20128,2012,46.38
5651,S1367,20128,2012,1499.22
5644,S1364,20128,2012,373.89
7792,S777,20128,2012,54.46
7859,S84,20128,2012,131.92000000000002
7853,S837,20128,2012,125.12
7883,S863,20128,2012,107.46
7824,S816,20128,2012,55.2
7813,S799,20128,2012,345.6
5833,S1455,20128,2012,483.09000000000003
5892,S1480,20128,2012,50.36
3853,1082,20128,2012,790.0
3845,1079,20128,2012,3773.19
3833,1065,20128,2012,777.15
7844,S828,20128,2012,1580.6100000000001
7963,S940,20128,2012,582.46
7914,S89,20128,2012,268.91999999999996
7942,S917,20128,2012,486.4
7927,S902,20128,2012,16374.050000000001
7904,S877,20128,2012,541.1
7872,S852,20128,2012,496.69
7998,S981,20128,2012,2574.05
4774,477,20128,2012,19.86
4769,473,20128,2012,2695.1400000000003
4468,255,20128,2012,5174.8
7957,S938,20128,2012,0.0
7983,S962,20128,2012,10071.13
7970,S941,20128,2012,1264.1
5862,S1467,20128,2012,74.57
5852,S1462,20128,2012,45.37
5847,S1459,20128,2012,36.25
5824,S1454,20128,2012,772.51
5815,S1453,20128,2012,353.32000000000005
4479,257,20128,2012,356.13
4765,471,20128,2012,58.11
4749,460,20128,2012,0.0
8018,S995,20128,2012,1238.3400000000001
7992,S964,20128,2012,166.57
8002,S986,20128,2012,73.8
8043,s110,20128,2012,65.24
4740,447,20128,2012,295.03999999999996
4732,446,20128,2012,2961.2
4727,442,20128,2012,60.05
4487,262,20128,2012,42.11
5752,S1438,20128,2012,46.1
5685,S1389,20128,2012,268.56
5678,S1387,20128,2012,73.5
5803,S1451,20128,2012,255.0
5796,S1448,20128,2012,12.5
4531,327,20128,2012,658.56
4525,323,20128,2012,241.84
4722,441,20128,2012,2301.29
4710,440,20128,2012,1418.8999999999999
4514,30,20128,2012,5092.36
8036,s1075,20128,2012,585.37
4696,431,20128,2012,1220.4
8079,s1412,20128,2012,238.94
8067,s140,20128,2012,708.47
8054,s1212,20128,2012,249.38
3779,100,20128,2012,618.88
5776,S1442,20128,2012,656.85
3822,106,20128,2012,354.90000000000003
5767,S1441,20128,2012,74.72999999999999
5761,S1440,20128,2012,136.42000000000002
5756,S1439,20128,2012,240.0
4542,328,20128,2012,14208.44
8128,s1873,20128,2012,527.3199999999999
8108,s174,20128,2012,798.9200000000001
8092,s149,20128,2012,1074.2
8119,s1849,20128,2012,148.28
8168,s2022,20128,2012,752.08
8134,s1896,20128,2012,43.8
8173,s2071,20128,2012,65.39
5726,S1425,20128,2012,55.46
5718,S1412,20128,2012,4515.65
3802,1039,20128,2012,3663.9
5747,S1437,20128,2012,94.68
8154,s2004,20128,2012,2827.0299999999997
4638,388,20128,2012,2395.9
4578,349,20128,2012,21.46
4626,378,20128,2012,262.2
4623,377,20128,2012,1824.0
8268,s962,20128,2012,317.25
8248,s654,20128,2012,849.59
7250,S2250,20129,2012,1904.42
5036,819,20129,2012,2584.56
4323,1830,20129,2012,491.9
7226,S2225,20129,2012,535.65
7231,S2245,20129,2012,0.0
3814,1058,20129,2012,10255.96
3823,106,20129,2012,71.28
5729,S143,20129,2012,53.58
4614,373,20129,2012,231.75
4569,342,20129,2012,1609.25
4639,388,20129,2012,830.15
4644,389,20129,2012,9665.22
4587,352,20129,2012,856.63
4602,356,20129,2012,595.2
8174,s2071,20129,2012,148.41
8194,s2311,20129,2012,600.0
6504,S1777,20129,2012,107.74
6509,S1784,20129,2012,94.98
6517,S1792,20129,2012,692.72
5374,S1186,20129,2012,1881.1
4460,245,20129,2012,0.0
7845,S828,20129,2012,52.379999999999995
7814,S799,20129,2012,263.06
4454,226,20129,2012,143.68
4808,503,20129,2012,24.5
4458,24,20129,2012,118.0
5398,S1192,20129,2012,276.54
5405,S1193,20129,2012,46.92
3803,1039,20129,2012,9700.46
5719,S1412,20129,2012,8988.44
4630,384,20129,2012,772.0
7241,S225,20129,2012,136.0
5797,S1448,20129,2012,59.54
5005,801,20129,2012,3660.0
7264,S2258,20129,2012,51.38
7266,S226,20129,2012,140.4
7269,S2263,20129,2012,32.0
5014,805,20129,2012,2152.0
5026,81,20129,2012,2261.6499999999996
6534,S1807,20129,2012,450.0
4082,1541,20129,2012,73.4
4819,507,20129,2012,501.0
4830,512,20129,2012,755.9
4837,518,20129,2012,179.33
4441,2031,20129,2012,546.8
4444,205,20129,2012,122.74
7804,S78,20129,2012,794.27
7793,S777,20129,2012,1030.0
4108,16,20129,2012,32.01
7873,S852,20129,2012,196.47
4794,494,20129,2012,987.16
7884,S863,20129,2012,111.26
7860,S84,20129,2012,42.0
5379,S1187,20129,2012,116.36000000000001
5390,S1190,20129,2012,1798.67
4062,1512,20129,2012,2707.0
5084,99,20129,2012,2439.74
7162,S2191,20129,2012,112.0
7172,S2193,20129,2012,265.86
7144,S218,20129,2012,1202.5
7127,S2177,20129,2012,1948.8600000000001
7138,S2179,20129,2012,2591.0
4288,1803,20129,2012,1528.25
5825,S1454,20129,2012,745.55
5074,920,20129,2012,4587.8
4332,1850,20129,2012,279.26
4340,1856,20129,2012,128.7
7288,S230,20129,2012,1523.84
7291,S2302,20129,2012,21.5
5834,S1455,20129,2012,81.39
5848,S1459,20129,2012,18.0
4116,1602,20129,2012,336.12
6563,S1818,20129,2012,1416.04
4097,1575,20129,2012,232.0
6546,S1813,20129,2012,21.36
6549,S1815,20129,2012,11.5
6526,S1802,20129,2012,1408.0
5341,S1169,20129,2012,151.47
5350,S1179,20129,2012,34.91
4102,1598,20129,2012,26833.0
7771,S751,20129,2012,78.5
7776,S763,20129,2012,49.0
7782,S766,20129,2012,286.09000000000003
4420,1995,20129,2012,2492.75
4426,2,20129,2012,33280.0
6611,S1868,20129,2012,270.91999999999996
6414,S1738,20129,2012,954.46
6421,S1739,20129,2012,296.3
6433,S1750,20129,2012,264.5
6459,S1755,20129,2012,270.0
5669,S1378,20129,2012,252.9
7117,S2176,20129,2012,170.49
7315,S2322,20129,2012,283.4
7329,S2341,20129,2012,240.0
7331,S235,20129,2012,1539.45
4278,1793,20129,2012,2349.35
4871,535,20129,2012,2161.8
4873,536,20129,2012,36.75
4874,537,20129,2012,2788.6
4875,539,20129,2012,123.2
5427,S1206,20129,2012,1251.1799999999998
7919,S90,20129,2012,147.9
7895,S869,20129,2012,159.81
7905,S877,20129,2012,169.44
7928,S902,20129,2012,3156.67
7943,S917,20129,2012,291.26
4993,791,20129,2012,122620.74
4351,1863,20129,2012,15437.8
5863,S1467,20129,2012,227.75
7912,S888,20129,2012,758.17
6582,S185,20129,2012,848.13
6597,S1859,20129,2012,138.81
7350,S237,20129,2012,261.6
7353,S239,20129,2012,250.73000000000002
5883,S1479,20129,2012,418.32
3834,1065,20129,2012,1164.0
3846,1079,20129,2012,1722.52
5658,S1370,20129,2012,45.5
5661,S1376,20129,2012,885.3
5893,S1480,20129,2012,335.49
5904,S1486,20129,2012,228.66
6407,S1737,20129,2012,730.54
6400,S1736,20129,2012,12558.41
7753,S749,20129,2012,260.0
4859,526,20129,2012,4324.27
4865,530,20129,2012,1469.28
4868,533,20129,2012,295.2
4869,534,20129,2012,731.5999999999999
5112,IR36,20129,2012,57.56
5116,IR39,20129,2012,31.93
5126,IR4,20129,2012,2302.63
5091,IR11,20129,2012,124.7
5097,IR21,20129,2012,454.13
7078,S2145,20129,2012,223.8
7037,S2116,20129,2012,287.01
7041,S2118,20129,2012,1528.5
7045,S2125,20129,2012,78.38
7054,S2135,20129,2012,194.1
7069,S2143,20129,2012,237.93
5645,S1364,20129,2012,258.44
5652,S1367,20129,2012,229.59
4268,1783,20129,2012,13520.19
7089,S2150,20129,2012,117.0
7346,S236,20129,2012,1341.35
4048,1504,20129,2012,2824.92
7984,S962,20129,2012,3853.48
7971,S941,20129,2012,574.41
5330,S1166,20129,2012,577.58
4469,255,20129,2012,3464.4
6368,S1721,20129,2012,3249.4100000000003
6387,S1730,20129,2012,3341.2
3864,11,20129,2012,1961.24
3876,1119,20129,2012,7900.85
5913,S1487,20129,2012,2185.87
5917,S1488,20129,2012,131.92000000000002
5923,S1489,20129,2012,188.5
3889,1121,20129,2012,186.2
5622,S1354,20129,2012,286.96
5633,S1361,20129,2012,4280.76
3898,1130,20129,2012,8406.93
7995,S968,20129,2012,57.9
7999,S981,20129,2012,86.76
3907,115,20129,2012,2887.4
4259,1758,20129,2012,971.1999999999999
5108,IR31,20129,2012,0.0
7382,S244,20129,2012,12.5
7385,S247,20129,2012,96.80999999999999
7367,S240,20129,2012,327.5
5954,S15,20129,2012,1493.38
5960,S1501,20129,2012,36.0
6633,S1879,20129,2012,152.05
7725,S723,20129,2012,259.0
7736,S73,20129,2012,2129.0
6349,S1706,20129,2012,105.82
4036,1424,20129,2012,80.0
5442,S1212,20129,2012,3778.85
5964,S1502,20129,2012,41.84
7060,S2141,20129,2012,82.17
7378,S243,20129,2012,600.47
7410,S267,20129,2012,12.5
7029,S2110,20129,2012,454.86
7003,S209,20129,2012,12.5
5451,S1219,20129,2012,1144.56
6668,S19,20129,2012,1185.6
6681,S1915,20129,2012,401.26
6644,S1883,20129,2012,0.0
6654,S1892,20129,2012,66.5
5315,S1156,20129,2012,51.5
4026,1408,20129,2012,20008.0
4770,473,20129,2012,545.4
4775,477,20129,2012,19.86
7993,S964,20129,2012,67.00999999999999
4778,478,20129,2012,1089.6
4785,490,20129,2012,222.9
4747,458,20129,2012,279.6
4750,460,20129,2012,0.0
4754,462,20129,2012,92.56
4757,463,20129,2012,583.05
6330,S1700,20129,2012,313.26
6338,S1702,20129,2012,1710.49
6342,S1703,20129,2012,168.65
8019,S995,20129,2012,688.23
5466,S124,20129,2012,506.95
5470,S1247,20129,2012,259.74
7025,S2108,20129,2012,284.48
7395,S249,20129,2012,206.3
6988,S2081,20129,2012,69.82
7415,S284,20129,2012,35.5
4741,447,20129,2012,25.0
4502,297,20129,2012,1687.09
8037,s1075,20129,2012,409.76
4127,1607,20129,2012,2285.18
7706,S707,20129,2012,302.4
7712,S717,20129,2012,344.78999999999996
5303,S1145,20129,2012,338.54
5309,S1155,20129,2012,711.97
4141,1616,20129,2012,69637.19
6695,S1919,20129,2012,968.8
6321,S1699,20129,2012,40.8
6975,S2077,20129,2012,16.1
5155,IR9,20129,2012,1886.8799999999999
5135,IR60,20129,2012,179.8
6025,S1524,20129,2012,163.5
5988,S1514,20129,2012,140.76
4515,30,20129,2012,2849.07
4711,440,20129,2012,72.39
4723,441,20129,2012,966.41
4526,323,20129,2012,440.15999999999997
5990,S1516,20129,2012,22.92
5997,S1518,20129,2012,28.0
5974,S1504,20129,2012,103.75999999999999
4245,1746,20129,2012,3756.24
5165,S0001,20129,2012,0.0
4155,1652,20129,2012,9059.66
5282,S1140,20129,2012,9727.72
5292,S1141,20129,2012,43.1
4177,170,20129,2012,2893.45
6705,S1926,20129,2012,1090.03
6327,S17,20129,2012,675.2
4482,258,20129,2012,66.72
6290,S1686,20129,2012,66.42
6302,S1694,20129,2012,916.38
5171,S1002,20129,2012,1379.65
6962,S2070,20129,2012,2599.04
7425,S299,20129,2012,720.4
7437,S3,20129,2012,954.85
6938,S2050,20129,2012,286.96
7449,S312,20129,2012,1122.2
7461,S318,20129,2012,439.5
4972,767,20129,2012,906.5500000000001
6950,S2061,20129,2012,196.82
6009,S1521,20129,2012,286.07
4008,1354,20129,2012,387.69
7694,S67,20129,2012,1222.35
6718,S193,20129,2012,1098.0
8055,s1212,20129,2012,246.97
6028,S1526,20129,2012,350.0
6913,S2037,20129,2012,143.14000000000001
4238,1729,20129,2012,27898.3
5181,S1008,20129,2012,2882.25
5190,S1011,20129,2012,839.24
4981,771,20129,2012,239.22
7480,S41,20129,2012,193.84
7489,S42,20129,2012,884.11
6924,S2041,20129,2012,129.6
6930,S2046,20129,2012,340.52
6038,S1527,20129,2012,10103.09
8068,s140,20129,2012,350.25
8080,s1412,20129,2012,136.14
8084,s148,20129,2012,250.2
6273,S1672,20129,2012,267.0
6280,S1674,20129,2012,39.980000000000004
6264,S1668,20129,2012,281.62
8113,s178,20129,2012,132.57
8093,s149,20129,2012,252.0
8096,s15,20129,2012,100.17
8102,s1721,20129,2012,101.64
8129,s1873,20129,2012,211.5
7678,S656,20129,2012,472.0
7668,S655,20129,2012,89.15
6236,S1637,20129,2012,906.2
3989,1341,20129,2012,564.9
3999,1351,20129,2012,283.23
7516,S462,20129,2012,43.41
7508,S458,20129,2012,137.36
5206,S1022,20129,2012,1319.9
5197,S1021,20129,2012,76.5
8269,s962,20129,2012,365.58
6733,S1934,20129,2012,69.13
4387,1903,20129,2012,158.73000000000002
7642,S647,20129,2012,1655.8
7656,S654,20129,2012,11149.8
5508,S1282,20129,2012,423.0
7466,S329,20129,2012,202.26
7472,S364,20129,2012,0.0
6066,S1539,20129,2012,2125.85
3914,1160,20129,2012,12804.25
3922,1186,20129,2012,1065.56
3972,13,20129,2012,39.55
5485,S1265,20129,2012,237.07999999999998
6220,S1625,20129,2012,66.5
6224,S1630,20129,2012,106.58
6244,S1643,20129,2012,423.26
8109,s174,20129,2012,2597.08
6876,S2017,20129,2012,1447.2
6889,S2024,20129,2012,13323.39
6903,S2033,20129,2012,65.7
4944,67,20129,2012,352.52
4955,75,20129,2012,15133.09
4962,752,20129,2012,2668.97
6071,S154,20129,2012,916.91
6081,S1540,20129,2012,1210.52
8155,s2004,20129,2012,851.25
5530,S1296,20129,2012,277.84000000000003
3949,1225,20129,2012,5719.35
5500,S1269,20129,2012,1019.36
5254,S1117,20129,2012,0.0
5263,S1125,20129,2012,918.9
5266,S1128,20129,2012,173.95
6727,S1932,20129,2012,90.5
5250,S1111,20129,2012,0.0
4189,1704,20129,2012,4208.5
4193,1709,20129,2012,45.44
6764,S1956,20129,2012,29.38
5540,S1297,20129,2012,20.259999999999998
5546,S1308,20129,2012,0.0
5520,S1294,20129,2012,126.17
4543,328,20129,2012,4406.35
4662,400,20129,2012,753.4
6098,S1546,20129,2012,515.97
6105,S1548,20129,2012,1343.08
6116,S1552,20129,2012,237.46
8249,s654,20129,2012,855.16
8255,s828,20129,2012,473.38
8228,s3,20129,2012,11.0
5577,S1325,20129,2012,10447.34
6206,S1613,20129,2012,764.9200000000001
6215,S1622,20129,2012,594.72
8159,s202,20129,2012,3930.54
4895,563,20129,2012,1057.42
6839,S1993,20129,2012,539.3
6846,S20,20129,2012,297.15
6859,S2004,20129,2012,2017.98
7531,S470,20129,2012,48.16
5590,S1334,20129,2012,146.82999999999998
5557,S1320,20129,2012,81.34
5567,S1322,20129,2012,1803.2
7544,S473,20129,2012,37.91
4907,58,20129,2012,879.33
4414,1992,20129,2012,253.44
6747,S1940,20129,2012,2198.3999999999996
5243,S1106,20129,2012,260.0
5223,S1069,20129,2012,601.93
4366,1882,20129,2012,963.04
4378,1898,20129,2012,527.96
5225,S109,20129,2012,115.86
4202,1712,20129,2012,1878.7
4214,1718,20129,2012,520.04
4686,430,20129,2012,3000.95
7522,S464,20129,2012,356.07
6816,S1982,20129,2012,734.9499999999999
6826,S1983,20129,2012,571.41
4932,628,20129,2012,135669.07
8214,s26,20129,2012,329.46
8220,s260,20129,2012,14.87
8185,s2265,20129,2012,10.33
7623,S607,20129,2012,3583.13
7634,S639,20129,2012,0.0
6782,S1962,20129,2012,36.36
6797,S1971,20129,2012,2112.3
6803,S1979,20129,2012,88.82
6158,S1579,20129,2012,2605.21
6166,S158,20129,2012,97.88
4559,340,20129,2012,147.84
4671,413,20129,2012,0.0
5218,S103,20129,2012,12.5
5220,S1040,20129,2012,75.00999999999999
8186,s227,20129,2012,1002.47
8188,s2270,20129,2012,296.32
6149,S1575,20129,2012,350.97
7582,S508,20129,2012,1216.01
7575,S485,20129,2012,52.06
7562,S479,20129,2012,398.66999999999996
8169,s2022,20129,2012,276.5
4057,1506,20129,2012,1346.4
6470,S1756,20129,2012,884.0799999999999
6488,S1761,20129,2012,12.26
5777,S1442,20129,2012,165.23000000000002
5788,S1446,20129,2012,892.22
3780,100,20129,2012,1466.1599999999999
7185,S2201,20129,2012,0.0
5065,863,20129,2012,70.0
5052,84,20129,2012,2728.4
5062,86,20129,2012,178.02
4300,1819,20129,2012,20770.04
4312,1827,20129,2012,929.7
3791,1028,20129,2012,59409.87
6452,S1754,20129,2012,872.46
6498,S1772,20129,2012,1291.94
7825,S816,20129,2012,198.59
7212,S2218,20129,2012,298.63
7197,S2205,20129,2012,179.94
5696,S1392,20129,2012,59.0
8956,255,20131,2013,1481.8999999999999
10268,S1478,20131,2013,806.2
11074,S1982,20131,2013,3974.9900000000002
11174,S2041,20131,2013,189.31
8658,1639,20131,2013,490.69
9876,S1234,20131,2013,62.0
8647,1616,20131,2013,46567.49
11200,S2061,20131,2013,808.38
10672,S1694,20131,2013,124.13
11198,S2055,20131,2013,260.03999999999996
10310,S1487,20131,2013,1127.43
10280,S1480,20131,2013,74.88
12381,s236,20131,2013,704.4
12391,s26,20131,2013,63.0
12370,s2320,20131,2013,0.0
9109,400,20131,2013,1968.7
12086,S837,20131,2013,389.21000000000004
9759,S118,20131,2013,383.79
9086,388,20131,2013,586.1500000000001
9598,IR9,20131,2013,133.9
9859,S1222,20131,2013,647.78
10002,S1354,20131,2013,101.34
12072,S828,20131,2013,2185.17
12058,S799,20131,2013,516.0
8865,1882,20131,2013,314.65
10551,S1580,20131,2013,19.81
10554,S1588,20131,2013,12.5
10561,S1594,20131,2013,32.8
8741,1746,20131,2013,1523.34
12088,S84,20131,2013,4496.37
9535,863,20131,2013,36.0
11016,S193,20131,2013,2633.67
11390,S2191,20131,2013,84.18
11161,S2037,20131,2013,392.31
10751,S1736,20131,2013,11846.63
9262,519,20131,2013,0.0
9267,526,20131,2013,2385.33
11411,S220,20131,2013,358.26
10838,S1792,20131,2013,5706.94
9520,84,20131,2013,1492.49
9660,S103,20131,2013,62.5
11720,S361,20131,2013,1020.96
10392,S1519,20131,2013,37.5
10397,S1521,20131,2013,58.58
11058,S1971,20131,2013,2844.73
9565,IR21,20131,2013,2031.67
10170,S1446,20131,2013,1350.14
9137,431,20131,2013,0.0
10911,S1859,20131,2013,674.86
12099,S852,20131,2013,148.29
10421,S1529,20131,2013,189.5
11695,S318,20131,2013,1435.8
11663,S3,20131,2013,5569.7
11375,S218,20131,2013,695.8
11401,S2193,20131,2013,33.45
10041,S1376,20131,2013,904.6
12322,s202,20131,2013,1587.78
10388,S1518,20131,2013,30.33
12042,S777,20131,2013,298.04
12053,S78,20131,2013,8376.89
11056,S197,20131,2013,163.54000000000002
9063,356,20131,2013,634.24
10009,S1361,20131,2013,4896.41
11355,S2177,20131,2013,8.8
10587,S1614,20131,2013,118.0
10927,S1868,20131,2013,264.06
10408,S1527,20131,2013,3737.28
11118,S2004,20131,2013,21455.92
10405,S1522,20131,2013,43.739999999999995
11335,S2150,20131,2013,184.56
10995,S1919,20131,2013,865.0
12374,s235,20131,2013,3677.53
11364,S2179,20131,2013,5044.67
8745,1751,20131,2013,2193.0
12362,s2298,20131,2013,140.01999999999998
9998,S1353,20131,2013,12.5
8718,1726,20131,2013,220.95
12395,s260,20131,2013,479.59000000000003
8303,1058,20131,2013,3240.04
9069,365,20131,2013,12.5
9807,S1193,20131,2013,59.96
11053,S1968,20131,2013,563.08
11771,S42,20131,2013,575.94
9073,373,20131,2013,138.43
11334,S2145,20131,2013,19.84
9624,S1008,20131,2013,3811.6
11682,S312,20131,2013,448.78999999999996
12125,S869,20131,2013,552.55
10599,S1619,20131,2013,104.81
10195,S1451,20131,2013,100.52
10207,S1454,20131,2013,836.3
12037,S766,20131,2013,215.9
12027,S763,20131,2013,1152.32
9812,S1198,20131,2013,424.2
10601,S1622,20131,2013,181.64
10611,S1630,20131,2013,70.41
11145,S2024,20131,2013,2397.91
9987,S1347,20131,2013,978.8399999999999
9990,S1348,20131,2013,1180.65
10035,S1368,20131,2013,130.1
12304,s1972,20131,2013,65.49
12306,s1977,20131,2013,552.16
9278,533,20131,2013,295.2
9279,534,20131,2013,419.76
11424,S2206,20131,2013,157.85
12287,s178,20131,2013,652.68
8756,1758,20131,2013,2816.46
10031,S1366,20131,2013,0.0
9122,417,20131,2013,68.0
11109,S20,20131,2013,370.07
10155,S1442,20131,2013,273.03999999999996
12111,S860,20131,2013,5272.85
8845,1863,20131,2013,0.0
9478,801,20131,2013,18152.55
8292,1039,20131,2013,186.4
9693,S1128,20131,2013,254.76999999999998
9081,377,20131,2013,2882.6
9666,S1069,20131,2013,110.9
10831,S1790,20131,2013,293.15
10370,S1506,20131,2013,520.0
10731,S1723,20131,2013,58.96
8273,100,20131,2013,1204.83
8283,1028,20131,2013,5096.02
8322,1065,20131,2013,1596.73
11336,S2152,20131,2013,652.1600000000001
8312,106,20131,2013,135.78
8334,1079,20131,2013,806.2
11350,S2170,20131,2013,284.08
10386,S1516,20131,2013,17.83
11795,S458,20131,2013,64.88
9489,805,20131,2013,952.28
12421,s3,20131,2013,55.0
12292,s1873,20131,2013,162.78
10976,S1915,20131,2013,473.19
10979,S1916,20131,2013,295.46000000000004
10967,S1905,20131,2013,383.2
11451,S2250,20131,2013,345.97
11440,S2246,20131,2013,355.91
9457,771,20131,2013,30.619999999999997
9040,349,20131,2013,165.26999999999998
12004,S749,20131,2013,664.5500000000001
12010,S75,20131,2013,636.53
10895,S185,20131,2013,4113.5
8694,1712,20131,2013,6436.95
8376,112,20131,2013,1486.0
10425,S153,20131,2013,150.55
10435,S1532,20131,2013,36.96
10167,S1443,20131,2013,722.4000000000001
12150,S902,20131,2013,15287.859999999999
8873,1898,20131,2013,472.34
10444,S1534,20131,2013,255.94
9156,440,20131,2013,450.77
8788,1803,20131,2013,45783.98
11312,S213,20131,2013,12.5
11315,S214,20131,2013,122.5
10632,S1654,20131,2013,233.57
10735,S1730,20131,2013,4278.6
9465,791,20131,2013,83036.0
9972,S1329,20131,2013,241.61999999999998
8346,1082,20131,2013,790.0
8353,11,20131,2013,4057.46
11319,S2143,20131,2013,461.44
11790,S453,20131,2013,1370.88
11086,S1983,20131,2013,1220.31
9250,512,20131,2013,385.86
10935,S187,20131,2013,34.91
9584,IR4,20131,2013,0.0
9127,430,20131,2013,1396.05
10533,S1579,20131,2013,364.3
11466,S2256,20131,2013,75.83
10063,S1389,20131,2013,619.6
10050,S1378,20131,2013,522.06
9871,S1224,20131,2013,31.0
10541,S158,20131,2013,963.42
10809,S1759,20131,2013,192.5
9552,99,20131,2013,0.0
12128,S870,20131,2013,783.12
11652,S299,20131,2013,595.1
11990,S73,20131,2013,128.48000000000002
11829,S473,20131,2013,16.0
11831,S474,20131,2013,117.04
11836,S476,20131,2013,65.46
9057,353,20131,2013,195.82
9038,342,20131,2013,212.64
10849,S1796,20131,2013,100.52
10853,S1802,20131,2013,640.0
11041,S1952,20131,2013,2280.4
11802,S462,20131,2013,395.84000000000003
9367,58,20131,2013,811.69
9225,495,20131,2013,585.5
8776,1793,20131,2013,1140.29
12265,s1412,20131,2013,320.28999999999996
9253,518,20131,2013,67.97
10344,S15,20131,2013,521.77
11826,S472,20131,2013,12.5
8936,2031,20131,2013,619.5799999999999
9047,352,20131,2013,2402.8999999999996
9766,S1182,20131,2013,62.5
9963,S1325,20131,2013,48.46
8365,1119,20131,2013,795.1800000000001
8386,1130,20131,2013,9504.89
9704,S1140,20131,2013,9668.17
11809,S464,20131,2013,85.0
10231,S1459,20131,2013,25.0
10235,S1462,20131,2013,451.8
9769,S1186,20131,2013,148.0
9019,328,20131,2013,111.12
11819,S471,20131,2013,394.68
10264,S1473,20131,2013,46.5
10217,S1455,20131,2013,12.5
10643,S1672,20131,2013,3179.44
9680,S1104,20131,2013,263.7
9342,563,20131,2013,794.86
8706,1718,20131,2013,110.88
8670,1669,20131,2013,667.64
9735,S1160,20131,2013,80.0
9743,S1169,20131,2013,84.37
11624,S264,20131,2013,154.9
11628,S267,20131,2013,281.95
9684,S1106,20131,2013,107.4
11090,S1984,20131,2013,40.68
11097,S1993,20131,2013,684.1800000000001
10245,S1465,20131,2013,0.0
9697,S1135,20131,2013,85.2
9950,S1317,20131,2013,87.44
9953,S1322,20131,2013,1630.76
8433,12000,20131,2013,625.0
10083,S1412,20131,2013,6718.98
11477,S2263,20131,2013,98.92
11637,S272,20131,2013,864.32
11641,S287,20131,2013,410.75
12468,s962,20131,2013,155.8
10152,S1440,20131,2013,309.8
10072,S1402,20131,2013,1327.95
9572,IR31,20131,2013,337.44
9574,IR35,20131,2013,749.76
11033,S1940,20131,2013,468.0
10818,S1772,20131,2013,143.15
10824,S1775,20131,2013,0.0
8857,1871,20131,2013,8313.0
9847,S1219,20131,2013,227.05
9150,434,20131,2013,4222.92
11040,S1950,20131,2013,268.5
9201,473,20131,2013,1012.2
11502,S2312,20131,2013,100.76
11505,S2313,20131,2013,131.07999999999998
8418,1186,20131,2013,755.0
8444,121,20131,2013,1446.9
11274,S2103,20131,2013,239.90999999999997
8398,1144,20131,2013,867.0
8411,1160,20131,2013,14524.5
9885,S126,20131,2013,253.25
8450,1225,20131,2013,4759.45
10248,S1467,20131,2013,12.5
10263,S1470,20131,2013,86.21
11852,S480,20131,2013,336.79
10336,S1498,20131,2013,530.3100000000001
9030,338,20131,2013,0.0
11978,S723,20131,2013,909.5
9422,75,20131,2013,7869.5599999999995
10493,S1548,20131,2013,48.5
11612,S259,20131,2013,304.53
10144,S1438,20131,2013,767.81
11517,S2334,20131,2013,150.0
9231,507,20131,2013,1060.31
11507,S2315,20131,2013,413.82
11510,S2321,20131,2013,204.07
12244,s1212,20131,2013,1723.32
12258,s140,20131,2013,213.29999999999998
10503,S1550,20131,2013,244.37
10510,S1554,20131,2013,154.34
9499,81,20131,2013,2267.15
10944,S1880,20131,2013,519.39
9599,S0001,20131,2013,0.0
12233,s1075,20131,2013,107.2
9511,819,20131,2013,6.74
11965,S717,20131,2013,54.16
9541,90,20131,2013,492.5
8987,3,20131,2013,0.0
8683,1704,20131,2013,4159.7
8477,13,20131,2013,139.76999999999998
8462,1247,20131,2013,256.48
9381,59,20131,2013,566.66
11847,S48,20131,2013,415.11
11871,S512,20131,2013,6874.98
10324,S1489,20131,2013,613.76
10331,S1494,20131,2013,104.7
10333,S1497,20131,2013,51.379999999999995
12162,S908,20131,2013,57.68
11609,S254,20131,2013,9958.880000000001
11521,S2341,20131,2013,368.12
10719,S1721,20131,2013,913.81
11888,S551,20131,2013,690.77
9795,S1192,20131,2013,434.86
11955,S7,20131,2013,25.0
11891,S607,20131,2013,977.05
9445,767,20131,2013,657.97
9936,S1297,20131,2013,13.11
8468,1270,20131,2013,132.8
9926,S1296,20131,2013,572.66
8489,131,20131,2013,235.3
8491,1320,20131,2013,77.23
9010,327,20131,2013,7122.34
8981,294,20131,2013,36.39
8982,297,20131,2013,3811.74
9518,829,20131,2013,2235.6
11939,S67,20131,2013,1579.02
8513,1354,20131,2013,132.26
8517,136,20131,2013,733.74
8504,1351,20131,2013,546.23
10452,S1539,20131,2013,966.49
9730,S1156,20131,2013,173.4
11592,S249,20131,2013,899.48
10115,S1434,20131,2013,190.26
8819,1830,20131,2013,705.9
11562,S24,20131,2013,361.66
9835,S1212,20131,2013,1201.26
8800,1819,20131,2013,5812.12
12447,s654,20131,2013,651.9
12213,S995,20131,2013,120.3
11130,S2007,20131,2013,77.09
11141,S2018,20131,2013,363.49
11028,S1932,20131,2013,119.3
10096,S1422,20131,2013,417.97
10100,S1425,20131,2013,1463.51
10322,S1488,20131,2013,1058.4
9783,S1190,20131,2013,1104.6399999999999
10867,S1815,20131,2013,42.5
10659,S1688,20131,2013,217.5
9888,S1265,20131,2013,445.26
8662,1652,20131,2013,2452.48
8542,1504,20131,2013,3559.1499999999996
9408,67,20131,2013,697.47
9919,S1294,20131,2013,299.46
8535,1424,20131,2013,592.0
8633,1607,20131,2013,6595.110000000001
10870,S1816,20131,2013,380.32
10875,S1818,20131,2013,827.36
11193,S2050,20131,2013,821.66
9687,S1111,20131,2013,0.0
8522,1368,20131,2013,22322.95
8526,1408,20131,2013,21496.0
11571,S240,20131,2013,163.8
10132,S1436,20131,2013,123.92
11557,S239,20131,2013,50.3
11539,S236,20131,2013,736.36
8608,1575,20131,2013,69.12
11908,S639,20131,2013,94.04
8993,30,20131,2013,719.56
10862,S1813,20131,2013,132.37
10681,S1696,20131,2013,1074.03
8583,1538,20131,2013,0.0
11551,S237,20131,2013,1348.0
9190,462,20131,2013,47.36
10788,S1755,20131,2013,611.35
11577,S243,20131,2013,798.64
10471,S1540,20131,2013,219.6
10475,S1542,20131,2013,97.65
10108,S1432,20131,2013,162.41
12206,S980,20131,2013,325.0
12181,S941,20131,2013,259.15
8831,1850,20131,2013,614.61
9163,441,20131,2013,5468.06
10797,S1756,20131,2013,1487.88
12190,S943,20131,2013,1511.98
12192,S962,20131,2013,918.1899999999999
9613,S1002,20131,2013,910.0
12384,s257,20131,2013,500.88
10693,S1700,20131,2013,104.16
10695,S1702,20131,2013,577.65
11005,S1926,20131,2013,1380.87
11209,S2070,20131,2013,1934.31
8592,1551,20131,2013,6069.18
9900,S1269,20131,2013,6392.98
8616,16,20131,2013,146.05
8621,1602,20131,2013,265.79
9396,628,20131,2013,8290.44
11932,S655,20131,2013,699.14
11913,S646,20131,2013,653.05
8971,262,20131,2013,1346.87
11920,S654,20131,2013,16544.83
8593,1551,20132,2013,111.17999999999999
9898,S1267,20132,2013,360.0
8617,16,20132,2013,73.36
8622,1602,20132,2013,3884.89
9397,628,20132,2013,121602.88
11933,S655,20132,2013,2128.59
11914,S646,20132,2013,324.7
11892,S607,20132,2013,1970.18
8952,24,20132,2013,0.0
9195,464,20132,2013,0.0
9197,470,20132,2013,154.95
10798,S1756,20132,2013,949.48
12182,S941,20132,2013,807.26
12191,S95,20132,2013,331.98
10126,S1435,20132,2013,0.0
8645,1609,20132,2013,29.8
9872,S1224,20132,2013,159.72
10486,S1546,20132,2013,53.28
10789,S1755,20132,2013,100.9
10472,S1540,20132,2013,230.64
10476,S1542,20132,2013,92.06
9191,463,20132,2013,0.0
10106,S143,20132,2013,172.29
10109,S1432,20132,2013,78.99
8832,1850,20132,2013,623.24
11210,S2070,20132,2013,428.36
11006,S1926,20132,2013,931.38
10281,S1480,20132,2013,72.36
12392,s26,20132,2013,964.94
12363,s2298,20132,2013,0.0
10673,S1694,20132,2013,329.44
8590,1545,20132,2013,40.43
10116,S1434,20132,2013,552.26
8820,1830,20132,2013,2450.33
11563,S24,20132,2013,1414.6000000000001
9836,S1212,20132,2013,6148.63
12223,s0001,20132,2013,0.0
8801,1819,20132,2013,6640.96
12448,s654,20132,2013,1312.93
12214,S995,20132,2013,69.92
8601,1556,20132,2013,150.5
11909,S639,20132,2013,125.96
8988,3,20132,2013,4915.8
8994,30,20132,2013,3391.91
10860,S1807,20132,2013,300.0
10863,S1813,20132,2013,141.11
9901,S1269,20132,2013,1776.6
8570,1515,20132,2013,12847.84
11522,S2341,20132,2013,842.0
11531,S235,20132,2013,40.94
10815,S1761,20132,2013,218.04
10453,S1539,20132,2013,875.4699999999999
10463,S154,20132,2013,190.13
9182,447,20132,2013,176.29
11588,S247,20132,2013,31.38
8634,1607,20132,2013,4637.42
10871,S1816,20132,2013,477.67999999999995
11951,S686,20132,2013,7171.1
11075,S1982,20132,2013,521.16
11194,S2050,20132,2013,3029.6
10703,S1706,20132,2013,252.0
10711,S1712,20132,2013,4792.08
8527,1408,20132,2013,0.0
11593,S249,20132,2013,533.79
12234,s1075,20132,2013,1139.14
10447,S1537,20132,2013,750.0
11578,S243,20132,2013,1418.91
9175,442,20132,2013,165.1
11537,S2358,20132,2013,1104.4
9915,S1282,20132,2013,347.76
8562,1512,20132,2013,390.7
9688,S1111,20132,2013,0.0
9382,59,20132,2013,66894.98
10311,S1487,20132,2013,667.43
9784,S1190,20132,2013,1596.03
11877,S523,20132,2013,645.2
10660,S1688,20132,2013,48.5
8505,1351,20132,2013,271.89
9213,478,20132,2013,20461.010000000002
9216,494,20132,2013,96.2
10494,S1548,20132,2013,94.12
11610,S256,20132,2013,29.95
11613,S259,20132,2013,322.94
12243,s1179,20132,2013,23.84
12245,s1212,20132,2013,24.2
9500,81,20132,2013,1465.75
9889,S1265,20132,2013,541.1
8663,1652,20132,2013,6343.9400000000005
8543,1504,20132,2013,1045.8
9011,327,20132,2013,538.38
11938,S665,20132,2013,424.71
11940,S67,20132,2013,3676.45
9409,67,20132,2013,2365.25
10648,S1673,20132,2013,309.35
11031,S1939,20132,2013,320.5
9600,S0001,20132,2013,0.0
8858,1871,20132,2013,150.0
9848,S1219,20132,2013,49.05
12171,S938,20132,2013,104.72
9151,434,20132,2013,85.7
11642,S287,20132,2013,153.74
9241,509,20132,2013,635.37
8478,13,20132,2013,941.68
11858,S482,20132,2013,265.65
11860,S484,20132,2013,428.56999999999994
11868,S508,20132,2013,134.38
11889,S551,20132,2013,564.1800000000001
9796,S1192,20132,2013,8405.51
9446,767,20132,2013,728.61
8497,1341,20132,2013,603.55
9202,473,20132,2013,12238.94
11500,S2308,20132,2013,240.0
11481,S2282,20132,2013,160.34
12464,s83,20132,2013,163.72
12469,s962,20132,2013,197.94
10153,S1440,20132,2013,86.06
10136,S1437,20132,2013,936.07
12151,S902,20132,2013,2795.5
10518,S156,20132,2013,0.0
9927,S1296,20132,2013,571.35
9420,71,20132,2013,600.0
9512,819,20132,2013,540.0
11966,S717,20132,2013,253.87
9542,90,20132,2013,246.25
10519,S1563,20132,2013,436.08
9573,IR31,20132,2013,0.0
11034,S1940,20132,2013,706.35
10825,S1775,20132,2013,23.0
12276,s149,20132,2013,123.74
12259,s140,20132,2013,107.46
9744,S1169,20132,2013,2091.71
11627,S266,20132,2013,105.17999999999999
11629,S267,20132,2013,44.260000000000005
9490,805,20132,2013,2739.5
10769,S1750,20132,2013,32.879999999999995
10073,S1402,20132,2013,745.0
11264,S21,20132,2013,114.63
11237,S2080,20132,2013,181.31
11238,S2081,20132,2013,220.26000000000002
9391,610,20132,2013,478.51
9880,S1247,20132,2013,830.63
11872,S512,20132,2013,5151.25
10084,S1412,20132,2013,9785.33
8777,1793,20132,2013,2273.8599999999997
9553,99,20132,2013,1168.93
12132,S877,20132,2013,189.69
12139,S888,20132,2013,260.67
8808,1827,20132,2013,745.34
10514,S1557,20132,2013,429.6
10523,S1575,20132,2013,2366.98
10332,S1494,20132,2013,110.05
10334,S1497,20132,2013,48.21
10337,S1498,20132,2013,47.75
9031,338,20132,2013,0.0
11841,S479,20132,2013,155.3
11975,S72,20132,2013,93.89
11979,S723,20132,2013,4124.98
8943,205,20132,2013,94.59
11248,S2084,20132,2013,266.76
12266,s1412,20132,2013,60.62
12280,s1721,20132,2013,19.44
10936,S187,20132,2013,0.0
9576,IR39,20132,2013,113.83
9128,430,20132,2013,1985.0
9251,512,20132,2013,119.38
10534,S1579,20132,2013,294.9
9423,75,20132,2013,6143.34
10720,S1721,20132,2013,4612.05
10249,S1467,20132,2013,13.5
11853,S480,20132,2013,200.56
8451,1225,20132,2013,3031.94
8419,1186,20132,2013,558.0
8445,121,20132,2013,242.16
11281,S2110,20132,2013,122.39
10065,S1392,20132,2013,23.2
10542,S158,20132,2013,890.52
9458,771,20132,2013,206.44
10436,S1532,20132,2013,41.1
8874,1898,20132,2013,485.59999999999997
9832,S1206,20132,2013,1774.4
10774,S1751,20132,2013,5796.5
12422,s3,20132,2013,31.78
8412,1160,20132,2013,0.0
9694,S1128,20132,2013,102.5
11087,S1983,20132,2013,41.980000000000004
11091,S1984,20132,2013,49.5
11094,S1991,20132,2013,219.5
11098,S1993,20132,2013,254.8
8930,2010,20132,2013,37.76
10625,S1643,20132,2013,90.82
10627,S1646,20132,2013,172.62
8789,1803,20132,2013,732.6
12112,S860,20132,2013,1501.64
8846,1863,20132,2013,2871.6
9479,801,20132,2013,0.0
10980,S1916,20132,2013,639.6999999999999
10968,S1905,20132,2013,523.26
9952,S1320,20132,2013,222.44
9954,S1322,20132,2013,1279.26
8434,12000,20132,2013,7820.4
9020,328,20132,2013,13297.5
10345,S15,20132,2013,483.07
8912,1992,20132,2013,0.0
10640,S1670,20132,2013,107.62
9672,S1087,20132,2013,565.5
11450,S225,20132,2013,125.0
11452,S2250,20132,2013,2048.92
11441,S2246,20132,2013,155.5
11423,S2205,20132,2013,400.84
8757,1758,20132,2013,2565.45
9678,S110,20132,2013,295.93
9343,563,20132,2013,87.98
8707,1718,20132,2013,113.99
8671,1669,20132,2013,246.12
9946,S1311,20132,2013,89.15
10223,S1456,20132,2013,99.5
10242,S1463,20132,2013,32.64
8937,2031,20132,2013,557.4
9048,352,20132,2013,1134.39
9767,S1182,20132,2013,38.5
11434,S2223,20132,2013,284.5
11110,S20,20132,2013,1382.43
10928,S1868,20132,2013,259.32
10156,S1442,20132,2013,562.46
9292,536,20132,2013,178.92000000000002
10747,S1735,20132,2013,241.92
9622,S1005,20132,2013,411.90000000000003
11301,S2118,20132,2013,228.07
11311,S2128,20132,2013,88.02
10620,S1633,20132,2013,93.3
9701,S114,20132,2013,13.5
9964,S1325,20132,2013,0.0
8387,1130,20132,2013,8671.6
8903,1941,20132,2013,1562.0
9625,S1008,20132,2013,374.51
11683,S312,20132,2013,3259.18
9757,S1179,20132,2013,156.62
12123,S866,20132,2013,425.94
12312,s2004,20132,2013,1600.5
9280,534,20132,2013,1537.1799999999998
11412,S220,20132,2013,358.26
10232,S1459,20132,2013,40.91
10236,S1462,20132,2013,200.78
9058,353,20132,2013,503.68999999999994
10854,S1802,20132,2013,1600.0
11059,S1971,20132,2013,291.25
10876,S1818,20132,2013,978.74
9705,S1140,20132,2013,2887.79
9368,58,20132,2013,0.0
10634,S1664,20132,2013,271.04
10736,S1730,20132,2013,2543.87
10042,S1376,20132,2013,438.24
12293,s1873,20132,2013,251.16000000000003
12323,s202,20132,2013,1080.9
10409,S1527,20132,2013,4235.49
11119,S2004,20132,2013,5802.62
11376,S218,20132,2013,2071.84
12330,s2022,20132,2013,1270.6399999999999
9591,IR58,20132,2013,72.95
9592,IR62,20132,2013,103.66999999999999
12089,S84,20132,2013,8116.71
12094,S840,20132,2013,250.8
9536,863,20132,2013,180.0
11391,S2191,20132,2013,130.2
11162,S2037,20132,2013,746.29
10752,S1736,20132,2013,15500.56
9263,519,20132,2013,0.0
9268,526,20132,2013,7173.25
9138,431,20132,2013,5325.610000000001
10912,S1859,20132,2013,1185.09
12100,S852,20132,2013,207.78
11664,S3,20132,2013,3397.22
8377,112,20132,2013,2560.3
8742,1746,20132,2013,77.7
12345,s2265,20132,2013,74.7
9121,415,20132,2013,0.0
9104,393,20132,2013,673.1999999999999
9110,400,20132,2013,1101.76
9825,S1203,20132,2013,1181.46
10021,S1364,20132,2013,193.98
8347,1082,20132,2013,44.94
8354,11,20132,2013,9200.04
8677,170,20132,2013,342.12
11317,S2141,20132,2013,350.0
11320,S2143,20132,2013,16.78
11791,S453,20132,2013,164.97
12020,S751,20132,2013,2215.8999999999996
9317,549,20132,2013,1152.07
12073,S828,20132,2013,1237.61
12059,S799,20132,2013,1410.82
10185,S1448,20132,2013,49.99
8866,1882,20132,2013,12.5
12063,S816,20132,2013,480.03
10564,S1597,20132,2013,374.07
11017,S193,20132,2013,11672.31
10226,S1457,20132,2013,139.23000000000002
8883,1903,20132,2013,133.5
10361,S1504,20132,2013,367.78
9039,342,20132,2013,389.84
12005,S749,20132,2013,271.75
12011,S75,20132,2013,1176.7
10896,S185,20132,2013,331.53000000000003
11326,S2144,20132,2013,36.0
8730,1729,20132,2013,810.0999999999999
10171,S1446,20132,2013,1276.04
9321,551,20132,2013,0.0
12403,s275,20132,2013,13414.44
9858,S1220,20132,2013,38.18
9860,S1222,20132,2013,1228.54
11351,S2170,20132,2013,13.5
8921,2,20132,2013,0.0
11796,S458,20132,2013,24.259999999999998
10595,S1617,20132,2013,430.62
11339,S2158,20132,2013,297.9
11345,S2161,20132,2013,739.33
8284,1028,20132,2013,13508.15
8293,1039,20132,2013,2852.45
10003,S1354,20132,2013,13.5
9087,388,20132,2013,504.82
12067,S824,20132,2013,63.87
10839,S1792,20132,2013,5583.79
9519,829,20132,2013,0.0
9521,84,20132,2013,934.6700000000001
8695,1712,20132,2013,3102.24
8335,1079,20132,2013,3977.98
9770,S1186,20132,2013,4020.41
10832,S1790,20132,2013,367.06
10372,S1509,20132,2013,1098.72
10374,S1511,20132,2013,117.79
10380,S1514,20132,2013,74.66
11721,S361,20132,2013,134.76
11696,S318,20132,2013,427.3
10389,S1518,20132,2013,104.39
10394,S1520,20132,2013,95.83
10398,S1521,20132,2013,1095.68
9566,IR21,20132,2013,220.63
12043,S777,20132,2013,433.9
12054,S78,20132,2013,16410.56
11057,S197,20132,2013,13.5
10010,S1361,20132,2013,6124.11
8304,1058,20132,2013,52.36
8274,100,20132,2013,391.19
8323,1065,20132,2013,871.75
11337,S2152,20132,2013,164.79
10193,S1450,20132,2013,137.6
10208,S1454,20132,2013,192.84
12028,S763,20132,2013,261.02
9813,S1198,20132,2013,165.75
10581,S1613,20132,2013,145.9
11356,S2177,20132,2013,1698.08
10588,S1614,20132,2013,293.3
12038,S766,20132,2013,7044.3099999999995
8648,1616,20132,2013,23173.98
11146,S2024,20132,2013,2843.72
9303,543,20132,2013,1044.33
9308,546,20132,2013,0.0
9309,547,20132,2013,227.97
9311,548,20132,2013,0.0
11042,S1952,20132,2013,200.0
11772,S42,20132,2013,1614.86
10996,S1919,20132,2013,1260.0
12371,s2320,20132,2013,0.0
12375,s235,20132,2013,11830.76
11365,S2179,20132,2013,843.3
12396,s260,20132,2013,1343.32
9976,S1334,20132,2013,773.11
12355,s2276,20132,2013,286.37
8719,1726,20132,2013,142.3
9474,80,20132,2013,426.8
11139,S2017,20132,2013,331.72
10950,S1892,20132,2013,306.06
10957,S19,20132,2013,210.8
10101,S1425,20132,2013,548.0
12193,S962,20132,2013,1328.84
11572,S240,20132,2013,751.0899999999999
11540,S236,20132,2013,2202.5
9164,441,20132,2013,8458.26
8972,262,20132,2013,94.4
11921,S654,20132,2013,5855.7
8957,255,20132,2013,674.1
11903,S637,20132,2013,454.4
11069,S1979,20132,2013,63.75
11175,S2041,20132,2013,566.3199999999999
8659,1639,20132,2013,437.67
9614,S1002,20132,2013,1620.0
10696,S1702,20132,2013,2287.54
9890,S1265,20133,2013,566.1
11199,S2055,20133,2013,110.5
9424,75,20133,2013,4307.93
9398,628,20133,2013,12050.46
11893,S607,20133,2013,4933.83
9198,471,20133,2013,431.34000000000003
10799,S1756,20133,2013,584.13
8821,1830,20133,2013,64.45
12183,S941,20133,2013,621.55
11211,S2070,20133,2013,520.14
8623,1602,20133,2013,5175.83
11201,S2061,20133,2013,1424.51
11195,S2050,20133,2013,355.89
11753,S408,20133,2013,60.63
11043,S1952,20133,2013,90.04
11773,S42,20133,2013,576.8199999999999
10997,S1919,20133,2013,910.0
12376,s235,20133,2013,3957.52
11366,S2179,20133,2013,190.85
8746,1751,20133,2013,2303.0
8720,1726,20133,2013,1801.1
11722,S361,20133,2013,477.68
12044,S777,20133,2013,230.4
12055,S78,20133,2013,3895.73
11054,S1968,20133,2013,563.08
10011,S1361,20133,2013,4759.13
8275,100,20133,2013,1851.53
8313,106,20133,2013,108.0
9074,373,20133,2013,1002.0699999999999
10197,S1452,20133,2013,645.14
10203,S1453,20133,2013,197.86
10209,S1454,20133,2013,547.0
9814,S1198,20133,2013,46.7
9991,S1348,20133,2013,1305.85
10582,S1613,20133,2013,614.2
11147,S2024,20133,2013,984.03
11156,S2026,20133,2013,355.0
11357,S2177,20133,2013,193.55
10589,S1614,20133,2013,60.400000000000006
12039,S766,20133,2013,6173.63
9745,S1169,20133,2013,369.73
10840,S1792,20133,2013,2654.1800000000003
9626,S1008,20133,2013,2160.22
8696,1712,20133,2013,1415.7
8336,1079,20133,2013,891.1
9323,552,20133,2013,49.949999999999996
9771,S1186,20133,2013,1687.53
10833,S1790,20133,2013,681.56
10381,S1514,20133,2013,693.52
9324,554,20133,2013,49.05
9434,752,20133,2013,20083.28
10721,S1721,20133,2013,3294.02
9632,S101,20133,2013,475.65
9111,400,20133,2013,1291.2
9567,IR21,20133,2013,221.25
9318,550,20133,2013,878.54
12397,s260,20133,2013,62.25
8305,1058,20133,2013,553.75
11352,S2170,20133,2013,191.86
11792,S453,20133,2013,1682.66
12029,S763,20133,2013,531.51
8916,1995,20133,2013,1775.0
8324,1065,20133,2013,747.09
8285,1028,20133,2013,8520.0
8294,1039,20133,2013,47844.81
9861,S1222,20133,2013,1126.69
9088,388,20133,2013,1459.5700000000002
10172,S1446,20133,2013,146.1
8867,1882,20133,2013,377.92
10555,S1588,20133,2013,162.9
10562,S1594,20133,2013,5896.0
12021,S751,20133,2013,757.5799999999999
11797,S458,20133,2013,121.92
12006,S749,20133,2013,96.29
9325,555,20133,2013,68.86
8731,1729,20133,2013,7591.9800000000005
8378,112,20133,2013,2615.2
11018,S193,20133,2013,1293.89
12346,s2265,20133,2013,142.23
12313,s2004,20133,2013,1638.33
11697,S318,20133,2013,718.52
9826,S1203,20133,2013,13.5
12101,S852,20133,2013,485.23
12074,S828,20133,2013,562.96
9120,410,20133,2013,49.7
10022,S1364,20133,2013,85.98
10737,S1730,20133,2013,2008.51
9459,771,20133,2013,54.0
8355,11,20133,2013,3995.47
8672,1669,20133,2013,1128.48
9466,791,20133,2013,241316.79
11321,S2143,20133,2013,2354.29
11788,S45,20133,2013,246.4
10855,S1802,20133,2013,1536.0
10877,S1818,20133,2013,4306.66
10569,S1600,20133,2013,838.2
9312,548,20133,2013,4344.08
11385,S2188,20133,2013,69.25
12331,s2022,20133,2013,2872.75
11665,S3,20133,2013,4182.599999999999
12090,S84,20133,2013,223.76
9532,85,20133,2013,475.0
11163,S2037,20133,2013,2445.78
10753,S1736,20133,2013,12643.51
9269,526,20133,2013,2086.1
9139,431,20133,2013,681.87
10410,S1527,20133,2013,51502.95
12095,S840,20133,2013,405.0
10913,S1859,20133,2013,428.06
11832,S474,20133,2013,139.62
9059,353,20133,2013,0.0
9642,S1022,20133,2013,214.34
11060,S1971,20133,2013,1578.57
9706,S1140,20133,2013,3854.23
9369,58,20133,2013,778.1500000000001
11413,S220,20133,2013,562.3
11402,S2193,20133,2013,511.86
10043,S1376,20133,2013,85.5
12294,s1873,20133,2013,279.28
12324,s202,20133,2013,750.0
11120,S2004,20133,2013,12274.35
9293,536,20133,2013,204.68
10969,S1905,20133,2013,375.0
9947,S1311,20133,2013,63.0
11294,S2116,20133,2013,140.88
9965,S1325,20133,2013,0.0
8366,1119,20133,2013,580.75
8388,1130,20133,2013,6799.03
9702,S114,20133,2013,192.98
11803,S462,20133,2013,21.71
11814,S470,20133,2013,13.5
9021,328,20133,2013,13092.1
9623,S1007,20133,2013,62.69
11684,S312,20133,2013,904.6700000000001
10897,S185,20133,2013,1081.1599999999999
12113,S860,20133,2013,1750.46
9714,S1141,20133,2013,67.22
12307,s1977,20133,2013,35.8
11415,S2202,20133,2013,35.72
8758,1758,20133,2013,1595.8999999999999
9344,563,20133,2013,281.28
8708,1718,20133,2013,598.84
8413,1160,20133,2013,1326.1
12001,S745,20133,2013,226.0
10250,S1467,20133,2013,0.0
9785,S1190,20133,2013,1100.78
11435,S2223,20133,2013,93.42
9157,440,20133,2013,422.16
11111,S20,20133,2013,219.34
10157,S1442,20133,2013,28.5
8847,1863,20133,2013,1014.95
9480,801,20133,2013,513.0
10981,S1916,20133,2013,489.63
9955,S1322,20133,2013,1309.67
8426,1187,20133,2013,0.0
8435,12000,20133,2013,25886.0
11820,S471,20133,2013,90.6
10346,S15,20133,2013,915.39
8910,1942,20133,2013,352.8
10356,S1500,20133,2013,42.78
9674,S109,20133,2013,417.6
11453,S2250,20133,2013,3011.49
11467,S2256,20133,2013,106.63
11643,S287,20133,2013,640.8100000000001
10437,S1532,20133,2013,370.36
8875,1898,20133,2013,788.15
10445,S1534,20133,2013,278.46
10775,S1751,20133,2013,0.0
11282,S2110,20133,2013,0.0
8407,1153,20133,2013,0.0
9884,S1252,20133,2013,332.5
11099,S1993,20133,2013,259.5
8931,2011,20133,2013,330.8
10261,S147,20133,2013,120.94
10626,S1643,20133,2013,54.05
12423,s3,20133,2013,25.84
8790,1803,20133,2013,13750.03
10051,S1378,20133,2013,106.63
10057,S1380,20133,2013,166.4
11653,S299,20133,2013,752.8199999999999
10937,S187,20133,2013,1906.5
9577,IR39,20133,2013,21.36
9585,IR4,20133,2013,1030.75
9129,430,20133,2013,378.39
11249,S2084,20133,2013,228.9
9421,71,20133,2013,600.0
10697,S1702,20133,2013,517.38
11290,S2114,20133,2013,148.74
9383,59,20133,2013,29686.25
8452,1225,20133,2013,1753.77
8446,121,20133,2013,1414.9
11275,S2103,20133,2013,774.57
10535,S1579,20133,2013,34.38
12133,S877,20133,2013,344.2
12147,S90,20133,2013,225.0
10543,S158,20133,2013,269.52
9227,498,20133,2013,1201.0
8809,1827,20133,2013,1021.41
10524,S1575,20133,2013,1644.84
10530,S1578,20133,2013,273.26
10329,S1492,20133,2013,227.68
9522,84,20133,2013,1840.7
9028,336,20133,2013,1179.1
9032,338,20133,2013,0.0
11980,S723,20133,2013,4983.51
8944,205,20133,2013,275.78
11842,S479,20133,2013,63.02
12260,s140,20133,2013,1543.49
9254,518,20133,2013,147.3
10763,S1737,20133,2013,131.18
11623,S260,20133,2013,66.65
11630,S267,20133,2013,13.5
9491,805,20133,2013,1818.0
10074,S1402,20133,2013,300.0
11854,S480,20133,2013,163.26
11265,S21,20133,2013,600.0
11239,S2081,20133,2013,89.38
8684,1704,20133,2013,1163.08
9881,S1247,20133,2013,113.72
8460,1245,20133,2013,67.6
11269,S210,20133,2013,436.04
11873,S512,20133,2013,1359.44
10323,S1488,20133,2013,0.0
10328,S1491,20133,2013,184.54
10085,S1412,20133,2013,14311.75
8778,1793,20133,2013,397.20000000000005
11639,S277,20133,2013,30.1
11640,S284,20133,2013,141.35
10137,S1437,20133,2013,0.0
12152,S902,20133,2013,3721.46
11482,S2282,20133,2013,604.41
9928,S1296,20133,2013,1089.3600000000001
9937,S1297,20133,2013,1020.0400000000001
9920,S1294,20133,2013,242.36
8490,131,20133,2013,311.92
11259,S2088,20133,2013,302.52
9513,819,20133,2013,426.0
11962,S707,20133,2013,39.13
11963,S709,20133,2013,89.02
11967,S717,20133,2013,869.87
8958,255,20133,2013,2800.04
9537,863,20133,2013,180.0
11035,S1940,20133,2013,234.0
11614,S259,20133,2013,278.73
10816,S1761,20133,2013,41.25
12168,S921,20133,2013,787.22
9152,434,20133,2013,1928.6
9242,509,20133,2013,0.0
8514,1354,20133,2013,718.5600000000001
8479,13,20133,2013,549.47
8498,1341,20133,2013,185.4
10716,S1715,20133,2013,128.7
8968,257,20133,2013,317.15
9797,S1192,20133,2013,162.51000000000002
11956,S7,20133,2013,50.38
9447,767,20133,2013,261.0
11496,S230,20133,2013,74.13
11611,S256,20133,2013,0.0
10145,S1438,20133,2013,103.52
9554,99,20133,2013,727.95
9232,507,20133,2013,112.1
10495,S1548,20133,2013,20.0
12239,s110,20133,2013,258.59000000000003
12246,s1212,20133,2013,24.98
8506,1351,20133,2013,537.88
8544,1504,20133,2013,1112.92
8518,136,20133,2013,7669.18
10665,S1691,20133,2013,40.64
9012,327,20133,2013,2957.7
8983,297,20133,2013,6724.58
9410,67,20133,2013,276.58
10649,S1673,20133,2013,88.24
9601,S0001,20133,2013,0.0
12231,s1009,20133,2013,286.86
12235,s1075,20133,2013,1072.2599999999998
11579,S243,20133,2013,1364.81
12164,S909,20133,2013,108.5
9178,446,20133,2013,2826.0
9501,81,20133,2013,2823.19
9650,S1024,20133,2013,675.62
9188,460,20133,2013,2762.53
8554,1506,20133,2013,2297.7
8563,1512,20133,2013,1231.88
9689,S1111,20133,2013,0.0
11941,S67,20133,2013,2451.1499999999996
10312,S1487,20133,2013,3015.9300000000003
11878,S523,20133,2013,404.53999999999996
10661,S1688,20133,2013,447.04
11538,S2358,20133,2013,1074.4
9217,494,20133,2013,879.86
11523,S2341,20133,2013,491.2
10454,S1539,20133,2013,387.68
10464,S154,20133,2013,130.29
9731,S1156,20133,2013,24.4
11589,S247,20133,2013,90.02
8635,1607,20133,2013,4019.3199999999997
8579,152,20133,2013,409.24
10868,S1815,20133,2013,48.0
10872,S1816,20133,2013,13.5
11952,S686,20133,2013,439.02
11915,S646,20133,2013,354.40000000000003
11076,S1982,20133,2013,3449.11
10712,S1712,20133,2013,2627.9700000000003
11594,S249,20133,2013,56.739999999999995
10117,S1434,20133,2013,195.5
11564,S24,20133,2013,1063.45
9837,S1212,20133,2013,1728.5
12224,s0001,20133,2013,0.0
8802,1819,20133,2013,3169.8
12449,s654,20133,2013,1576.28
8602,1556,20133,2013,205.5
11176,S2041,20133,2013,219.63
8989,3,20133,2013,1135.8
8995,30,20133,2013,2792.54
10682,S1696,20133,2013,13.9
9902,S1269,20133,2013,197.85
8571,1515,20133,2013,13601.3
8528,1408,20133,2013,39320.0
11140,S2017,20133,2013,56.02
10951,S1892,20133,2013,35.37
10966,S1902,20133,2013,86.92
10095,S1413,20133,2013,103.52
11573,S240,20133,2013,24.67
12194,S962,20133,2013,3220.7000000000003
11541,S236,20133,2013,5601.73
10282,S1480,20133,2013,702.0
8973,262,20133,2013,0.0
10294,S1484,20133,2013,5508.110000000001
11904,S637,20133,2013,65.47
10269,S1478,20133,2013,472.64
11922,S654,20133,2013,17463.98
11070,S1979,20133,2013,705.68
11173,S2040,20133,2013,36.6
9165,441,20133,2013,2863.44
11552,S237,20133,2013,101.5
10127,S1435,20133,2013,174.2
12172,S938,20133,2013,64.3
10474,S1541,20133,2013,343.6
10477,S1542,20133,2013,255.93
9192,463,20133,2013,301.5
12175,S940,20133,2013,120.67
10302,S1485,20133,2013,990.9200000000001
11007,S1926,20133,2013,2828.93
11208,S2069,20133,2013,934.86
10305,S1486,20133,2013,13.5
10674,S1694,20133,2013,198.24
8649,1616,20133,2013,1672.25
10666,S1693,20134,2013,85.64
9891,S1265,20134,2013,984.27
9425,75,20134,2013,10189.72
10283,S1480,20134,2013,135.0
8976,263,20134,2013,294.75
10295,S1484,20134,2013,2623.48
9992,S1348,20134,2013,679.25
10422,S1529,20134,2013,72.75999999999999
11685,S312,20134,2013,76.83
9533,86,20134,2013,276.21
10898,S185,20134,2013,6647.45
10722,S1721,20134,2013,650.55
8276,100,20134,2013,2944.2
11019,S193,20134,2013,1758.18
9140,431,20134,2013,7776.76
10411,S1527,20134,2013,38359.93
10783,S1754,20134,2013,473.54
10941,S1871,20134,2013,17.98
11029,S1932,20134,2013,13.5
9602,S0001,20134,2013,0.0
11032,S1939,20134,2013,139.1
8572,1515,20134,2013,0.0
11923,S654,20134,2013,17862.33
10270,S1478,20134,2013,348.06
11071,S1979,20134,2013,199.74
8948,226,20134,2013,259.63
8660,1641,20134,2013,707.5
9873,S1224,20134,2013,70.0
9875,S123,20134,2013,151.28
11177,S2041,20134,2013,162.77
11008,S1926,20134,2013,767.94
11202,S2061,20134,2013,312.63
8779,1793,20134,2013,2127.78
11934,S655,20134,2013,2367.01
11942,S67,20134,2013,986.9399999999999
11879,S523,20134,2013,312.4
10313,S1487,20134,2013,262.9
10864,S1813,20134,2013,92.71000000000001
10869,S1815,20134,2013,190.86
11916,S646,20134,2013,135.51
11077,S1982,20134,2013,5862.8099999999995
10873,S1816,20134,2013,116.62
11874,S512,20134,2013,268.05
8996,30,20134,2013,749.9000000000001
11894,S607,20134,2013,3049.14
11185,S2046,20134,2013,53.28
10683,S1696,20134,2013,118.32
11227,S2078,20134,2013,191.5
9707,S1140,20134,2013,2200.04
9877,S124,20134,2013,154.98
8636,1607,20134,2013,6655.16
10704,S1706,20134,2013,252.0
11867,S496,20134,2013,230.34
11890,S60,20134,2013,41.44
9798,S1192,20134,2013,184.19
11957,S7,20134,2013,179.13
9013,327,20134,2013,103.97
9514,819,20134,2013,426.0
10086,S1412,20134,2013,1280.46
11542,S236,20134,2013,2725.97
11520,S234,20134,2013,93.06
11524,S2341,20134,2013,2541.31
9838,S1212,20134,2013,5704.77
10525,S1575,20134,2013,705.57
9643,S1022,20134,2013,30.1
9523,84,20134,2013,744.61
8959,255,20134,2013,203.57
9538,863,20134,2013,996.96
9543,90,20134,2013,246.25
11859,S482,20134,2013,211.08
8529,1408,20134,2013,19660.0
12267,s1412,20134,2013,1568.51
12274,s148,20134,2013,261.96
12261,s140,20134,2013,862.85
12225,s0001,20134,2013,0.0
8803,1819,20134,2013,6245.75
12450,s654,20134,2013,2625.31
12215,S995,20134,2013,179.85
11532,S2350,20134,2013,846.0
9243,509,20134,2013,144.38
9685,S1106,20134,2013,35.38
11981,S723,20134,2013,1342.78
11953,S686,20134,2013,65.03999999999999
8945,205,20134,2013,302.67
11843,S479,20134,2013,93.13
10713,S1712,20134,2013,1407.12
8523,1368,20134,2013,2105.19
8555,1506,20134,2013,101.28999999999999
8810,1827,20134,2013,714.87
10064,S1390,20134,2013,122.88
8759,1758,20134,2013,2359.54
10536,S1579,20134,2013,174.38
9720,S1145,20134,2013,308.0
11143,S202,20134,2013,906.24
10958,S19,20134,2013,822.32
11212,S2070,20134,2013,23.0
10650,S1674,20134,2013,317.5
10246,S1465,20134,2013,124.89
9005,323,20134,2013,152.17
11837,S476,20134,2013,467.32000000000005
8664,1652,20134,2013,0.0
8545,1504,20134,2013,2951.61
10099,S1424,20134,2013,100.8
10102,S1425,20134,2013,232.7
12195,S962,20134,2013,4269.89
11558,S239,20134,2013,107.05
9166,441,20134,2013,3011.59
12438,s49,20134,2013,1187.02
12281,s1721,20134,2013,123.19999999999999
10058,S1380,20134,2013,1073.76
10544,S158,20134,2013,914.63
9411,67,20134,2013,1050.8
10478,S1542,20134,2013,1201.04
10110,S1432,20134,2013,1117.0
12198,S964,20134,2013,44.55
12202,S968,20134,2013,429.41999999999996
12207,S980,20134,2013,323.5
10776,S1751,20134,2013,370.0
8791,1803,20134,2013,51071.780000000006
9929,S1296,20134,2013,232.86
8650,1616,20134,2013,2695.65
8507,1351,20134,2013,412.9
10347,S15,20134,2013,684.14
10267,S1477,20134,2013,91.93
10256,S1468,20134,2013,88.2
10218,S1455,20134,2013,17.5
8480,13,20134,2013,1005.1
8499,1341,20134,2013,707.88
10338,S1498,20134,2013,37.239999999999995
12002,S745,20134,2013,58.83
8938,2031,20134,2013,2690.2
9786,S1190,20134,2013,1552.89
11821,S471,20134,2013,39.12
10717,S1720,20134,2013,61.78
9448,767,20134,2013,659.06
12413,s293,20134,2013,214.52
12176,S940,20134,2013,192.56
8833,1850,20134,2013,472.71000000000004
8839,1856,20134,2013,359.08
9199,471,20134,2013,137.75
10800,S1756,20134,2013,546.0
10982,S1916,20134,2013,678.87
11454,S2250,20134,2013,2221.77
11468,S2256,20134,2013,387.67
10036,S1368,20134,2013,499.8
8822,1830,20134,2013,1985.6100000000001
10128,S1435,20134,2013,149.4
10790,S1755,20134,2013,567.61
11574,S240,20134,2013,582.14
11416,S2202,20134,2013,616.96
11428,S2218,20134,2013,264.4
8476,1284,20134,2013,138.07999999999998
8463,1247,20134,2013,49.89
10698,S1702,20134,2013,1587.94
9022,328,20134,2013,27725.71
10237,S1462,20134,2013,13.5
11991,S73,20134,2013,8322.5
9921,S1294,20134,2013,1398.8600000000001
8492,1320,20134,2013,673.5
9392,610,20134,2013,144.03
11580,S243,20134,2013,627.4300000000001
9176,442,20134,2013,126.2
9384,59,20134,2013,4021.6000000000004
8453,1225,20134,2013,3580.0
8678,170,20134,2013,8288.11
11998,S743,20134,2013,83.63
9633,S101,20134,2013,285.39
11061,S1971,20134,2013,205.89999999999998
11804,S462,20134,2013,190.43
8685,1704,20134,2013,1430.0
11436,S2223,20134,2013,170.4
9481,801,20134,2013,25215.24
10118,S1434,20134,2013,58.04
10455,S1539,20134,2013,829.59
10465,S154,20134,2013,175.39
9270,526,20134,2013,2854.33
8447,121,20134,2013,32.22
9681,S1104,20134,2013,263.7
9695,S1128,20134,2013,87.84
10878,S1818,20134,2013,2221.62
12012,S75,20134,2013,140.47
12022,S751,20134,2013,272.79
8884,1903,20134,2013,866.75
9060,353,20134,2013,2138.05
10850,S1796,20134,2013,130.0
10852,S1801,20134,2013,121.92
11283,S2110,20134,2013,157.26
12302,s19,20134,2013,115.52
9277,530,20134,2013,1426.92
11590,S247,20134,2013,159.4
11595,S249,20134,2013,651.48
10448,S1537,20134,2013,320.0
10856,S1802,20134,2013,1280.0
11276,S2103,20134,2013,183.47
11278,S2108,20134,2013,278.98
8399,1144,20134,2013,520.2
8408,1153,20134,2013,0.0
9882,S1247,20134,2013,339.56
9615,S1002,20134,2013,1040.0
9715,S1141,20134,2013,374.21999999999997
9179,446,20134,2013,0.0
9555,99,20134,2013,451.7
10938,S187,20134,2013,1330.0
11615,S259,20134,2013,644.87
9670,S108,20134,2013,606.2
9502,81,20134,2013,3651.46
10044,S1376,20134,2013,657.3
12295,s1873,20134,2013,661.38
12170,S925,20134,2013,82.65
12332,s2022,20134,2013,716.03
9593,IR65,20134,2013,0.0
9956,S1322,20134,2013,1662.67
8436,12000,20134,2013,19451.44
9345,563,20134,2013,1504.12
10373,S151,20134,2013,93.06
8917,1995,20134,2013,3002.0
8922,2,20134,2013,35000.0
8876,1898,20134,2013,366.2
10198,S1452,20134,2013,467.3
11793,S453,20134,2013,167.03
10362,S1504,20134,2013,374.89
9041,349,20134,2013,127.9
10891,S1846,20134,2013,91.63
11787,S439,20134,2013,106.63
10565,S1597,20134,2013,1438.98
11302,S2118,20134,2013,649.5
10621,S1633,20134,2013,81.68
11291,S2114,20134,2013,71.22
12030,S763,20134,2013,286.36
9815,S1198,20134,2013,78.0
9772,S1186,20134,2013,2568.56
9665,S1039,20134,2013,135.15
10834,S1790,20134,2013,527.12
11270,S210,20134,2013,0.0
9948,S1311,20134,2013,94.14
12325,s202,20134,2013,1602.91
11403,S2193,20134,2013,208.38
9294,536,20134,2013,512.71
9298,540,20134,2013,126.94
12153,S902,20134,2013,8391.06
9075,373,20134,2013,279.25
10191,S1449,20134,2013,72.12
10194,S1450,20134,2013,252.15
10210,S1454,20134,2013,249.54
8892,1923,20134,2013,122.7
8709,1718,20134,2013,174.73
8414,1160,20134,2013,31848.1
9941,S1307,20134,2013,80.0
11159,S203,20134,2013,263.64
10754,S1736,20134,2013,11700.72
11631,S267,20134,2013,622.49
10138,S1437,20134,2013,66.56
9736,S1160,20134,2013,1660.56
9492,805,20134,2013,2290.18
11392,S2191,20134,2013,303.93
12347,s2265,20134,2013,52.74
9849,S1219,20134,2013,2370.2599999999998
11645,S289,20134,2013,481.25
12339,s2036,20134,2013,214.78
9862,S1222,20134,2013,500.74
10023,S1364,20134,2013,115.13000000000001
9467,791,20134,2013,26102.0
9049,352,20134,2013,3752.98
8899,1927,20134,2013,0.0
11044,S1952,20134,2013,48.12
11050,S1956,20134,2013,90.01
11757,S41,20134,2013,906.28
11295,S2116,20134,2013,518.38
10635,S1664,20134,2013,69.39
11164,S2037,20134,2013,764.8199999999999
9098,389,20134,2013,1890.58
11774,S42,20134,2013,127.44
10929,S1868,20134,2013,107.75
9578,IR39,20134,2013,143.62
9586,IR4,20134,2013,1438.56
11100,S1993,20134,2013,428.64
10590,S1614,20134,2013,334.12
11358,S2177,20134,2013,578.4
12040,S766,20134,2013,1834.45
12045,S777,20134,2013,1891.47
12056,S78,20134,2013,10296.4
11719,S36,20134,2013,274.9
10738,S1730,20134,2013,3000.45
9460,771,20134,2013,23.95
8379,112,20134,2013,1476.0
8389,1130,20134,2013,13564.970000000001
9313,548,20134,2013,390.16
12134,S877,20134,2013,452.83
10426,S153,20134,2013,495.4
10438,S1532,20134,2013,57.5
8848,1863,20134,2013,538.7
10168,S1443,20134,2013,64.75999999999999
8721,1726,20134,2013,1085.5
8732,1729,20134,2013,3861.8
8367,1119,20134,2013,1396.56
10173,S1446,20134,2013,2054.14
9746,S1169,20134,2013,808.0699999999999
10841,S1792,20134,2013,1325.3
9627,S1008,20134,2013,1001.5
9661,S103,20134,2013,800.28
11723,S361,20134,2013,437.86
10576,S1611,20134,2013,1496.51
11649,S293,20134,2013,357.12
11654,S299,20134,2013,2665.45
10158,S1442,20134,2013,399.59000000000003
10432,S1531,20134,2013,361.2
11367,S2179,20134,2013,1605.91
10012,S1361,20134,2013,4170.360000000001
8306,1058,20134,2013,3658.92
8356,11,20134,2013,3005.13
8325,1065,20134,2013,1397.61
11340,S2158,20134,2013,255.12
10182,S1447,20134,2013,329.48
10186,S1448,20134,2013,371.5
9112,400,20134,2013,1940.8799999999999
9114,404,20134,2013,2604.0
9328,556,20134,2013,2207.0
9319,550,20134,2013,269.12
9322,551,20134,2013,151.8
12398,s260,20134,2013,156.12
11666,S3,20134,2013,2524.92
9130,430,20134,2013,2731.45
9307,545,20134,2013,51.52
10583,S1613,20134,2013,918.0
8295,1039,20134,2013,7753.13
8697,1712,20134,2013,5477.27
8337,1079,20134,2013,220.0
9435,752,20134,2013,8402.22
9085,384,20134,2013,2247.8
9089,388,20134,2013,2295.05
12064,S816,20134,2013,235.94
12068,S824,20134,2013,67.32
10579,S1612,20134,2013,285.0
11148,S2024,20134,2013,946.24
9727,S1155,20134,2013,74.13
11112,S20,20134,2013,25.5
10914,S1859,20134,2013,75.99
10612,S1630,20134,2013,219.98
9983,S1341,20134,2013,362.88
8314,106,20134,2013,245.21
10732,S1723,20134,2013,30.82
10602,S1622,20134,2013,450.59
11698,S318,20134,2013,352.14
9827,S1203,20134,2013,219.16
8862,1877,20134,2013,7082.1
12102,S852,20134,2013,404.13
12075,S828,20134,2013,778.8199999999999
8747,1751,20134,2013,2303.0
12114,S860,20134,2013,3533.46
11680,S31,20134,2013,215.35
11117,S2001,20134,2013,115.02
11121,S2004,20134,2013,4350.38
8580,152,20134,2013,352.79999999999995
8582,1530,20134,2013,2891.4399999999996
8585,1540,20134,2013,17596.27
9903,S1269,20134,2013,636.41
9233,507,20134,2013,52.14
12236,s1075,20134,2013,375.0
9651,S1024,20134,2013,350.28
9183,447,20134,2013,28.52
9187,458,20134,2013,2696.4
9214,487,20134,2013,397.6
9218,494,20134,2013,847.5
9255,518,20134,2013,162.6
10764,S1737,20134,2013,27.79
10770,S1750,20134,2013,114.74
10075,S1402,20134,2013,1393.5
10504,S1550,20134,2013,0.0
12240,s110,20134,2013,198.16
10998,S1919,20134,2013,1562.4
12365,s2311,20134,2013,959.58
10303,S1485,20134,2013,42.66
9399,628,20134,2013,49220.76
8594,1551,20134,2013,549.81
8624,1602,20134,2013,2410.5299999999997
10675,S1694,20134,2013,49.9
8625,1602,20135,2013,3862.5499999999997
9904,S1269,20135,2013,1580.38
9400,628,20135,2013,41055.73
10304,S1485,20135,2013,66.8
12382,s236,20135,2013,206.42
12377,s235,20135,2013,1249.1299999999999
10999,S1919,20135,2013,627.9
11508,S2315,20135,2013,264.06
12247,s1212,20135,2013,18.75
11178,S2041,20135,2013,635.1800000000001
11203,S2061,20135,2013,2829.58
8618,16,20135,2013,82.69
8949,226,20135,2013,185.45
8977,263,20135,2013,60.58
8979,273,20135,2013,1009.65
11919,S647,20135,2013,143.36
8953,24,20135,2013,0.0
11207,S2068,20135,2013,251.19
9984,S1341,20135,2013,134.45999999999998
9993,S1348,20135,2013,475.7
8296,1039,20135,2013,42833.1
11686,S312,20135,2013,169.8
12091,S84,20135,2013,601.0699999999999
10899,S185,20135,2013,12320.4
9105,393,20135,2013,73.8
9436,752,20135,2013,5512.71
10723,S1721,20135,2013,1654.1
11020,S193,20135,2013,202.06
10991,S1918,20135,2013,902.8199999999999
9330,558,20135,2013,3170.17
9332,56,20135,2013,99.15
9131,430,20135,2013,1804.2
9141,431,20135,2013,5015.0
12096,S840,20135,2013,104.21
10915,S1859,20135,2013,128.47
10412,S1527,20135,2013,13405.5
10613,S1630,20135,2013,206.48
8277,100,20135,2013,136.7
8315,106,20135,2013,812.86
10596,S1617,20135,2013,332.91999999999996
11699,S318,20135,2013,1161.06
8863,1877,20135,2013,0.0
12076,S828,20135,2013,577.73
11346,S2161,20135,2013,311.28000000000003
8286,1028,20135,2013,3592.0
10013,S1361,20135,2013,4401.72
9977,S1334,20135,2013,190.2
8743,1746,20135,2013,1102.8
12115,S860,20135,2013,1977.8
11667,S3,20135,2013,3163.56
10584,S1613,20135,2013,2002.6100000000001
8748,1751,20135,2013,2303.0
8698,1712,20135,2013,305.28
9468,791,20135,2013,193307.0
9760,S118,20135,2013,603.61
9082,377,20135,2013,1453.5
10399,S1521,20135,2013,50.0
12069,S824,20135,2013,44.32
9816,S1198,20135,2013,192.52
8338,1079,20135,2013,2838.48
10004,S1354,20135,2013,156.7
10577,S1611,20135,2013,630.7
10580,S1612,20135,2013,197.1
11149,S2024,20135,2013,722.68
12103,S852,20135,2013,185.3
9755,S1173,20135,2013,125.39
9758,S1179,20135,2013,585.58
11368,S2179,20135,2013,888.08
8307,1058,20135,2013,736.97
8357,11,20135,2013,9299.04
8326,1065,20135,2013,370.79999999999995
9329,557,20135,2013,5064.09
10187,S1448,20135,2013,201.66
8868,1882,20135,2013,48.8
9326,555,20135,2013,1619.8000000000002
10024,S1364,20135,2013,144.38
12404,s276,20135,2013,1585.44
12359,s2293,20135,2013,64.25999999999999
11644,S287,20135,2013,102.25
10159,S1442,20135,2013,985.9399999999999
12148,S90,20135,2013,150.0
10439,S1532,20135,2013,165.15
9153,434,20135,2013,3174.25
9999,S1353,20135,2013,72.09
8722,1726,20135,2013,668.08
8368,1119,20135,2013,367.52
10174,S1446,20135,2013,1652.73
9747,S1169,20135,2013,1367.42
10835,S1790,20135,2013,1507.2
10842,S1792,20135,2013,296.93
9628,S1008,20135,2013,1125.0
10570,S1600,20135,2013,392.09000000000003
10572,S1602,20135,2013,208.68
11655,S299,20135,2013,6628.63
8844,1857,20135,2013,13590.0
9579,IR39,20135,2013,48.04
11101,S1993,20135,2013,265.6
10591,S1614,20135,2013,193.22
9099,389,20135,2013,10.64
12041,S766,20135,2013,1946.97
12046,S777,20135,2013,317.90999999999997
9064,356,20135,2013,1388.8
11758,S41,20135,2013,554.56
10734,S1727,20135,2013,41.480000000000004
8348,1082,20135,2013,790.0
8676,1672,20135,2013,123.37
9314,548,20135,2013,1179.68
11377,S218,20135,2013,272.46999999999997
11381,S2182,20135,2013,87.72999999999999
9493,805,20135,2013,848.05
11646,S289,20135,2013,525.0
12340,s2037,20135,2013,30.86
9863,S1222,20135,2013,774.43
8733,1729,20135,2013,9110.33
9281,534,20135,2013,1213.56
8390,1130,20135,2013,6158.11
11322,S2143,20135,2013,1082.67
9090,388,20135,2013,1184.8400000000001
11296,S2116,20135,2013,60.58
9966,S1325,20135,2013,272.56
8380,112,20135,2013,5385.1
9703,S114,20135,2013,104.62
11165,S2037,20135,2013,146.51
9079,374,20135,2013,45052.2
10204,S1453,20135,2013,231.35000000000002
10211,S1454,20135,2013,167.88
8710,1718,20135,2013,4969.78
8415,1160,20135,2013,339.12
11160,S2036,20135,2013,47.81
10755,S1736,20135,2013,12501.0
11632,S267,20135,2013,152.72
12470,s962,20135,2013,1699.64
11393,S2191,20135,2013,136.53
12348,s2265,20135,2013,30.9
10566,S1597,20135,2013,727.09
11303,S2118,20135,2013,1200.92
8893,1923,20135,2013,3924.25
12023,S751,20135,2013,258.52
9773,S1186,20135,2013,3212.14
9662,S103,20135,2013,0.0
10624,S1639,20135,2013,0.0
11404,S2193,20135,2013,1088.5800000000002
9503,81,20135,2013,5309.43
12461,s828,20135,2013,0.0
8849,1863,20135,2013,0.0
8859,1871,20135,2013,2168.5
11596,S249,20135,2013,1137.86
12326,s202,20135,2013,485.39
12333,s2022,20135,2013,4905.71
9957,S1322,20135,2013,1321.23
10641,S1670,20135,2013,55.54
9346,563,20135,2013,938.56
10382,S1514,20135,2013,74.88
8913,1992,20135,2013,305.2
8923,2,20135,2013,25560.34
10360,S1502,20135,2013,13.5
9042,349,20135,2013,56.13
8885,1903,20135,2013,182.68
10886,S184,20135,2013,1056.43
10892,S1846,20135,2013,340.53999999999996
11277,S2103,20135,2013,368.15999999999997
9883,S1247,20135,2013,1043.53
10970,S1905,20135,2013,53.28
9616,S1002,20135,2013,500.0
10139,S1437,20135,2013,155.8
9669,S1075,20135,2013,90.0
9264,519,20135,2013,0.0
12314,s2004,20135,2013,2905.0
8448,121,20135,2013,1414.9
9696,S1128,20135,2013,324.36
10879,S1818,20135,2013,1283.78
9050,352,20135,2013,6443.129999999999
10851,S1798,20135,2013,972.8399999999999
10040,S1370,20135,2013,79.5
12296,s1873,20135,2013,745.78
12308,s1977,20135,2013,97.5
10923,S1861,20135,2013,48.48
12154,S902,20135,2013,3261.14
12163,S908,20135,2013,55.8
12165,S917,20135,2013,248.12
11581,S243,20135,2013,270.0
10739,S1730,20135,2013,2698.34
9385,59,20135,2013,0.0
8454,1225,20135,2013,348.63
8437,12000,20135,2013,2270.48
11999,S743,20135,2013,1054.65
9634,S1011,20135,2013,707.7
11805,S462,20135,2013,43.46
11813,S466,20135,2013,118.04
9370,58,20135,2013,204.64999999999998
10032,S1367,20135,2013,109.66
9482,801,20135,2013,2499.3900000000003
11122,S2004,20135,2013,9567.039999999999
10119,S1434,20135,2013,356.47999999999996
10456,S1539,20135,2013,805.15
10466,S154,20135,2013,513.17
9732,S1156,20135,2013,52.64
9271,526,20135,2013,1513.24
10037,S1368,20135,2013,841.5
11437,S2223,20135,2013,54.42
11442,S2246,20135,2013,109.5
12184,S941,20135,2013,274.06
10473,S1540,20135,2013,366.52
10791,S1755,20135,2013,82.02000000000001
11565,S24,20135,2013,1184.32
11575,S240,20135,2013,3519.85
11417,S2202,20135,2013,1714.02
12408,s288,20135,2013,303.1
9850,S1219,20135,2013,86.94
8686,1704,20135,2013,1139.12
9878,S124,20135,2013,212.88
8469,1270,20135,2013,114.33
11250,S2084,20135,2013,197.82
11815,S470,20135,2013,76.2
9023,328,20135,2013,4061.9
9787,S1190,20135,2013,2157.88
8904,1941,20135,2013,4340.7
11992,S73,20135,2013,685.84
11834,S475,20135,2013,69.0
8464,1247,20135,2013,661.86
9922,S1294,20135,2013,410.29
11261,S2090,20135,2013,160.64999999999998
11266,S21,20135,2013,26.1
10339,S1498,20135,2013,31.82
10251,S1467,20135,2013,0.0
8834,1850,20135,2013,13.78
9193,463,20135,2013,107.4
10801,S1756,20135,2013,952.78
10782,S1752,20135,2013,265.74
10983,S1916,20135,2013,694.06
11455,S2250,20135,2013,3757.89
11469,S2256,20135,2013,97.94
10545,S158,20135,2013,35.94
11543,S236,20135,2013,4114.06
10479,S1542,20135,2013,869.3
10111,S1432,20135,2013,1503.6799999999998
12203,S968,20135,2013,246.67
9449,767,20135,2013,1325.49
10771,S1750,20135,2013,35.230000000000004
12424,s3,20135,2013,24.0
8792,1803,20135,2013,0.0
9938,S1297,20135,2013,36.1
8651,1616,20135,2013,22121.3
8508,1351,20135,2013,1066.87
10257,S1468,20135,2013,179.5
10219,S1455,20135,2013,311.5
10348,S15,20135,2013,580.53
11095,S1991,20135,2013,327.09000000000003
11240,S2081,20135,2013,532.78
8515,1354,20135,2013,118.62
8481,13,20135,2013,1244.0
9916,S1282,20135,2013,314.5
10651,S1674,20135,2013,103.52
10714,S1712,20135,2013,768.86
8932,2011,20135,2013,159.79
10657,S1679,20135,2013,23.0
8665,1652,20135,2013,1202.48
8519,136,20135,2013,196.64000000000001
12196,S962,20135,2013,784.25
11559,S239,20135,2013,106.97
9167,441,20135,2013,2539.38
8760,1758,20135,2013,960.45
12282,s1721,20135,2013,575.14
10052,S1378,20135,2013,569.8199999999999
9244,509,20135,2013,38.9
9412,67,20135,2013,491.9
11838,S476,20135,2013,196.02
11982,S723,20135,2013,2307.66
11844,S479,20135,2013,228.4
11848,S48,20135,2013,255.18
10705,S1706,20135,2013,128.95999999999998
8524,1368,20135,2013,968.13
12262,s140,20135,2013,1895.4599999999998
8804,1819,20135,2013,5369.45
8811,1827,20135,2013,498.72
11491,S2296,20135,2013,43.06
10059,S1380,20135,2013,119.50999999999999
10066,S1392,20135,2013,79.64000000000001
9721,S1145,20135,2013,308.0
9475,80,20135,2013,38.61
10959,S19,20135,2013,833.1
8564,1512,20135,2013,2233.05
9690,S1111,20135,2013,0.0
11213,S2070,20135,2013,297.23
9644,S1022,20135,2013,1202.3
9524,84,20135,2013,1419.89
9539,863,20135,2013,0.0
8984,297,20135,2013,1927.95
8573,1515,20135,2013,1155.1
8780,1793,20135,2013,605.95
12268,s1412,20135,2013,326.56
12451,s654,20135,2013,13793.58
9652,S1024,20135,2013,695.1
9708,S1140,20135,2013,1993.93
9229,501,20135,2013,719.5
8540,150,20135,2013,1750.0
8637,1607,20135,2013,12030.36
11186,S2046,20135,2013,132.84
9799,S1192,20135,2013,6070.67
11968,S717,20135,2013,0.0
9014,327,20135,2013,133.47
11078,S1982,20135,2013,3348.35
10076,S1402,20135,2013,327.5
11473,S2258,20135,2013,16.14
11483,S2282,20135,2013,30.19
9219,494,20135,2013,171.68
11525,S2341,20135,2013,107.33999999999999
12439,s49,20135,2013,21.68
8823,1830,20135,2013,87.0
9839,S1212,20135,2013,2036.92
10520,S1563,20135,2013,45.6
8960,255,20135,2013,1783.24
8997,30,20135,2013,951.91
9781,S1187,20135,2013,145.58
11880,S523,20135,2013,194.98
10314,S1487,20135,2013,1264.19
10865,S1813,20135,2013,44.61
11943,S67,20135,2013,1932.41
8990,3,20135,2013,5298.0
11895,S607,20135,2013,2395.5099999999998
10684,S1696,20135,2013,85.18
11221,S2072,20135,2013,578.3100000000001
8584,1538,20135,2013,248.68
8546,1504,20135,2013,3066.33
9209,477,20135,2013,191.5
9568,IR21,20135,2013,498.75
12232,s1009,20135,2013,273.9
12216,S995,20135,2013,12.92
10768,S1744,20135,2013,772.1999999999999
12254,s1361,20135,2013,284.29999999999995
10087,S1412,20135,2013,6543.17
10496,S1548,20135,2013,32.52
10505,S1550,20135,2013,50.22
10511,S1555,20135,2013,1388.04
10784,S1754,20135,2013,262.62
10943,S1872,20135,2013,103.5
10945,S1880,20135,2013,47.5
9603,S0001,20135,2013,0.0
11036,S1940,20135,2013,2034.16
11905,S637,20135,2013,230.0
11924,S654,20135,2013,17439.44
10271,S1478,20135,2013,1706.5700000000002
10291,S1481,20135,2013,89.68
9426,75,20135,2013,5718.22
9393,610,20135,2013,53.38
8595,1551,20135,2013,896.18
10676,S1694,20135,2013,27.72
10296,S1484,20135,2013,750.0
9905,S1269,20136,2013,309.75
8626,1602,20136,2013,777.93
10690,S1699,20136,2013,795.5699999999999
11668,S3,20136,2013,906.87
12116,S860,20136,2013,1211.6699999999998
9978,S1334,20136,2013,299.07
10014,S1361,20136,2013,3094.1800000000003
11369,S2179,20136,2013,453.53
9337,561,20136,2013,163.75
9336,560,20136,2013,40.22
9333,56,20136,2013,72.99000000000001
10413,S1527,20136,2013,7230.16
10916,S1859,20136,2013,428.56
12097,S840,20136,2013,208.7
9331,559,20136,2013,643.94
8711,1718,20136,2013,911.5
11944,S67,20136,2013,512.5699999999999
10315,S1487,20136,2013,667.5
11875,S512,20136,2013,38.45
8961,255,20136,2013,9466.01
11204,S2061,20136,2013,1272.9099999999999
9401,628,20136,2013,96624.8
8603,1556,20136,2013,106.65
8574,1515,20136,2013,821.9
9427,75,20136,2013,13308.86
10292,S1481,20136,2013,69.25
9604,S0001,20136,2013,0.0
10939,S187,20136,2013,658.4
10785,S1754,20136,2013,288.4
10497,S1548,20136,2013,4931.31
10088,S1412,20136,2013,5222.97
8638,1607,20136,2013,22982.32
10335,S1497,20136,2013,337.5
10325,S1489,20136,2013,753.04
12440,s49,20136,2013,214.14000000000001
11526,S2341,20136,2013,395.0
9220,494,20136,2013,1330.8
11478,S2266,20136,2013,448.14
10766,S1739,20136,2013,13.5
9256,518,20136,2013,878.4799999999999
11535,S2355,20136,2013,99.75
11935,S655,20136,2013,765.53
9515,819,20136,2013,70.83
11969,S717,20136,2013,109.56
9800,S1192,20136,2013,89.34
11869,S508,20136,2013,290.46000000000004
11230,S2079,20136,2013,124.80000000000001
11228,S2078,20136,2013,55.04
9033,338,20136,2013,0.0
9653,S1024,20136,2013,136.57999999999998
12452,s654,20136,2013,6086.55
12446,s61,20136,2013,262.5
11486,S2289,20136,2013,304.62
12277,s1527,20136,2013,593.1600000000001
8781,1793,20136,2013,747.45
10529,S1577,20136,2013,459.7
9840,S1212,20136,2013,1787.98
11855,S480,20136,2013,1478.18
9544,90,20136,2013,876.65
9525,84,20136,2013,2163.48
11214,S2070,20136,2013,458.0
8556,1506,20136,2013,3119.6
9912,S128,20136,2013,178.5
8520,136,20136,2013,39.53
9864,S1222,20136,2013,2099.29
8793,1803,20136,2013,3272.68
11463,S2252,20136,2013,118.5
10512,S1555,20136,2013,174.56
11489,S2290,20136,2013,32.0
9230,503,20136,2013,124.0
8812,1827,20136,2013,711.02
8805,1819,20136,2013,4010.24
9469,791,20136,2013,216783.38
11983,S723,20136,2013,142.45
11976,S72,20136,2013,2000.46
11839,S476,20136,2013,1029.6
9413,67,20136,2013,1312.3799999999999
10662,S1688,20136,2013,159.49
10658,S1679,20136,2013,18.88
8998,30,20136,2013,1846.45
10266,S1474,20136,2013,187.46
8652,1616,20136,2013,1247.86
9930,S1296,20136,2013,207.67000000000002
9437,752,20136,2013,1346.75
10715,S1712,20136,2013,119.62
11849,S48,20136,2013,659.4300000000001
9006,323,20136,2013,62.45
10243,S1463,20136,2013,61.0
8500,1341,20136,2013,440.72999999999996
11241,S2081,20136,2013,289.05
12208,S986,20136,2013,63.620000000000005
10960,S19,20136,2013,283.6
10952,S1892,20136,2013,78.76
12197,S962,20136,2013,2863.93
11142,S2018,20136,2013,68.19
9476,80,20136,2013,733.68
9768,S1182,20136,2013,180.08
10238,S1462,20136,2013,186.6
10340,S1498,20136,2013,77.43
11256,S2087,20136,2013,818.1600000000001
8493,1320,20136,2013,71.7
8482,13,20136,2013,1977.33
10480,S1542,20136,2013,834.2099999999999
11544,S236,20136,2013,2302.79
9245,509,20136,2013,32.94
10971,S1905,20136,2013,53.28
9168,441,20136,2013,4206.36
10103,S1425,20136,2013,249.15
11088,S1983,20136,2013,898.24
10349,S15,20136,2013,856.1700000000001
8905,1941,20136,2013,708.0
8939,2031,20136,2013,1114.8
10227,S1457,20136,2013,1964.4099999999999
9788,S1190,20136,2013,758.45
9024,328,20136,2013,13152.95
11251,S2084,20136,2013,217.2
9671,S108,20136,2013,56.08
8470,1270,20136,2013,285.92
8687,1704,20136,2013,776.2
9371,58,20136,2013,360.1
8835,1850,20136,2013,909.51
12177,S940,20136,2013,248.5
12414,s293,20136,2013,1219.3
12409,s288,20136,2013,484.96
10777,S1751,20136,2013,941.15
10772,S1750,20136,2013,436.32
9450,767,20136,2013,570.68
11021,S193,20136,2013,576.5
11062,S1971,20136,2013,540.0
9635,S1011,20136,2013,778.47
11997,S738,20136,2013,328.88
11993,S73,20136,2013,132.0
11271,S210,20136,2013,717.31
8679,170,20136,2013,14305.14
8420,1186,20136,2013,2122.5
9386,59,20136,2013,295.44
10792,S1755,20136,2013,394.0
10129,S1435,20136,2013,149.4
11438,S2225,20136,2013,529.6
11456,S2250,20136,2013,1386.36
10984,S1916,20136,2013,554.91
11443,S2246,20136,2013,109.5
8465,1247,20136,2013,99.32
8509,1351,20136,2013,142.86
11284,S2110,20136,2013,130.74
9051,352,20136,2013,5443.92
12013,S75,20136,2013,8.02
10857,S1802,20136,2013,768.0
11079,S1982,20136,2013,1218.08
10457,S1539,20136,2013,660.7
11560,S239,20136,2013,611.1800000000001
10133,S1436,20136,2013,71.78
9483,801,20136,2013,12239.039999999999
11429,S2218,20136,2013,374.33
10033,S1367,20136,2013,86.92
9851,S1219,20136,2013,1370.1
11418,S2202,20136,2013,108.17
11576,S240,20136,2013,4479.01
11566,S24,20136,2013,113.34
11806,S462,20136,2013,114.61
10880,S1818,20136,2013,498.6
9043,349,20136,2013,64.66
10199,S1452,20136,2013,13.5
8877,1898,20136,2013,221.04
8924,2,20136,2013,81074.5
10375,S1511,20136,2013,298.09
9347,563,20136,2013,36.7
9679,S1101,20136,2013,611.01
10740,S1730,20136,2013,3819.77
11582,S243,20136,2013,275.76
12166,S917,20136,2013,562.14
12155,S902,20136,2013,415.13
10120,S1434,20136,2013,0.0
9709,S1140,20136,2013,956.86
8761,1758,20136,2013,0.0
12297,s1873,20136,2013,70.6
11045,S1952,20136,2013,123.27
9808,S1193,20136,2013,0.0
9663,S103,20136,2013,37.33
12031,S763,20136,2013,392.0
10644,S1672,20136,2013,196.92
11304,S2118,20136,2013,298.2
8699,1712,20136,2013,2442.0
10205,S1453,20136,2013,81.75
9080,374,20136,2013,0.0
11616,S259,20136,2013,912.6
9556,99,20136,2013,9747.140000000001
9180,446,20136,2013,4239.0
11394,S2191,20136,2013,254.97
9716,S1141,20136,2013,1157.8400000000001
9617,S1002,20136,2013,600.0
8767,1769,20136,2013,272.15
11166,S2037,20136,2013,1271.8600000000001
9774,S1186,20136,2013,713.77
9065,356,20136,2013,67.08
9100,389,20136,2013,768.6
8860,1871,20136,2013,2512.5
8850,1863,20136,2013,4316.18
9504,81,20136,2013,1469.56
12315,s2004,20136,2013,493.03999999999996
10826,S1777,20136,2013,87.7
9076,373,20136,2013,152.55
11313,S2133,20136,2013,149.86
8391,1130,20136,2013,9618.99
9958,S1322,20136,2013,1856.7
8358,11,20136,2013,3902.54
9091,388,20136,2013,1854.55
11052,S1962,20136,2013,313.04
9327,555,20136,2013,69.44999999999999
11327,S2144,20136,2013,112.22000000000001
9737,S1160,20136,2013,270.09
12471,s962,20136,2013,227.62
12465,s83,20136,2013,595.64
11636,S270,20136,2013,132.84
11633,S267,20136,2013,215.54
10756,S1736,20136,2013,8749.27
10748,S1735,20136,2013,60.85
11389,S219,20136,2013,0.0
9594,IR70,20136,2013,34.78
9587,IR4,20136,2013,255.66
11597,S249,20136,2013,545.62
8894,1923,20136,2013,3924.25
8673,1669,20136,2013,2096.0
9461,771,20136,2013,270.63
9115,404,20136,2013,436.6
10395,S1520,20136,2013,611.6
12060,S799,20136,2013,58.2
10175,S1446,20136,2013,373.61
8327,1065,20136,2013,929.73
8308,1058,20136,2013,3161.42
10810,S1759,20136,2013,13.5
10802,S1756,20136,2013,318.1
9494,805,20136,2013,3551.0
10567,S1597,20136,2013,255.96
12349,s2265,20136,2013,28.63
9142,431,20136,2013,5414.55
9748,S1169,20136,2013,550.71
10169,S1443,20136,2013,33.5
8369,1119,20136,2013,1193.35
8723,1726,20136,2013,2618.32
9817,S1198,20136,2013,381.72
12057,S78,20136,2013,478.15999999999997
12070,S824,20136,2013,190.64
12065,S816,20136,2013,6.0
10400,S1521,20136,2013,5481.0
9691,S1118,20136,2013,288.86
11347,S2161,20136,2013,518.83
11341,S2158,20136,2013,501.75
10930,S1868,20136,2013,528.51
11656,S299,20136,2013,884.55
9282,534,20136,2013,101.13
8734,1729,20136,2013,2689.52
12341,s2071,20136,2013,197.38
8824,1830,20136,2013,632.84
12140,S888,20136,2013,260.94
12135,S877,20136,2013,1060.17
12084,S832,20136,2013,48.0
12077,S828,20136,2013,53.28
11700,S318,20136,2013,1065.2
10597,S1617,20136,2013,136.95999999999998
8316,106,20136,2013,0.0
8278,100,20136,2013,305.76
10724,S1721,20136,2013,770.6
11716,S340,20136,2013,253.92
10000,S1353,20136,2013,217.35
9833,S1206,20136,2013,73.76
8869,1882,20136,2013,953.3
10160,S1442,20136,2013,1324.63
12399,s260,20136,2013,205.4
12334,s2022,20136,2013,2026.46
11359,S2177,20136,2013,346.07
8339,1079,20136,2013,3907.65
8749,1751,20136,2013,2303.0
10585,S1613,20136,2013,380.0
10406,S1522,20136,2013,50.22
10900,S185,20136,2013,1748.27
11687,S312,20136,2013,1400.25
8297,1039,20136,2013,22720.18
9994,S1348,20136,2013,463.56
9988,S1347,20136,2013,152.5
9985,S1341,20136,2013,201.97
10427,S153,20136,2013,712.38
11113,S20,20136,2013,256.88
12104,S852,20136,2013,79.39
9158,440,20136,2013,104.28999999999999
11150,S2024,20136,2013,481.27
10578,S1611,20136,2013,34.0
10005,S1354,20136,2013,75.5
8536,1424,20136,2013,5011.0
8530,1408,20136,2013,22680.0
12217,S995,20136,2013,697.87
12226,s0001,20136,2013,0.0
9234,507,20136,2013,71.12
11518,S2334,20136,2013,173.5
11516,S2332,20136,2013,58.01
10487,S1546,20136,2013,489.03999999999996
9203,473,20136,2013,5766.5
11037,S1940,20136,2013,412.90000000000003
11123,S2004,20136,2013,18764.62
11484,S2282,20136,2013,263.21999999999997
11925,S654,20136,2013,19869.54
11896,S607,20136,2013,2600.08
8547,1504,20136,2013,2564.3399999999997
8586,1540,20136,2013,546.7
10272,S1478,20136,2013,796.9300000000001
12390,s259,20136,2013,88.34
12364,s2307,20136,2013,93.57
12385,s257,20136,2013,509.32
8609,1575,20136,2013,513.12
12378,s235,20136,2013,614.1
10685,S1696,20136,2013,279.4
9892,S1265,20136,2013,797.33
8614,1598,20136,2013,20822.0
10284,S1480,20136,2013,346.84999999999997
8969,257,20136,2013,668.03
8974,262,20136,2013,845.0
11917,S646,20136,2013,49.5
12253,s13,20136,2013,93.5
11009,S1926,20137,2013,3640.9
12386,s257,20137,2013,251.8
10297,S1484,20137,2013,893.16
10285,S1480,20137,2013,151.36
8950,226,20137,2013,228.22
8610,1575,20137,2013,292.0
8587,1540,20137,2013,31164.93
10686,S1696,20137,2013,0.0
10667,S1693,20137,2013,0.0
12366,s2311,20137,2013,605.0
10273,S1478,20137,2013,608.33
8639,1607,20137,2013,2125.51
9906,S1269,20137,2013,183.49
8627,1602,20137,2013,7274.089999999999
10691,S1699,20137,2013,258.90999999999997
11675,S302,20137,2013,183.11999999999998
11669,S3,20137,2013,1484.05
12126,S869,20137,2013,253.0
12117,S860,20137,2013,15.92
8744,1746,20137,2013,1996.0
10015,S1361,20137,2013,5381.36
11370,S2179,20137,2013,1603.3500000000001
9756,S1173,20137,2013,236.5
10917,S1859,20137,2013,411.49
10907,S1858,20137,2013,197.1
10901,S185,20137,2013,957.8000000000001
9749,S1169,20137,2013,400.78
8712,1718,20137,2013,1090.04
8750,1751,20137,2013,4606.0
9306,544,20137,2013,0.0
11681,S311,20137,2013,205.5
11709,S329,20137,2013,166.24
9526,84,20137,2013,834.54
12092,S84,20137,2013,88.0
11688,S312,20137,2013,10531.7
9339,562,20137,2013,1710.0
8298,1039,20137,2013,29305.93
9995,S1348,20137,2013,692.28
9986,S1341,20137,2013,207.86
10603,S1622,20137,2013,621.72
10414,S1527,20137,2013,3865.22
10428,S153,20137,2013,262.95
12105,S852,20137,2013,1279.05
10154,S1441,20137,2013,228.3
11102,S1993,20137,2013,255.1
11353,S2170,20137,2013,0.0
11157,S2026,20137,2013,33.5
11151,S2024,20137,2013,950.94
12393,s26,20137,2013,44.9
12356,s2292,20137,2013,1853.8200000000002
11708,S327,20137,2013,1312.1
11701,S318,20137,2013,322.33000000000004
12078,S828,20137,2013,727.59
9823,S120,20137,2013,89.5
9818,S1198,20137,2013,179.02
8317,106,20137,2013,1205.6999999999998
10725,S1721,20137,2013,751.2499999999999
11711,S337,20137,2013,8549.55
10440,S1532,20137,2013,439.57
12149,S90,20137,2013,375.0
10161,S1442,20137,2013,154.16
9123,417,20137,2013,444.9
12405,s276,20137,2013,132.12
12335,s2022,20137,2013,816.91
10025,S1364,20137,2013,276.65
11360,S2177,20137,2013,440.29999999999995
9580,IR39,20137,2013,271.58
12071,S824,20137,2013,215.9
9761,S118,20137,2013,599.22
9692,S1118,20137,2013,26.59
9353,565,20137,2013,739.0
8287,1028,20137,2013,15886.0
9348,563,20137,2013,603.05
11348,S2165,20137,2013,73.82
10931,S1868,20137,2013,0.0
8840,1856,20137,2013,1217.7
11657,S299,20137,2013,1482.72
9283,534,20137,2013,969.72
9852,S1219,20137,2013,958.9
12344,s218,20137,2013,113.31
12136,S877,20137,2013,305.77
12129,S870,20137,2013,53.28
9116,404,20137,2013,41.129999999999995
10393,S1519,20137,2013,50.83
10401,S1521,20137,2013,643.75
10188,S1448,20137,2013,691.27
10183,S1447,20137,2013,248.84
10176,S1446,20137,2013,300.0
10592,S1614,20137,2013,763.56
8328,1065,20137,2013,989.24
8309,1058,20137,2013,540.0
8340,1079,20137,2013,1407.3799999999999
10811,S1759,20137,2013,13.5
10803,S1756,20137,2013,660.75
9495,805,20137,2013,2153.52
11378,S218,20137,2013,363.65
10568,S1597,20137,2013,433.07
8735,1729,20137,2013,6046.8
10556,S1588,20137,2013,261.5
9505,81,20137,2013,7263.79
9741,S1168,20137,2013,13.62
9738,S1160,20137,2013,1370.11
11740,S399,20137,2013,197.94
11738,S386,20137,2013,324.15
10843,S1792,20137,2013,5157.7300000000005
9562,IR11,20137,2013,0.0
9557,99,20137,2013,15842.33
8370,1119,20137,2013,1633.2
8693,1709,20137,2013,644.0
8724,1726,20137,2013,311.6
11328,S2144,20137,2013,2046.94
11323,S2143,20137,2013,239.48
8825,1830,20137,2013,24.7
10757,S1736,20137,2013,11822.17
10749,S1735,20137,2013,184.5
12327,s202,20137,2013,921.88
11617,S259,20137,2013,619.04
8895,1923,20137,2013,0.0
10383,S1514,20137,2013,579.24
11746,S404,20137,2013,709.72
9775,S1186,20137,2013,1094.3500000000001
9959,S1322,20137,2013,1548.31
8349,1082,20137,2013,422.5
11167,S2037,20137,2013,624.22
9061,353,20137,2013,6566.69
12047,S777,20137,2013,212.85
8851,1863,20137,2013,1187.07
12460,s777,20137,2013,1122.79
12453,s654,20137,2013,2354.43
9143,431,20137,2013,830.4300000000001
9299,540,20137,2013,23.08
9295,536,20137,2013,521.4
11405,S2193,20137,2013,81.08
12316,s2004,20137,2013,710.5
10045,S1376,20137,2013,976.7900000000001
9265,519,20137,2013,1656.95
10819,S1772,20137,2013,13.5
9071,368,20137,2013,139.05
9092,388,20137,2013,1272.72
8381,112,20137,2013,2545.0
8359,11,20137,2013,2264.39
9939,S1297,20137,2013,559.88
11297,S2116,20137,2013,144.34
11046,S1952,20137,2013,173.5
10363,S1504,20137,2013,90.2
10827,S1777,20137,2013,0.0
9809,S1193,20137,2013,13.5
12032,S763,20137,2013,1221.32
10617,S1632,20137,2013,1463.84
11306,S2120,20137,2013,111.87
9945,S1308,20137,2013,128.44
8700,1712,20137,2013,19820.940000000002
10212,S1454,20137,2013,630.54
11604,S25,20137,2013,1082.34
11598,S249,20137,2013,395.2
9177,442,20137,2013,126.2
11395,S2191,20137,2013,12.75
9618,S1002,20137,2013,640.0
8774,1783,20137,2013,397.78
8768,1769,20137,2013,146.45999999999998
8762,1758,20137,2013,2241.4
10741,S1730,20137,2013,2031.73
11794,S453,20137,2013,1201.24
8925,2,20137,2013,21572.5
9673,S1087,20137,2013,273.86
8427,1187,20137,2013,56.010000000000005
8421,1186,20137,2013,715.0
9949,S1311,20137,2013,214.64
9698,S1135,20137,2013,400.62
10371,S1507,20137,2013,63.6
10924,S1861,20137,2013,13.5
12156,S902,20137,2013,1116.12
9710,S1140,20137,2013,820.04
9272,526,20137,2013,2416.51
12309,s1977,20137,2013,55.94
12303,s19,20137,2013,292.0
11583,S243,20137,2013,1636.59
9733,S1158,20137,2013,386.03
9052,352,20137,2013,1978.68
11984,S723,20137,2013,815.45
12018,S750,20137,2013,18.86
12014,S75,20137,2013,530.88
8404,115,20137,2013,0.0
8400,1144,20137,2013,346.8
8392,1130,20137,2013,8768.39
11279,S2108,20137,2013,322.6
10858,S1802,20137,2013,1920.0
11080,S1982,20137,2013,2388.63
10881,S1818,20137,2013,1052.59
9728,S1155,20137,2013,523.76
10458,S1539,20137,2013,4297.08
11561,S239,20137,2013,376.88
12288,s178,20137,2013,346.03999999999996
11419,S2202,20137,2013,734.3
11567,S24,20137,2013,3662.95
11807,S462,20137,2013,60.34
9636,S1011,20137,2013,1415.4
9545,90,20137,2013,246.25
8438,12000,20137,2013,3740.25
8416,1160,20137,2013,29547.34
8455,1225,20137,2013,56.28
9387,59,20137,2013,54411.3
10121,S1434,20137,2013,381.05
12185,S941,20137,2013,274.07
11444,S2246,20137,2013,333.74
10985,S1916,20137,2013,293.09000000000003
10972,S1905,20137,2013,4092.36
9484,801,20137,2013,4898.08
10793,S1755,20137,2013,38.17
9194,463,20137,2013,51.3
8813,1827,20137,2013,1937.68
8836,1850,20137,2013,376.18
11798,S458,20137,2013,0.0
9025,328,20137,2013,26673.65
10228,S1457,20137,2013,163.5
9789,S1190,20137,2013,1331.96
9372,58,20137,2013,1142.76
8680,170,20137,2013,21415.62
12178,S940,20137,2013,248.5
12410,s288,20137,2013,1583.75
8782,1793,20137,2013,910.46
12425,s3,20137,2013,215.7
9451,767,20137,2013,889.27
12204,S97,20137,2013,99.34
11022,S193,20137,2013,277.2
10481,S1542,20137,2013,239.61
11822,S471,20137,2013,361.69000000000005
10252,S1467,20137,2013,31.5
12000,S743,20137,2013,402.8
10220,S1455,20137,2013,221.62
9044,349,20137,2013,1942.4900000000002
11827,S472,20137,2013,390.6
9414,67,20137,2013,395.09
8483,13,20137,2013,711.2
9923,S1294,20137,2013,4704.91
8466,1247,20137,2013,63.86
11545,S236,20137,2013,564.02
10546,S158,20137,2013,32.15
9246,509,20137,2013,2501.5
10053,S1378,20137,2013,36.120000000000005
12279,s171,20137,2013,900.0
12415,s293,20137,2013,715.0
10467,S154,20137,2013,661.62
9169,441,20137,2013,7300.93
11553,S237,20137,2013,1521.89
12210,S987,20137,2013,123.82
10350,S15,20137,2013,521.85
8940,2031,20137,2013,453.8
9801,S1192,20137,2013,1163.9
8653,1616,20137,2013,42739.67
9931,S1296,20137,2013,306.31
9444,762,20137,2013,45.31
9438,752,20137,2013,14827.8
9029,336,20137,2013,670.6
9007,323,20137,2013,134.16
8999,30,20137,2013,1601.72
10244,S1463,20137,2013,193.54
10258,S1468,20137,2013,438.26
8946,205,20137,2013,71.3
10652,S1674,20137,2013,298.8
8501,1341,20137,2013,44.84
9917,S1292,20137,2013,81.99
8510,1351,20137,2013,340.45
11242,S2081,20137,2013,2620.9
12209,S986,20137,2013,30.5
10961,S19,20137,2013,612.95
10956,S1894,20137,2013,74.12
10953,S1892,20137,2013,167.58
10946,S1880,20137,2013,97.1
11027,S1930,20137,2013,250.34000000000003
11135,S2014,20137,2013,2123.53
9470,791,20137,2013,428.96
9717,S1141,20137,2013,193.12
9865,S1222,20137,2013,807.15
10060,S1388,20137,2013,85.18
11457,S2250,20137,2013,1692.06
11464,S2252,20137,2013,63.39
10531,S1578,20137,2013,183.84
8806,1819,20137,2013,7214.74
9228,499,20137,2013,0.0
9654,S1024,20137,2013,941.28
11977,S72,20137,2013,2550.1
11840,S476,20137,2013,1029.6
9402,628,20137,2013,36877.78
8541,150,20137,2013,1750.0
8666,1652,20137,2013,5000.89
10663,S1688,20137,2013,4.0
11215,S2070,20137,2013,3452.9900000000002
9034,338,20137,2013,1473.47
12212,S99,20137,2013,35.0
12441,s49,20137,2013,691.61
8794,1803,20137,2013,24470.29
9841,S1212,20137,2013,1423.96
12269,s1412,20137,2013,833.24
12263,s140,20137,2013,129.04
10526,S1575,20137,2013,198.66
10515,S1557,20137,2013,13.5
11861,S484,20137,2013,177.92
8985,297,20137,2013,0.0
9645,S1022,20137,2013,321.06
8565,1512,20137,2013,1947.96
9913,S128,20137,2013,96.0
10706,S1706,20137,2013,552.94
10326,S1489,20137,2013,252.18
9834,S1206,20137,2013,42.52
11527,S2341,20137,2013,96.62
9221,494,20137,2013,617.98
11476,S226,20137,2013,437.52
11506,S2313,20137,2013,18.939999999999998
10077,S1402,20137,2013,663.75
9257,518,20137,2013,408.0
9184,457,20137,2013,1272.17
12218,S995,20137,2013,69.24
8980,273,20137,2013,148.95
9015,327,20137,2013,766.22
11970,S717,20137,2013,1313.76
11187,S2046,20137,2013,85.1
11231,S2079,20137,2013,2645.1800000000003
8537,1424,20137,2013,218.0
8531,1408,20137,2013,19680.0
12227,s0001,20137,2013,0.0
9605,S0001,20137,2013,0.0
9235,507,20137,2013,125.6
9204,473,20137,2013,532.1
12237,s1075,20137,2013,311.48
10089,S1412,20137,2013,8625.49
11897,S607,20137,2013,2464.33
8548,1504,20137,2013,3372.94
11222,S2072,20137,2013,776.37
11945,S67,20137,2013,949.56
10316,S1487,20137,2013,2172.55
11884,S540,20137,2013,442.1
8962,255,20137,2013,21557.77
11936,S655,20137,2013,464.9
11205,S2061,20137,2013,486.44
11179,S2041,20137,2013,300.0
8604,1556,20137,2013,137.0
8596,1551,20137,2013,967.3299999999999
8575,1515,20137,2013,121.32
9428,75,20137,2013,20594.17
11926,S654,20137,2013,11201.26
10293,S1481,20137,2013,724.75
11072,S1979,20137,2013,347.1
11063,S1971,20137,2013,1591.28
11124,S2004,20137,2013,7789.28
10506,S1550,20137,2013,42.9
10498,S1548,20137,2013,387.79
12255,s1361,20137,2013,191.04999999999998
12248,s1212,20137,2013,1142.4
12241,s110,20137,2013,340.7
9571,IR30,20137,2013,241.28
11514,S2322,20137,2013,378.8
11511,S2321,20137,2013,243.28
11000,S1919,20137,2013,260.0
10306,S1486,20138,2013,282.54
10298,S1484,20138,2013,692.26
10286,S1480,20138,2013,335.38
10277,S1479,20138,2013,51.5
10317,S1487,20138,2013,1126.11
11885,S540,20138,2013,265.26
11883,S535,20138,2013,184.78
11876,S512,20138,2013,505.39
9776,S1186,20138,2013,960.35
8991,3,20138,2013,5814.0
11918,S646,20138,2013,408.01
11946,S67,20138,2013,1043.04
11971,S717,20138,2013,246.41
11870,S511,20138,2013,1800.0
11862,S486,20138,2013,54.69
11856,S480,20138,2013,679.39
9606,S0001,20138,2013,0.0
10940,S187,20138,2013,45.5
10962,S19,20138,2013,528.63
8521,136,20138,2013,482.01
8532,1408,20138,2013,39360.0
9918,S1292,20138,2013,89.44999999999999
8566,1512,20138,2013,229.12
8557,1506,20138,2013,1009.8
8549,1504,20138,2013,1289.6
8581,1524,20138,2013,5957.0
8628,1602,20138,2013,12256.49
9874,S1224,20138,2013,193.5
8576,1515,20138,2013,7389.0
12379,s235,20138,2013,1878.8
12387,s257,20138,2013,120.9
11927,S654,20138,2013,11328.8
11089,S1983,20138,2013,704.0899999999999
8401,1144,20138,2013,520.2
8393,1130,20138,2013,14383.84
8428,1187,20138,2013,28509.09
8422,1186,20138,2013,715.0
8456,1225,20138,2013,206.57999999999998
8688,1704,20138,2013,390.0
8439,12000,20138,2013,714.2
9924,S1294,20138,2013,1832.3999999999999
11047,S1952,20138,2013,52.36
10893,S1846,20138,2013,334.5
10887,S184,20138,2013,82.08
10882,S1818,20138,2013,890.83
9637,S1011,20138,2013,105.55
11064,S1971,20138,2013,949.9
10918,S1859,20138,2013,689.75
11103,S1993,20138,2013,259.5
10812,S1759,20138,2013,603.11
10804,S1756,20138,2013,813.85
9506,81,20138,2013,3086.04
11081,S1982,20138,2013,565.1700000000001
10844,S1792,20138,2013,18855.32
8341,1079,20138,2013,1083.26
9974,S133,20138,2013,618.88
8371,1119,20138,2013,1429.46
8360,11,20138,2013,12342.59
9960,S1322,20138,2013,571.47
8701,1712,20138,2013,7705.28
8382,112,20138,2013,2580.1
10861,S1808,20138,2013,242.1
9646,S1022,20138,2013,839.7
11096,S1992,20138,2013,65.96000000000001
10778,S1751,20138,2013,499.8
9452,767,20138,2013,898.78
9485,801,20138,2013,25231.0
10742,S1730,20138,2013,6120.67
8279,100,20138,2013,1084.63
8299,1039,20138,2013,31449.96
8318,106,20138,2013,3723.3
9967,S1325,20138,2013,36.2
8725,1726,20138,2013,974.3000000000001
8329,1065,20138,2013,1329.94
8350,1082,20138,2013,790.0
10786,S1754,20138,2013,127.65
10794,S1755,20138,2013,36.0
11136,S2014,20138,2013,104.32
9477,80,20138,2013,164.16
9655,S1024,20138,2013,0.0
12336,s2022,20138,2013,675.84
9996,S1348,20138,2013,55.8
12360,s2293,20138,2013,87.3
12357,s2292,20138,2013,585.32
8713,1718,20138,2013,849.06
8751,1751,20138,2013,9212.0
9979,S1334,20138,2013,275.0
10750,S1735,20138,2013,13.5
11152,S2024,20138,2013,286.94
11168,S2037,20138,2013,137.65
10726,S1721,20138,2013,575.3
9429,75,20138,2013,18740.39
9462,771,20138,2013,50.58
10733,S1723,20138,2013,88.99
11125,S2004,20138,2013,12587.9
10758,S1736,20138,2013,10872.18
10653,S1674,20138,2013,103.52
11243,S2081,20138,2013,829.52
11196,S2050,20138,2013,447.79
10687,S1696,20138,2013,0.0
12301,s1893,20138,2013,490.0
12298,s1873,20138,2013,456.41999999999996
12317,s2004,20138,2013,651.72
12350,s2265,20138,2013,1362.15
8736,1729,20138,2013,10448.869999999999
9853,S1219,20138,2013,63.64
12342,s2071,20138,2013,217.64
10016,S1361,20138,2013,6764.03
9415,67,20138,2013,485.02000000000004
9439,752,20138,2013,4321.110000000001
11188,S2046,20138,2013,371.52
11180,S2041,20138,2013,1887.3
9682,S1104,20138,2013,351.6
11262,S2094,20138,2013,2024.0
9373,58,20138,2013,4272.780000000001
9388,59,20138,2013,0.0
12416,s293,20138,2013,812.56
12411,s288,20138,2013,271.5
12290,s1849,20138,2013,90.02
10038,S1368,20138,2013,109.21000000000001
10026,S1364,20138,2013,279.78
8769,1769,20138,2013,16593.12
8763,1758,20138,2013,960.45
11232,S2079,20138,2013,292.3
11229,S2078,20138,2013,155.31
11223,S2072,20138,2013,1126.41
11216,S2070,20138,2013,387.23
9403,628,20138,2013,45164.61
11342,S2158,20138,2013,69.25
10067,S1392,20138,2013,253.59
10061,S1388,20138,2013,184.9
12283,s1721,20138,2013,139.94
12436,s47,20138,2013,178.1
12431,s40,20138,2013,1456.73
12430,s394,20138,2013,341.35
9866,S1222,20138,2013,835.52
8783,1793,20138,2013,1449.0
12278,s1539,20138,2013,810.0
10618,S1632,20138,2013,3253.1000000000004
10614,S1630,20138,2013,109.5
11307,S2120,20138,2013,308.54
10630,S165,20138,2013,254.24
11285,S2110,20138,2013,167.04
9699,S1135,20138,2013,94.0
11361,S2177,20138,2013,339.48
10571,S1600,20138,2013,26.5
9288,535,20138,2013,2154.2
9284,534,20138,2013,3006.96
10593,S1614,20138,2013,60.27
9340,562,20138,2013,3040.0
12249,s1212,20138,2013,129.28
10078,S1402,20138,2013,702.49
12270,s1412,20138,2013,74.59
8775,1783,20138,2013,10.16
8807,1819,20138,2013,2593.09
10046,S1376,20138,2013,99.9
10070,S1394,20138,2013,254.4
11329,S2144,20138,2013,1499.83
9356,568,20138,2013,1933.56
9355,567,20138,2013,3161.2
9273,526,20138,2013,4058.15
11430,S2218,20138,2013,164.49
11425,S2206,20138,2013,846.6
11420,S2202,20138,2013,85.38
10090,S1412,20138,2013,9040.32
12442,s49,20138,2013,68.05
8795,1803,20138,2013,0.0
12219,S995,20138,2013,98.24000000000001
12256,s1361,20138,2013,82.24
9315,548,20138,2013,826.26
10557,S1588,20138,2013,13.5
11382,S2182,20138,2013,53.66
11379,S218,20138,2013,4141.8
11414,S2201,20138,2013,58.83
9300,540,20138,2013,34.5
11371,S2179,20138,2013,416.99
9252,512,20138,2013,128.62
11445,S2246,20138,2013,209.68
11470,S2256,20138,2013,153.66
10547,S158,20138,2013,845.66
9258,518,20138,2013,189.1
9726,S1154,20138,2013,98.5
9722,S1145,20138,2013,27.740000000000002
12157,S902,20138,2013,15113.36
10122,S1434,20138,2013,198.66
12186,S941,20138,2013,309.24
8814,1827,20138,2013,596.7
8826,1830,20138,2013,0.0
12179,S940,20138,2013,248.5
11406,S2193,20138,2013,798.84
11396,S2191,20138,2013,162.14999999999998
9711,S1140,20138,2013,104.22
11474,S2258,20138,2013,5500.0
11503,S2312,20138,2013,129.31
11497,S230,20138,2013,681.12
9205,473,20138,2013,2771.3
9236,507,20138,2013,3030.0
10134,S1436,20138,2013,0.0
10146,S1438,20138,2013,1917.6799999999998
12467,s902,20138,2013,350.0
9842,S1212,20138,2013,1628.65
8852,1863,20138,2013,2851.53
12454,s654,20138,2013,948.4
10140,S1437,20138,2013,69.22999999999999
11458,S2250,20138,2013,2457.2400000000002
10516,S1557,20138,2013,104.16
10513,S1555,20138,2013,344.08
9222,494,20138,2013,847.5
9170,441,20138,2013,871.46
11554,S237,20138,2013,898.0
11546,S236,20138,2013,11056.21
10482,S1542,20138,2013,627.89
11568,S24,20138,2013,1352.73
12118,S860,20138,2013,35.8
12106,S852,20138,2013,1031.05
10162,S1442,20138,2013,303.84000000000003
9828,S1203,20138,2013,412.5
8870,1882,20138,2013,132.68
12137,S877,20138,2013,678.49
10488,S1546,20138,2013,29.0
10499,S1548,20138,2013,319.22
11509,S2315,20138,2013,361.65
11533,S2350,20138,2013,846.0
11487,S2289,20138,2013,494.67
11647,S289,20138,2013,175.0
9124,423,20138,2013,408.0
11605,S25,20138,2013,50.089999999999996
11599,S249,20138,2013,767.24
11618,S259,20138,2013,588.38
9144,431,20138,2013,424.65999999999997
9159,440,20138,2013,452.4
9739,S1160,20138,2013,262.96000000000004
12048,S777,20138,2013,13.5
10177,S1446,20138,2013,1075.99
12066,S816,20138,2013,221.66
9819,S1198,20138,2013,619.78
12079,S828,20138,2013,1676.91
10459,S1539,20138,2013,1871.22
11591,S247,20138,2013,35.71
11584,S243,20138,2013,848.1
11734,S371,20138,2013,550.2
11689,S312,20138,2013,2571.69
10423,S1529,20138,2013,220.26
10415,S1527,20138,2013,11579.97
11712,S337,20138,2013,693.8
9108,395,20138,2013,1102.96
9106,393,20138,2013,10690.56
9117,404,20138,2013,1877.38
10200,S1452,20138,2013,0.0
11676,S302,20138,2013,182.09
11670,S3,20138,2013,2959.04
9750,S1169,20138,2013,69.68
9132,430,20138,2013,1492.4
10402,S1521,20138,2013,52.64
11658,S299,20138,2013,1173.27
11650,S294,20138,2013,932.65
11727,S365,20138,2013,235.65
11762,S412,20138,2013,409.45000000000005
11759,S41,20138,2013,699.14
9066,356,20138,2013,2127.95
9062,353,20138,2013,0.0
9101,389,20138,2013,27.36
11994,S73,20138,2013,37.5
10229,S1457,20138,2013,375.0
11985,S723,20138,2013,713.1800000000001
12015,S75,20138,2013,299.32
8878,1898,20138,2013,136.82
12024,S751,20138,2013,953.42
9762,S118,20138,2013,585.47
11702,S318,20138,2013,331.91
11739,S386,20138,2013,281.15
11735,S381,20138,2013,162.9
10341,S1498,20138,2013,220.67000000000002
10364,S1504,20138,2013,59.75
9053,352,20138,2013,60.0
11816,S470,20138,2013,104.76
9802,S1192,20138,2013,1195.96
8906,1941,20138,2013,1062.0
9790,S1190,20138,2013,377.54999999999995
10253,S1467,20138,2013,462.72
12003,S745,20138,2013,58.83
9093,388,20138,2013,1738.92
11755,S409,20138,2013,82.5
11750,S407,20138,2013,1970.52
11741,S399,20138,2013,877.22
10387,S1516,20138,2013,106.63
10378,S1512,20138,2013,93.4
11732,S370,20138,2013,48.54
9016,327,20138,2013,34.72
10351,S15,20138,2013,394.36
11823,S471,20138,2013,86.23
9000,30,20138,2013,2856.8599999999997
9035,338,20138,2013,8432.85
9026,328,20138,2013,25740.2
11850,S48,20138,2013,569.9300000000001
11845,S479,20138,2013,109.89
8963,255,20138,2013,1486.6599999999999
11954,S686,20138,2013,231.4
8926,2,20138,2013,54450.0
11810,S464,20138,2013,744.92
11808,S462,20138,2013,47.33
11799,S458,20138,2013,104.35
11835,S475,20138,2013,76.2
11828,S472,20138,2013,92.86
10908,S1858,20138,2013,212.61
10902,S185,20138,2013,2032.17
9527,84,20138,2013,1906.65
9563,IR11,20138,2013,0.0
9558,99,20138,2013,11983.0
11023,S193,20138,2013,3047.9700000000003
8471,1270,20138,2013,1073.6
9932,S1296,20138,2013,60.58
8494,1320,20138,2013,486.0
8484,13,20138,2013,285.92
8511,1351,20138,2013,120.72
8654,1616,20138,2013,27280.0
10986,S1916,20138,2013,274.58
10973,S1905,20138,2013,155.93
11038,S1940,20138,2013,1296.6399999999999
9569,IR21,20138,2013,547.51
11898,S607,20138,2013,1364.05
8640,1607,20138,2013,2739.45
8646,1609,20138,2013,60.0
8611,1575,20138,2013,292.0
8619,16,20138,2013,71.8
9907,S1269,20138,2013,42.51
8597,1551,20138,2013,1600.58
9893,S1265,20138,2013,1999.66
9619,S1002,20138,2013,153.5
9588,IR4,20138,2013,906.33
11010,S1926,20138,2013,1218.1100000000001
11015,S1927,20138,2013,322.1
12372,s2320,20138,2013,127.5
11001,S1923,20138,2013,27.0
10097,S1422,20139,2013,134.76
10091,S1412,20139,2013,4071.27
10104,S1425,20139,2013,439.8
12205,S97,20139,2013,454.2
9886,S126,20139,2013,64.52000000000001
12199,S964,20139,2013,45.5
9607,S0001,20139,2013,0.0
12443,s49,20139,2013,452.11
9908,S1269,20139,2013,2214.0
8796,1803,20139,2013,0.0
10987,S1916,20139,2013,314.99
12380,s235,20139,2013,409.4
9894,S1265,20139,2013,712.3399999999999
11104,S1993,20139,2013,1526.79
8598,1551,20139,2013,1633.24
8561,1511,20139,2013,3640.0
11886,S540,20139,2013,308.0
11881,S523,20139,2013,723.9200000000001
9777,S1186,20139,2013,2814.5099999999998
11910,S639,20139,2013,13.5
10274,S1478,20139,2013,207.67000000000002
11947,S67,20139,2013,1205.01
11937,S655,20139,2013,164.12
9791,S1190,20139,2013,13.28
10330,S1492,20139,2013,414.24
11863,S486,20139,2013,129.94
9017,327,20139,2013,100.58
9008,323,20139,2013,107.71
10357,S1500,20139,2013,2053.58
10352,S15,20139,2013,457.58
11824,S471,20139,2013,38.18
11817,S470,20139,2013,258.7
9001,30,20139,2013,4817.39
11846,S479,20139,2013,367.35
8964,255,20139,2013,511.99
11958,S7,20139,2013,704.16
10259,S1468,20139,2013,352.95000000000005
8929,2000,20139,2013,150.66
8927,2,20139,2013,0.0
10342,S1498,20139,2013,91.97
11769,S417,20139,2013,128.2
11765,S416,20139,2013,395.53
11764,S415,20139,2013,107.76
11763,S412,20139,2013,959.3199999999999
9036,338,20139,2013,0.0
9054,352,20139,2013,286.39
9803,S1192,20139,2013,64.0
10239,S1462,20139,2013,349.51
8907,1941,20139,2013,0.0
10254,S1467,20139,2013,96.3
11995,S73,20139,2013,75.0
10384,S1514,20139,2013,1919.2399999999998
11747,S404,20139,2013,262.14
11742,S399,20139,2013,494.35999999999996
9077,373,20139,2013,1000.08
10365,S1504,20139,2013,194.77
11733,S370,20139,2013,98.68
11728,S365,20139,2013,101.7
11724,S361,20139,2013,694.1
11760,S41,20139,2013,631.01
9094,388,20139,2013,1086.76
11986,S723,20139,2013,43.58
12016,S75,20139,2013,236.64000000000001
12007,S749,20139,2013,162.82
8879,1898,20139,2013,255.54000000000002
8918,1995,20139,2013,1873.0
12025,S751,20139,2013,709.97
11703,S318,20139,2013,4407.29
11717,S357,20139,2013,24.259999999999998
9083,38,20139,2013,35.56
10390,S1518,20139,2013,568.92
10416,S1527,20139,2013,14814.72
11715,S34,20139,2013,303.0
11713,S337,20139,2013,25.33
11710,S336,20139,2013,84.54
9107,393,20139,2013,1707.1599999999999
9118,404,20139,2013,1827.3000000000002
9763,S118,20139,2013,585.49
12033,S763,20139,2013,0.0
10213,S1454,20139,2013,73.5
8900,1938,20139,2013,78.93
8886,1903,20139,2013,127.38
12049,S777,20139,2013,82.77
10433,S1531,20139,2013,395.6
10429,S153,20139,2013,63.93
11671,S3,20139,2013,1003.98
10407,S1523,20139,2013,213.0
9751,S1169,20139,2013,359.89
9133,430,20139,2013,88.0
11690,S312,20139,2013,4359.36
11659,S299,20139,2013,1971.65
11648,S289,20139,2013,600.0
9125,423,20139,2013,0.0
9154,434,20139,2013,0.0
10441,S1532,20139,2013,166.0
11607,S251,20139,2013,13.5
11600,S249,20139,2013,3512.3
11619,S259,20139,2013,798.9300000000001
9145,431,20139,2013,39.81
11635,S268,20139,2013,140.4
10178,S1446,20139,2013,1678.82
12061,S799,20139,2013,304.14
9820,S1198,20139,2013,166.35
12087,S837,20139,2013,77.95
12080,S828,20139,2013,831.13
10460,S1539,20139,2013,614.49
10449,S1537,20139,2013,52.44
11585,S243,20139,2013,1472.6399999999999
11002,S1923,20139,2013,612.36
12388,s257,20139,2013,250.6
9611,S10,20139,2013,272.67
12367,s2311,20139,2013,418.91999999999996
9899,S1268,20139,2013,256.0
8629,1602,20139,2013,5760.37
8577,1515,20139,2013,10323.3
8550,1504,20139,2013,1950.1599999999999
8612,1575,20139,2013,71.1
10318,S1487,20139,2013,845.84
10287,S1480,20139,2013,11.35
8970,257,20139,2013,321.76
10299,S1484,20139,2013,494.27
10307,S1486,20139,2013,128.37
11928,S654,20139,2013,8179.93
11899,S607,20139,2013,1062.6
12373,s2334,20139,2013,141.5
12368,s2317,20139,2013,193.14000000000001
8641,1607,20139,2013,5698.9
8485,13,20139,2013,11.8
8495,1320,20139,2013,8250.99
9933,S1296,20139,2013,86.76
8472,1270,20139,2013,1358.12
10925,S1861,20139,2013,104.84
10932,S1868,20139,2013,691.62
9581,IR39,20139,2013,1226.8
9549,91,20139,2013,171.8
9550,920,20139,2013,2214.8
10919,S1859,20139,2013,602.0600000000001
11024,S193,20139,2013,7091.16
10954,S1892,20139,2013,439.01
9559,99,20139,2013,2472.4
9564,IR11,20139,2013,504.70000000000005
9528,84,20139,2013,1127.68
10903,S185,20139,2013,1082.24
10909,S1858,20139,2013,360.0
11065,S1971,20139,2013,947.38
9546,90,20139,2013,602.64
9638,S1011,20139,2013,45.84
10883,S1818,20139,2013,1816.71
10888,S184,20139,2013,106.63
11051,S1956,20139,2013,90.55
11055,S1968,20139,2013,248.92
8457,1225,20139,2013,177.51
8461,1245,20139,2013,107.4
8440,12000,20139,2013,67.6
8423,1186,20139,2013,1430.0
8429,1187,20139,2013,515.52
8394,1130,20139,2013,10338.619999999999
9647,S1022,20139,2013,181.78
9516,819,20139,2013,101.6
10866,S1813,20139,2013,28.65
10874,S1816,20139,2013,300.0
8402,1144,20139,2013,520.2
9942,S1307,20139,2013,533.81
8383,112,20139,2013,1476.0
8702,1712,20139,2013,8647.48
8667,1652,20139,2013,661.5
8361,11,20139,2013,4074.98
8372,1119,20139,2013,5396.1900000000005
9975,S133,20139,2013,46.8
11116,S2000,20139,2013,21.509999999999998
10836,S1790,20139,2013,810.8800000000001
10845,S1792,20139,2013,15628.050000000001
9656,S1024,20139,2013,852.08
10828,S1777,20139,2013,67.9
11082,S1982,20139,2013,3555.3
9667,S1069,20139,2013,346.78
9507,81,20139,2013,2235.73
10805,S1756,20139,2013,870.75
10813,S1759,20139,2013,213.6
11383,S2182,20139,2013,145.76
9471,791,20139,2013,318189.5
11126,S2004,20139,2013,12037.04
11131,S2007,20139,2013,380.52
11132,S2011,20139,2013,557.15
11137,S2014,20139,2013,442.28999999999996
10795,S1755,20139,2013,256.8
10787,S1754,20139,2013,250.88
8342,1079,20139,2013,1148.99
8330,1065,20139,2013,742.07
8726,1726,20139,2013,853.8000000000001
8689,1704,20139,2013,4271.18
9968,S1325,20139,2013,191.26
8319,106,20139,2013,241.6
8288,1028,20139,2013,317.24
8300,1039,20139,2013,6981.5
10743,S1730,20139,2013,2711.54
9453,767,20139,2013,518.06
10779,S1751,20139,2013,1659.47
10759,S1736,20139,2013,12270.26
9463,771,20139,2013,50.58
9430,75,20139,2013,11578.71
10727,S1721,20139,2013,1146.24
11153,S2024,20139,2013,483.9
8280,100,20139,2013,748.8
8714,1718,20139,2013,1017.22
10006,S1354,20139,2013,3006.33
12400,s260,20139,2013,788.13
11181,S2041,20139,2013,138.6
10707,S1706,20139,2013,252.0
9440,752,20139,2013,4087.75
9416,67,20139,2013,1154.47
10701,S1703,20139,2013,104.88
10017,S1361,20139,2013,5813.59
12343,s208,20139,2013,114.36
9854,S1219,20139,2013,1891.18
8737,1729,20139,2013,32844.33
12351,s2265,20139,2013,3105.66
12318,s2004,20139,2013,798.5
12305,s1972,20139,2013,490.68
11206,S2065,20139,2013,538.78
10668,S1693,20139,2013,385.19
10688,S1696,20139,2013,256.51
11169,S2037,20139,2013,569.16
10654,S1674,20139,2013,33.5
9404,628,20139,2013,114333.04000000001
9686,S1106,20139,2013,0.0
10645,S1672,20139,2013,31.38
11217,S2070,20139,2013,502.72
11224,S2072,20139,2013,129.93
10677,S1694,20139,2013,448.33000000000004
8764,1758,20139,2013,565.0
8770,1769,20139,2013,709.3
8752,1751,20139,2013,6909.0
10027,S1364,20139,2013,2021.94
10039,S1368,20139,2013,310.9
12284,s1721,20139,2013,158.95
12412,s288,20139,2013,68.75999999999999
9734,S1158,20139,2013,14.12
9729,S1155,20139,2013,79.2
9171,441,20139,2013,1611.93
12417,s293,20139,2013,10698.53
9389,59,20139,2013,2810.35
9374,58,20139,2013,108.0
11244,S2081,20139,2013,169.02
11252,S2084,20139,2013,228.9
11547,S236,20139,2013,450.06
11260,S209,20139,2013,63.96
11233,S2079,20139,2013,309.96000000000004
10637,S1668,20139,2013,169.28
9700,S1135,20139,2013,81.68
10483,S1542,20139,2013,464.34000000000003
10468,S154,20139,2013,5427.07
11272,S210,20139,2013,248.79
11286,S2110,20139,2013,426.19
11267,S21,20139,2013,68.84
12107,S852,20139,2013,309.13
10631,S165,20139,2013,81.39
11292,S2114,20139,2013,337.75
10163,S1442,20139,2013,356.18
8841,1856,20139,2013,93.03
9341,562,20139,2013,0.0
12141,S888,20139,2013,408.53
12138,S877,20139,2013,115.58
10489,S1546,20139,2013,456.32
11298,S2116,20139,2013,422.84000000000003
11308,S2120,20139,2013,211.91
11309,S2124,20139,2013,354.15000000000003
10615,S1630,20139,2013,109.99
10619,S1632,20139,2013,2403.74
9185,457,20139,2013,0.0
8784,1793,20139,2013,858.8
9867,S1222,20139,2013,1294.05
9210,477,20139,2013,112.8
11534,S2350,20139,2013,846.0
11528,S2341,20139,2013,3375.0
11488,S2289,20139,2013,745.59
10521,S157,20139,2013,292.34000000000003
11475,S2258,20139,2013,2750.0
12426,s3,20139,2013,305.72
12432,s410,20139,2013,474.45000000000005
10054,S1378,20139,2013,254.47
10594,S1614,20139,2013,19.72
9349,563,20139,2013,687.9100000000001
9206,473,20139,2013,159.56
9237,507,20139,2013,1115.25
9357,569,20139,2013,742.0
10147,S1438,20139,2013,281.15
11316,S214,20139,2013,123.5
11318,S2142,20139,2013,13.5
12466,s83,20139,2013,302.22
9843,S1212,20139,2013,2531.3199999999997
8853,1863,20139,2013,2571.73
12455,s654,20139,2013,687.35
12158,S902,20139,2013,3715.3
9718,S1141,20139,2013,257.55
10537,S1579,20139,2013,169.56
11324,S2143,20139,2013,449.72
11459,S2250,20139,2013,505.21
10047,S1376,20139,2013,155.43
10517,S1557,20139,2013,130.06
12264,s140,20139,2013,178.7
12271,s1412,20139,2013,2598.55
11493,S23,20139,2013,7184.0
9223,494,20139,2013,56.42
10079,S1402,20139,2013,723.29
10071,S1394,20139,2013,262.2
9334,56,20139,2013,24.72
11446,S2246,20139,2013,109.5
9304,543,20139,2013,0.0
10548,S158,20139,2013,504.71000000000004
11330,S2144,20139,2013,412.15
10598,S1617,20139,2013,195.39
9247,509,20139,2013,41.4
9259,518,20139,2013,39.379999999999995
9723,S1145,20139,2013,349.20000000000005
10604,S1624,20139,2013,34.8
10112,S1432,20139,2013,437.5
10606,S1625,20139,2013,84.19
9285,534,20139,2013,371.88
10123,S1434,20139,2013,123.02000000000001
12187,S941,20139,2013,56.34
8815,1827,20139,2013,310.84999999999997
8827,1830,20139,2013,0.0
9289,535,20139,2013,0.0
10586,S1613,20139,2013,993.0
11407,S2193,20139,2013,172.56
11397,S2191,20139,2013,168.65
9296,536,20139,2013,260.7
9301,540,20139,2013,202.5
11409,S2197,20139,2013,301.62
11372,S2179,20139,2013,1150.0
9712,S1140,20139,2013,609.09
9274,526,20139,2013,413.67
11431,S2218,20139,2013,114.16
12383,s236,20139,2013,1124.4
8567,1512,20139,2013,607.5
8661,1641,20139,2013,213.76999999999998
9570,IR21,20139,2013,250.55
8655,1616,20139,2013,1875.65
10992,S1918,20139,2013,12108.43
11011,S1926,20139,2013,316.3
8591,1545,20139,2013,433.6
8605,1556,20139,2013,288.0
11380,S218,20139,2013,280.08000000000004
12220,S995,20139,2013,321.6
13820,S1265,20141,2014,759.2
14852,S1977,20141,2014,133.05
13819,S126,20141,2014,64.52000000000001
15366,S298,20141,2014,215.28
15305,S249,20141,2014,93.96000000000001
15324,S259,20141,2014,960.8
15347,S268,20141,2014,585.71
12707,1504,20141,2014,2681.3
12719,1506,20141,2014,62.92
14337,S154,20141,2014,192.52
12969,1863,20141,2014,5509.12
14373,S1558,20141,2014,88.2
13843,S1273,20141,2014,13.5
15295,S243,20141,2014,254.1
15287,S24,20141,2014,92.34
12964,1856,20141,2014,132.4
12957,1850,20141,2014,1170.9499999999998
14350,S1546,20141,2014,293.22
14343,S1542,20141,2014,88.23
13845,S1294,20141,2014,549.59
13853,S1296,20141,2014,27.7
14394,S158,20141,2014,329.67
13857,S1297,20141,2014,151.94
12472,100,20141,2014,76.28
14326,S1539,20141,2014,5268.9
12981,1882,20141,2014,443.2
15270,S236,20141,2014,1037.3700000000001
15263,S2341,20141,2014,121.0
15258,S2334,20141,2014,200.15
15253,S2332,20141,2014,106.32
14386,S1579,20141,2014,3660.58
15284,S239,20141,2014,362.35
15393,S302,20141,2014,162.47
15368,S299,20141,2014,640.23
15282,S237,20141,2014,2155.75
15380,S3,20141,2014,607.06
13808,S124,20141,2014,93.06
13803,S1224,20141,2014,47.2
13391,628,20141,2014,4709.53
13787,S1219,20141,2014,64.86
14302,S153,20141,2014,85.1
14314,S1532,20141,2014,277.2
15405,S312,20141,2014,4217.42
13127,388,20141,2014,357.26
12724,1512,20141,2014,513.8399999999999
15223,S2296,20141,2014,166.5
15221,S2290,20141,2014,184.56
12993,1898,20141,2014,1673.75
13867,S1307,20141,2014,1404.9
13879,S1320,20141,2014,222.0
12743,1540,20141,2014,900.0
15243,S232,20141,2014,65.47999999999999
15233,S2312,20141,2014,242.16
13119,368,20141,2014,376.65
15446,S336,20141,2014,13.5
12685,136,20141,2014,3208.92
13775,S1212,20141,2014,3293.12
13768,S1206,20141,2014,124.4
12694,137,20141,2014,241.3
15419,S318,20141,2014,4360.13
15433,S325,20141,2014,447.99
13403,67,20141,2014,177.51
13412,72,20141,2014,65706.45
14432,S1621,20141,2014,54.41
15466,S359,20141,2014,644.52
15451,S34,20141,2014,546.9
14420,S1602,20141,2014,715.65
14419,S1601,20141,2014,272.72
15454,S342,20141,2014,161.3
12675,1351,20141,2014,517.5
14286,S1527,20141,2014,2012.9099999999999
13214,509,20141,2014,84.1
13883,S1322,20141,2014,4030.0099999999998
13890,S1325,20141,2014,85.0
12736,1515,20141,2014,22002.5
16151,s654,20141,2014,367.63
12750,1551,20141,2014,981.14
15168,S2206,20141,2014,504.46
15165,S2202,20141,2014,3169.41
12482,1028,20141,2014,31720.530000000002
15506,S393,20141,2014,96.9
15193,S2250,20141,2014,1385.31
15183,S2246,20141,2014,708.63
15180,S222,20141,2014,53.28
15205,S2258,20141,2014,212.10000000000002
12941,1827,20141,2014,1757.59
14270,S1520,20141,2014,41.7
14274,S1521,20141,2014,15009.01
12771,1598,20141,2014,16368.0
13005,1903,20141,2014,61.35
15153,S2193,20141,2014,666.63
15145,S2191,20141,2014,1257.1100000000001
15140,S2188,20141,2014,97.67
15509,S399,20141,2014,3252.5
14456,S1637,20141,2014,86.92
14449,S1630,20141,2014,606.2
14442,S1629,20141,2014,69.61
14257,S1516,20141,2014,76.28
15476,S365,20141,2014,344.61
15485,S372,20141,2014,88.18
15494,S385,20141,2014,286.48
15554,S441,20141,2014,48.07
14245,S1511,20141,2014,250.48
14247,S1512,20141,2014,96.0
14250,S1513,20141,2014,958.5699999999999
14252,S1514,20141,2014,266.5
13544,99,20141,2014,3822.38
15536,S416,20141,2014,583.49
16127,s434,20141,2014,60.0
13526,90,20141,2014,269.4
13921,S1348,20141,2014,1011.5
13925,S1353,20141,2014,133.5
16099,s293,20141,2014,973.94
15130,S2177,20141,2014,810.34
16115,s410,20141,2014,1131.22
14462,S1646,20141,2014,1923.76
15599,S464,20141,2014,210.92000000000002
14218,S15,20141,2014,903.88
15589,S462,20141,2014,21.54
12631,12000,20141,2014,3935.19
15081,S214,20141,2014,133.5
12640,121,20141,2014,1414.9
14494,S1686,20141,2014,63.76
12931,1803,20141,2014,15897.16
12930,1801,20141,2014,75.27
13419,75,20141,2014,4848.65
13431,752,20141,2014,0.0
13251,535,20141,2014,1405.8400000000001
13331,588,20141,2014,56.79
13326,586,20141,2014,1316.0
13325,584,20141,2014,0.0
15114,S2158,20141,2014,282.3
15095,S2144,20141,2014,222.38
13736,S1192,20141,2014,62.099999999999994
13432,767,20141,2014,477.24
14210,S1493,20141,2014,301.05
14211,S1494,20141,2014,25.0
14214,S1498,20141,2014,190.66
15613,S470,20141,2014,174.73
14179,S1484,20141,2014,128.44
14188,S1487,20141,2014,123.26
12775,16,20141,2014,181.77
15058,S2118,20141,2014,623.12
15052,S2116,20141,2014,638.6899999999999
15075,S213,20141,2014,702.4
14199,S1488,20141,2014,6124.799999999999
12917,1793,20141,2014,927.45
12903,1769,20141,2014,13473.05
14514,S1696,20141,2014,70.72
15626,S474,20141,2014,118.04
13493,819,20141,2014,28.4
13510,84,20141,2014,1335.9
13934,S1361,20141,2014,3800.99
13725,S1190,20141,2014,6001.61
13713,S1186,20141,2014,2484.99
13946,S1364,20141,2014,133.07
13079,30,20141,2014,4967.12
13090,327,20141,2014,21008.23
13703,S118,20141,2014,490.66999999999996
13701,S1173,20141,2014,592.4
13692,S1169,20141,2014,76.11
16088,s260,20141,2014,306.26
14556,S1724,20141,2014,71.22999999999999
15322,S256,20141,2014,195.1
16095,s286,20141,2014,1487.1
12780,1602,20141,2014,6723.35
16077,s257,20141,2014,101.4
12494,1039,20141,2014,8649.75
13263,539,20141,2014,405.57000000000005
13258,536,20141,2014,279.0
12624,1187,20141,2014,576.18
12896,1758,20141,2014,1786.05
15025,S2087,20141,2014,136.36
12630,12,20141,2014,139.62
14576,S1736,20141,2014,12356.91
14170,S1480,20141,2014,115.26
15033,S21,20141,2014,79.53
15031,S2099,20141,2014,88.81
14162,S1474,20141,2014,59.37
14163,S1478,20141,2014,268.1
14559,S1730,20141,2014,6946.93
15710,S607,20141,2014,609.4
15699,S523,20141,2014,612.2
15685,S511,20141,2014,709.25
12607,1160,20141,2014,14420.86
13676,S1145,20141,2014,13.33
16069,s2317,20141,2014,11.6
12515,1065,20141,2014,1110.92
16053,s2134,20141,2014,48.7
16026,s1939,20141,2014,118.04
15018,S2084,20141,2014,60.14
12806,1616,20141,2014,0.0
12792,1607,20141,2014,36821.86
12590,115,20141,2014,0.0
14588,S1737,20141,2014,882.5999999999999
15725,S646,20141,2014,348.32
15737,S654,20141,2014,21149.79
12618,1186,20141,2014,1430.0
13015,1938,20141,2014,22690.62
14152,S1468,20141,2014,24.85
12573,1130,20141,2014,10503.08
14639,S1772,20141,2014,80.38
15749,S655,20141,2014,674.8
14987,S2070,20141,2014,658.85
14986,S2069,20141,2014,38.94
14139,S1462,20141,2014,91.2
16042,s2022,20141,2014,386.0
14634,S1759,20141,2014,214.6
14623,S1756,20141,2014,496.9
14618,S1755,20141,2014,2186.34
13313,58,20141,2014,389.94
13959,S1376,20141,2014,153.18
13969,S1378,20141,2014,260.4
12886,1751,20141,2014,6909.0
14677,S1808,20141,2014,95.32
14665,S1796,20141,2014,104.9
13991,S1402,20141,2014,104.92
14976,S2050,20141,2014,13.5
14967,S2045,20141,2014,847.97
13066,262,20141,2014,2394.04
14653,S1792,20141,2014,1066.15
13074,297,20141,2014,292.43
13297,569,20141,2014,296.8
13289,563,20141,2014,968.76
15790,S723,20141,2014,879.92
15770,S686,20141,2014,0.0
15771,S7,20141,2014,106.02
12553,1119,20141,2014,230.01
13163,441,20141,2014,4281.3
15779,S717,20141,2014,4754.54
15760,S67,20141,2014,3014.32
12596,116,20141,2014,5073.75
14097,S1452,20141,2014,66.03
14105,S1453,20141,2014,1815.75
13457,801,20141,2014,1765.9899999999998
13240,534,20141,2014,287.04
14947,S2037,20141,2014,4212.66
14942,S203,20141,2014,254.26999999999998
14707,S1846,20141,2014,528.5
14715,S185,20141,2014,2037.73
15808,S749,20141,2014,141.5
14114,S1454,20141,2014,486.7
14959,S2041,20141,2014,7146.84
14126,S1455,20141,2014,49.3
14127,S1456,20141,2014,33.3
14693,S1818,20141,2014,6708.84
14687,S1816,20141,2014,74.59
14681,S1813,20141,2014,52.27
14131,S1459,20141,2014,55.8
13481,81,20141,2014,671.01
13997,S1412,20141,2014,5835.99
13647,S1104,20141,2014,79.78
14003,S1422,20141,2014,32.03
13638,S108,20141,2014,727.44
16012,s1873,20141,2014,385.96
16023,s1896,20141,2014,67.74000000000001
12527,1079,20141,2014,1102.3600000000001
16004,s1721,20141,2014,5813.32
14729,S1859,20141,2014,729.3299999999999
13469,805,20141,2014,7951.05
15837,S777,20141,2014,9405.39
12816,1641,20141,2014,707.5
14929,S2024,20141,2014,254.07
15820,S751,20141,2014,268.5
15827,S763,20141,2014,324.0
13034,2031,20141,2014,617.8299999999999
12865,1729,20141,2014,18524.31
12856,1726,20141,2014,6541.7
14755,S1883,20141,2014,847.8
14754,S1880,20141,2014,152.74
14744,S1868,20141,2014,1181.52
13041,205,20141,2014,66.96000000000001
14083,S1447,20141,2014,103.52
15866,S84,20141,2014,168.36
15873,S852,20141,2014,317.04
13051,255,20141,2014,517.2
14087,S1448,20141,2014,565.54
15858,S828,20141,2014,1244.03
14893,S20,20141,2014,1848.47
14010,S1432,20141,2014,586.54
14783,S1906,20141,2014,176.7
14772,S19,20141,2014,514.36
14766,S1892,20141,2014,152.66
14019,S1434,20141,2014,137.34
15977,s1190,20141,2014,61.44
15986,s140,20141,2014,1010.5999999999999
15959,S980,20141,2014,623.68
15961,S995,20141,2014,127.2
14920,S2014,20141,2014,281.63
14915,S2011,20141,2014,357.24
14903,S2004,20141,2014,6345.1
15975,s110,20141,2014,56.56
15931,S938,20141,2014,97.80000000000001
15933,S940,20141,2014,68.66
15885,S860,20141,2014,68.5
14071,S1446,20141,2014,60.12
13224,518,20141,2014,58.74
13229,526,20141,2014,14606.93
14059,S1442,20141,2014,1347.7800000000002
14806,S193,20141,2014,432.5
12542,11,20141,2014,9108.32
15915,S902,20141,2014,3194.21
14834,S1957,20141,2014,76.19
14049,S1438,20141,2014,135.66
14030,S1435,20141,2014,70.37
14837,S1968,20141,2014,271.56
14860,S1982,20141,2014,2466.65
12829,1704,20141,2014,2108.0
12836,1712,20141,2014,18288.14
14840,S1971,20141,2014,318.43
14795,S1926,20141,2014,338.44
12848,1718,20141,2014,360.78
14877,S1993,20141,2014,517.71
14815,S1932,20141,2014,118.28
14819,S1939,20141,2014,222.58
14820,S1940,20141,2014,235.0
13270,550,20141,2014,337.73
13276,558,20141,2014,2304.0
13279,56,20141,2014,53.16
13282,562,20141,2014,750.0
14826,S1952,20141,2014,124.63
13615,S1022,20141,2014,636.96
13191,494,20141,2014,1434.9
13831,S1269,20141,2014,1554.24
13577,S0001,20141,2014,0.0
14544,S1721,20141,2014,740.08
13332,59,20142,2014,4336.16
13252,535,20142,2014,954.21
13259,536,20142,2014,375.5
13310,576,20142,2014,0.0
16152,s654,20142,2014,312.88
14716,S185,20142,2014,619.29
13704,S118,20142,2014,463.27
15780,S717,20142,2014,253.92000000000002
14841,S1971,20142,2014,200.03
14577,S1736,20142,2014,10576.07
14545,S1721,20142,2014,1722.22
14861,S1982,20142,2014,1837.6399999999999
13164,441,20142,2014,1587.22
12554,1119,20142,2014,4890.02
12564,112,20142,2014,162.85000000000002
13714,S1186,20142,2014,930.6800000000001
15154,S2193,20142,2014,231.0
12982,1882,20142,2014,301.48
14303,S153,20142,2014,5456.89
15096,S2144,20142,2014,632.28
15106,S2152,20142,2014,69.47999999999999
14327,S1539,20142,2014,558.9200000000001
14338,S154,20142,2014,252.55
12970,1863,20142,2014,630.4
13298,569,20142,2014,298.2
14351,S1546,20142,2014,414.33000000000004
12953,1830,20142,2014,11.21
12958,1850,20142,2014,869.6899999999999
16162,s723,20142,2014,635.0
14740,S186,20142,2014,194.84
14708,S1846,20142,2014,474.67999999999995
12483,1028,20142,2014,50275.72
14298,S1528,20142,2014,375.34
14261,S1518,20142,2014,404.35
14275,S1521,20142,2014,3846.82
15184,S2246,20142,2014,156.9
15194,S2250,20142,2014,23.56
14649,S1790,20142,2014,488.65999999999997
14654,S1792,20142,2014,730.9499999999999
16063,s2293,20142,2014,13.5
16089,s260,20142,2014,1601.21
16071,s236,20142,2014,1149.07
16133,s443,20142,2014,6367.5
16096,s286,20142,2014,14.12
16100,s293,20142,2014,1361.74
15071,S2124,20142,2014,143.15
15141,S2188,20142,2014,2614.75
15146,S2191,20142,2014,1613.97
14219,S15,20142,2014,606.91
14230,S1500,20142,2014,0.0
14204,S1489,20142,2014,200.89999999999998
12744,1540,20142,2014,1538.16
15249,S2322,20142,2014,305.8
12725,1512,20142,2014,2003.69
15032,S2099,20142,2014,51.44
14387,S1579,20142,2014,394.49
12994,1898,20142,2014,160.7
15212,S2282,20142,2014,508.13000000000005
15202,S2256,20142,2014,70.5
15206,S2258,20142,2014,38.22
14251,S1513,20142,2014,56.480000000000004
12495,1039,20142,2014,51.28
12501,1058,20142,2014,3125.88
12751,1551,20142,2014,1115.04
15271,S236,20142,2014,1317.1399999999999
15241,S2314,20142,2014,213.1
15296,S243,20142,2014,237.65
13029,2011,20142,2014,349.94
14132,S1459,20142,2014,2043.6
14212,S1494,20142,2014,168.28
14189,S1487,20142,2014,475.09
14180,S1484,20142,2014,692.41
14164,S1478,20142,2014,434.75
12508,106,20142,2014,194.7
12516,1065,20142,2014,544.82
13420,75,20142,2014,5608.21
13433,767,20142,2014,861.56
13404,67,20142,2014,1362.6
13413,72,20142,2014,23396.72
13392,628,20142,2014,114550.87
14115,S1454,20142,2014,800.41
14095,S1451,20142,2014,260.15
14106,S1453,20142,2014,216.7
14427,S1614,20142,2014,39.4
14395,S158,20142,2014,531.16
14148,S1465,20142,2014,615.9
13016,1941,20142,2014,1616.0
15288,S24,20142,2014,88.59
12807,1616,20142,2014,35844.49
15028,S2090,20142,2014,142.54
15006,S2079,20142,2014,277.86
15010,S2081,20142,2014,294.40999999999997
14409,S1594,20142,2014,222.33
14773,S19,20142,2014,289.98
16034,s2004,20142,2014,319.93
13241,534,20142,2014,10179.560000000001
15355,S289,20142,2014,1766.55
14088,S1448,20142,2014,253.92
12708,1504,20142,2014,2656.51
14406,S1592,20142,2014,387.36
12942,1827,20142,2014,1014.99
12793,1607,20142,2014,3243.02
13458,801,20142,2014,4657.34
16054,s2265,20142,2014,27.39
14619,S1755,20142,2014,173.14999999999998
14786,S1916,20142,2014,497.28
12876,1746,20142,2014,2041.53
14767,S1892,20142,2014,97.6
12720,1506,20142,2014,2109.8
15323,S256,20142,2014,298.82
15325,S259,20142,2014,1460.01
15306,S249,20142,2014,262.26
13035,2031,20142,2014,557.4
13046,226,20142,2014,580.2
15369,S299,20142,2014,227.82
15381,S3,20142,2014,890.68
13470,805,20142,2014,3473.3
16043,s2022,20142,2014,386.0
16009,s1849,20142,2014,350.08
16010,s185,20142,2014,13.5
16013,s1873,20142,2014,341.9
13230,526,20142,2014,0.0
13052,255,20142,2014,625.74
14072,S1446,20142,2014,2609.84
14060,S1442,20142,2014,824.25
15348,S268,20142,2014,225.0
15349,S269,20142,2014,180.75
15350,S273,20142,2014,29.83
14050,S1438,20142,2014,349.43
12695,1408,20142,2014,19680.0
14997,S2072,20142,2014,276.12
14968,S2045,20142,2014,68.32
14443,S1629,20142,2014,474.33
13511,84,20142,2014,958.04
13482,81,20142,2014,2408.27
16002,s1686,20142,2014,242.52
16005,s1721,20142,2014,295.27
15987,s140,20142,2014,10653.72
15962,S995,20142,2014,327.6
15968,s0001,20142,2014,0.0
12528,1079,20142,2014,872.85
15364,S294,20142,2014,250.0
15367,S298,20142,2014,45.25
15336,S264,20142,2014,338.36
12686,136,20142,2014,4565.12
15420,S318,20142,2014,2509.72
13067,262,20142,2014,475.6
14455,S1632,20142,2014,32.03
14457,S1637,20142,2014,93.06
15394,S302,20142,2014,181.97
14031,S1435,20142,2014,1206.04
15434,S325,20142,2014,44.06
15406,S312,20142,2014,2303.04
15976,s110,20142,2014,517.86
15927,S908,20142,2014,218.06
15928,S921,20142,2014,260.0
13524,863,20142,2014,360.0
13207,507,20142,2014,78.18
13215,509,20142,2014,212.9
13494,819,20142,2014,2233.5
13970,S1378,20142,2014,463.44
13975,S1388,20142,2014,387.0
13980,S1392,20142,2014,18.33
15448,S337,20142,2014,106.63
14482,S1669,20142,2014,262.5
14463,S1646,20142,2014,641.1899999999999
15916,S902,20142,2014,1549.23
13533,920,20142,2014,1214.06
14745,S1868,20142,2014,1413.64
14624,S1756,20142,2014,437.32
14600,S1751,20142,2014,2595.09
12849,1718,20142,2014,147.24
14042,S1436,20142,2014,66.25
14011,S1432,20142,2014,196.1
14020,S1434,20142,2014,153.52
13998,S1412,20142,2014,3586.06
13080,30,20142,2014,1045.17
15492,S384,20142,2014,73.36
12660,13,20142,2014,1311.71
15495,S385,20142,2014,0.0
13091,327,20142,2014,4796.9400000000005
13947,S1364,20142,2014,168.02
13927,S1354,20142,2014,0.0
15457,S352,20142,2014,112.85
15447,S336,20142,2014,41.5
13935,S1361,20142,2014,7590.23
15903,S869,20142,2014,366.5
13527,90,20142,2014,277.15
12543,11,20142,2014,2570.46
13988,S1394,20142,2014,294.0
13992,S1402,20142,2014,372.67999999999995
13960,S1376,20142,2014,581.5
13901,S1334,20142,2014,103.52
15528,S41,20142,2014,42.53
15537,S416,20142,2014,769.0
15519,S404,20142,2014,78.02
15486,S373,20142,2014,131.7
13926,S1353,20142,2014,13.5
13884,S1322,20142,2014,779.1
15499,S386,20142,2014,143.13
15477,S365,20142,2014,69.52000000000001
12932,1803,20142,2014,57598.51
14495,S1688,20142,2014,17.1
14948,S2037,20142,2014,872.41
13570,IR61,20142,2014,440.5
13545,99,20142,2014,1589.78
14793,S1923,20142,2014,35.8
14796,S1926,20142,2014,2141.25
12904,1769,20142,2014,6960.5199999999995
12918,1793,20142,2014,3185.33
15578,S458,20142,2014,97.33
12632,12000,20142,2014,3149.0
12641,121,20142,2014,1414.9
15590,S462,20142,2014,0.0
15561,S447,20142,2014,5214.81
15541,S422,20142,2014,49.18
14515,S1696,20142,2014,279.4
14930,S2024,20142,2014,236.54999999999998
12819,1669,20142,2014,16.21
13595,S1011,20142,2014,2085.02
15886,S860,20142,2014,533.85
15895,S866,20142,2014,31.68
13578,S0001,20142,2014,0.0
13891,S1325,20142,2014,188.4
13776,S1212,20142,2014,1593.51
12625,1187,20142,2014,2247.96
15614,S470,20142,2014,516.58
12619,1186,20142,2014,1430.0
15600,S464,20142,2014,252.48000000000002
13821,S1265,20142,2014,870.44
13832,S1269,20142,2014,4334.25
13788,S1219,20142,2014,441.51
15821,S751,20142,2014,71.7
13620,S1024,20142,2014,530.3
13192,494,20142,2014,1120.53
13202,497,20142,2014,0.0
15865,S837,20142,2014,95.82
15874,S852,20142,2014,3937.24
13854,S1296,20142,2014,310.75
13846,S1294,20142,2014,0.0
13750,S1198,20142,2014,814.3199999999999
13128,388,20142,2014,2964.69
14878,S1993,20142,2014,1118.94
14531,S1706,20142,2014,692.36
14504,S1694,20142,2014,209.4
14904,S2004,20142,2014,3539.2
12837,1712,20142,2014,6911.320000000001
15828,S763,20142,2014,335.04
15801,S73,20142,2014,606.44
13637,S107,20142,2014,941.71
13639,S108,20142,2014,134.74
15855,S824,20142,2014,393.5
15859,S828,20142,2014,54.9
15838,S777,20142,2014,549.2
13795,S1222,20142,2014,813.0699999999999
13769,S1206,20142,2014,269.34000000000003
14894,S20,20142,2014,275.42
13726,S1190,20142,2014,772.74
15711,S607,20142,2014,634.7
13153,440,20142,2014,453.78999999999996
12585,1144,20142,2014,360.8
13633,S1069,20142,2014,728.2
14807,S193,20142,2014,1038.23
14821,S1940,20142,2014,282.0
14827,S1952,20142,2014,205.64
12887,1751,20142,2014,9212.0
12897,1758,20142,2014,920.55
12608,1160,20142,2014,17591.99
13143,416,20142,2014,360.58
13757,S120,20142,2014,93.06
13762,S1203,20142,2014,151.78
13745,S1193,20142,2014,714.43
13688,S1160,20142,2014,620.72
15761,S67,20142,2014,871.36
12591,115,20142,2014,848.4300000000001
12597,116,20142,2014,6088.5
12574,1130,20142,2014,18877.18
15738,S654,20142,2014,26236.6
13662,S1135,20142,2014,523.78
13186,477,20142,2014,742.0
15807,S741,20142,2014,13.5
15791,S723,20142,2014,31.939999999999998
13627,S1040,20142,2014,2672.88
15726,S646,20142,2014,130.64
14872,S1984,20142,2014,171.75
12830,1704,20142,2014,398.63
14558,S1725,20142,2014,424.08
14560,S1730,20142,2014,3449.33
14315,S1532,20142,2014,161.38
14284,S1523,20142,2014,38.019999999999996
14287,S1527,20142,2014,1932.92
15163,S2197,20142,2014,117.5
15166,S2202,20142,2014,480.55
15169,S2206,20142,2014,0.0
12761,1556,20142,2014,205.5
12781,1602,20142,2014,1250.58
15059,S2118,20142,2014,67.5
14367,S1555,20142,2014,192.52
14381,S1575,20142,2014,0.0
13368,610,20142,2014,238.04
16142,s49,20142,2014,10.74
16116,s410,20142,2014,1354.66
13343,590,20142,2014,388.2
12979,1871,20142,2014,57.3
14756,S1883,20142,2014,370.74
14670,S1802,20142,2014,680.0
13290,563,20142,2014,1293.8
13314,58,20142,2014,1303.5900000000001
12473,100,20142,2014,29.85
14730,S1859,20142,2014,2010.0
14694,S1818,20142,2014,3299.84
12954,1830,20143,2014,133.72
14352,S1546,20143,2014,60.32
15074,S2125,20143,2014,52.72
13677,S1145,20143,2014,308.0
13669,S1141,20143,2014,334.65
13266,545,20143,2014,61.05
13264,540,20143,2014,38.379999999999995
13253,535,20143,2014,199.23000000000002
12484,1028,20143,2014,61892.39
13315,58,20143,2014,626.3299999999999
12474,100,20143,2014,95.25
13495,819,20143,2014,5316.74
13203,497,20143,2014,39.94
14778,S1905,20143,2014,2603.4700000000003
15435,S325,20143,2014,315.0
15421,S318,20143,2014,1691.35
12965,1856,20143,2014,385.12
13165,441,20143,2014,1434.32
13685,S1155,20143,2014,272.01
12575,1130,20143,2014,8929.33
14546,S1721,20143,2014,886.21
14578,S1736,20143,2014,13126.789999999999
14828,S1952,20143,2014,35.0
14842,S1971,20143,2014,689.95
15781,S717,20143,2014,617.81
16153,s654,20143,2014,616.06
14666,S1796,20143,2014,99.52
14703,S184,20143,2014,299.74
13283,562,20143,2014,120.0
14695,S1818,20143,2014,1252.25
13277,558,20143,2014,1600.0
12959,1850,20143,2014,336.77
12831,1704,20143,2014,139.2
14873,S1984,20143,2014,75.82
14862,S1982,20143,2014,557.29
13654,S1117,20143,2014,4763.349999999999
13646,S1101,20143,2014,350.0
15810,S75,20143,2014,552.63
14304,S153,20143,2014,5902.23
14301,S1529,20143,2014,60.9
12983,1882,20143,2014,774.1
15127,S2170,20143,2014,13.5
15155,S2193,20143,2014,712.27
15147,S2191,20143,2014,518.98
12971,1863,20143,2014,286.08000000000004
13345,593,20143,2014,1045.0
13344,591,20143,2014,235.2
13663,S1135,20143,2014,68.84
13628,S1040,20143,2014,457.96
15750,S655,20143,2014,177.69
13154,440,20143,2014,33.46
13148,431,20143,2014,0.0
15712,S607,20143,2014,900.8700000000001
13727,S1190,20143,2014,600.54
16117,s410,20143,2014,554.32
16143,s49,20143,2014,153.72
13333,59,20143,2014,32418.649999999998
13369,610,20143,2014,918.1600000000001
16109,s3,20143,2014,382.8
14344,S1542,20143,2014,51.5
14378,S1563,20143,2014,246.7
15060,S2118,20143,2014,186.0
12782,1602,20143,2014,913.64
14561,S1730,20143,2014,4787.24
13746,S1193,20143,2014,81.68
12598,116,20143,2014,7103.25
13763,S1203,20143,2014,615.12
12888,1751,20143,2014,7093.24
14787,S1916,20143,2014,491.79
14808,S193,20143,2014,4220.92
15822,S751,20143,2014,305.0
15137,S2179,20143,2014,802.38
12762,1556,20143,2014,81.8
15170,S2206,20143,2014,77.8
14288,S1527,20143,2014,1780.18
14316,S1532,20143,2014,44.7
15142,S2188,20143,2014,231.57
16101,s293,20143,2014,227.10999999999999
16078,s257,20143,2014,113.13
13631,S106,20143,2014,279.12
14905,S2004,20143,2014,1449.51
14505,S1694,20143,2014,95.54
14532,S1706,20143,2014,346.05
14879,S1993,20143,2014,1167.77
14875,S1985,20143,2014,70.21000000000001
13139,393,20143,2014,120.75
13129,388,20143,2014,1275.03
13751,S1198,20143,2014,338.46
16090,s260,20143,2014,1447.69
14650,S1790,20143,2014,550.6800000000001
14276,S1521,20143,2014,3483.14
15195,S2250,20143,2014,109.6
15185,S2246,20143,2014,308.22
15181,S2223,20143,2014,5.2
14262,S1518,20143,2014,621.4
14648,S1784,20143,2014,3079.43
12626,1187,20143,2014,86.69
13796,S1222,20143,2014,677.45
15839,S777,20143,2014,206.4
13616,S1022,20143,2014,118.04
14671,S1802,20143,2014,680.0
12866,1729,20143,2014,3781.23
12857,1726,20143,2014,235.8
12502,1058,20143,2014,7023.65
12496,1039,20143,2014,3804.99
13393,628,20143,2014,1624.45
14235,S1504,20143,2014,1112.04
13013,1923,20143,2014,167.32
13605,S1021,20143,2014,1422.3600000000001
15829,S763,20143,2014,873.39
12838,1712,20143,2014,3115.51
12898,1758,20143,2014,326.36
13833,S1269,20143,2014,970.42
13822,S1265,20143,2014,1952.13
15213,S2282,20143,2014,274.32
15207,S2258,20143,2014,660.0
13006,1903,20143,2014,515.36
12995,1898,20143,2014,437.94
14388,S1579,20143,2014,423.9
15043,S2110,20143,2014,15.2
15037,S210,20143,2014,109.13
15034,S21,20143,2014,186.93
12726,1512,20143,2014,760.9200000000001
13777,S1212,20143,2014,910.9300000000001
15652,S485,20143,2014,80.43
15615,S470,20143,2014,183.86
15633,S479,20143,2014,167.4
15627,S474,20143,2014,180.33
12919,1793,20143,2014,0.0
12905,1769,20143,2014,694.28
14889,S1994,20143,2014,0.0
14916,S2011,20143,2014,531.5
13858,S1297,20143,2014,379.84000000000003
13855,S1296,20143,2014,829.28
15851,S816,20143,2014,49.3
15875,S852,20143,2014,247.04999999999998
14231,S1502,20143,2014,526.3
14220,S15,20143,2014,180.91
12737,1515,20143,2014,26780.0
13405,67,20143,2014,1003.48
15867,S84,20143,2014,152.0
13193,494,20143,2014,1048.76
13621,S1024,20143,2014,880.09
13789,S1219,20143,2014,1683.96
15542,S422,20143,2014,12.0
15565,S450,20143,2014,2325.32
15562,S447,20143,2014,3752.07
13847,S1294,20143,2014,1973.66
13107,349,20143,2014,64.66
13105,336,20143,2014,718.5
12633,12000,20143,2014,54363.12
13421,75,20143,2014,3940.65
13444,771,20143,2014,34.230000000000004
12517,1065,20143,2014,1050.1
14165,S1478,20143,2014,295.68
14159,S147,20143,2014,237.54
14153,S1468,20143,2014,119.34
14181,S1484,20143,2014,257.49
14200,S1488,20143,2014,298.28999999999996
14190,S1487,20143,2014,328.70000000000005
13590,S1002,20143,2014,560.0
12818,1653,20143,2014,140.45
14931,S2024,20143,2014,432.89
14187,S1486,20143,2014,183.86
15224,S2296,20143,2014,87.5
14133,S1459,20143,2014,39.58
14171,S1480,20143,2014,382.46999999999997
15285,S239,20143,2014,1199.1000000000001
15297,S243,20143,2014,400.4
15244,S2321,20143,2014,6.0
15272,S236,20143,2014,3713.57
16067,s2311,20143,2014,780.0
16066,s2307,20143,2014,93.57
14516,S1696,20143,2014,665.42
13098,328,20143,2014,1933.88
15556,S443,20143,2014,0.0
13112,356,20143,2014,4179.9
13579,S0001,20143,2014,0.0
15860,S828,20143,2014,498.24
16064,s2293,20143,2014,13.5
13434,767,20143,2014,206.33999999999997
13242,534,20143,2014,7402.360000000001
13459,801,20143,2014,10828.7
16035,s2004,20143,2014,124.0
14774,S19,20143,2014,488.38
14425,S1611,20143,2014,13.5
14422,S1606,20143,2014,153.9
15007,S2079,20143,2014,128.36
12808,1616,20143,2014,5884.42
15887,S860,20143,2014,2310.8
13596,S1011,20143,2014,3519.16
13592,S1008,20143,2014,578.1
12933,1803,20143,2014,3286.86
12820,1669,20143,2014,306.9
15478,S365,20143,2014,839.0799999999999
15510,S399,20143,2014,255.96
15507,S393,20143,2014,69.1
15496,S385,20143,2014,374.21000000000004
15525,S409,20143,2014,64.0
13885,S1322,20143,2014,1922.63
13902,S1334,20143,2014,1104.0900000000001
15540,S42,20143,2014,266.0
12645,1225,20143,2014,104.84
15521,S407,20143,2014,124.86
15518,S402,20143,2014,146.26
15538,S416,20143,2014,954.0799999999999
15529,S41,20143,2014,561.4300000000001
13868,S1307,20143,2014,681.3
14611,S1754,20143,2014,250.45999999999998
14791,S1918,20143,2014,148.5
13546,99,20143,2014,5442.25
13574,IR81,20143,2014,159.65
13572,IR80,20143,2014,92.39
12823,1676,20143,2014,13.5
14949,S2037,20143,2014,76.32000000000001
14471,S165,20143,2014,88.18
14498,S1693,20143,2014,69.0
15021,S2085,20143,2014,556.92
15019,S2084,20143,2014,0.0
14140,S1462,20143,2014,56.18
15307,S249,20143,2014,1645.46
13024,2000,20143,2014,213.2
13020,2,20143,2014,54094.0
13018,1995,20143,2014,1409.3
13922,S1348,20143,2014,258.22
13912,S1341,20143,2014,750.49
13948,S1364,20143,2014,104.54
12661,13,20143,2014,1180.43
15493,S384,20143,2014,253.68
13081,30,20143,2014,1287.7
14589,S1737,20143,2014,1090.0
14396,S158,20143,2014,2672.73
14107,S1453,20143,2014,2375.12
14098,S1452,20143,2014,315.72
14096,S1451,20143,2014,125.0
14116,S1454,20143,2014,2202.65
15326,S259,20143,2014,1109.22
12877,1746,20143,2014,561.48
14640,S1772,20143,2014,73.06
14638,S1764,20143,2014,570.17
13471,805,20143,2014,2238.15
13559,IR39,20143,2014,56.38
13936,S1361,20143,2014,7831.49
13928,S1354,20143,2014,207.06
15461,S357,20143,2014,191.23
14655,S1792,20143,2014,1903.5
13448,791,20143,2014,133220.5
12943,1827,20143,2014,1007.1800000000001
14437,S1625,20143,2014,70.75999999999999
12709,1504,20143,2014,1543.1499999999999
15340,S267,20143,2014,13.5
15337,S264,20143,2014,13.5
14089,S1448,20143,2014,161.3
15356,S289,20143,2014,655.4
15459,S354,20143,2014,49.3
13955,S1366,20143,2014,277.33000000000004
15979,s1212,20143,2014,627.4499999999999
13092,327,20143,2014,1043.0
13961,S1376,20143,2014,119.8
13993,S1402,20143,2014,897.87
13989,S1394,20143,2014,250.2
12676,1351,20143,2014,215.55
15452,S341,20143,2014,334.32
12544,11,20143,2014,1042.05
15917,S902,20143,2014,1689.47
15351,S273,20143,2014,112.38
14061,S1442,20143,2014,224.1
14073,S1446,20143,2014,587.0899999999999
12794,1607,20143,2014,1628.15
13231,526,20143,2014,24510.71
16014,s1873,20143,2014,50.22
16044,s2022,20143,2014,386.0
14981,S2052,20143,2014,54.53
14464,S1646,20143,2014,245.0
14478,S1668,20143,2014,1097.12
14474,S1664,20143,2014,170.86
14960,S2041,20143,2014,2619.7299999999996
13981,S1392,20143,2014,403.92
13071,273,20143,2014,270.9
16000,s149,20143,2014,161.5
13053,255,20143,2014,276.22999999999996
15382,S3,20143,2014,167.01
15370,S299,20143,2014,3055.86
13042,205,20143,2014,271.67
13036,2031,20143,2014,557.4
12529,1079,20143,2014,2731.47
15969,s0001,20143,2014,0.0
15988,s140,20143,2014,165.3
14032,S1435,20143,2014,290.76
14021,S1434,20143,2014,495.0
15418,S315,20143,2014,108.5
13999,S1412,20143,2014,9326.69
15407,S312,20143,2014,20452.28
14803,S1927,20143,2014,63.5
12850,1718,20143,2014,6.76
14625,S1756,20143,2014,343.9
13483,81,20143,2014,1786.21
13512,84,20143,2014,832.3800000000001
14444,S1629,20143,2014,500.77000000000004
14969,S2045,20143,2014,41.68
14998,S2072,20143,2014,241.0
14988,S2070,20143,2014,107.45
13534,920,20143,2014,2574.3999999999996
15942,S941,20143,2014,200.93
15739,S654,20143,2014,10962.51
13693,S1169,20143,2014,276.04
13689,S1168,20143,2014,39.51
13715,S1186,20143,2014,366.62
15734,S648,20143,2014,479.78
15733,S647,20143,2014,280.01
12565,112,20143,2014,2545.0
12555,1119,20143,2014,16295.4
15072,S2124,20143,2014,363.9
13299,569,20143,2014,119.04
13291,563,20143,2014,874.6899999999999
14325,S1537,20143,2014,62.52
14328,S1539,20143,2014,253.75
15121,S2161,20143,2014,222.34
15107,S2152,20143,2014,302.58
15097,S2144,20143,2014,1541.5900000000001
13350,594,20143,2014,258.04
16163,s723,20143,2014,635.0
14731,S1859,20143,2014,2796.12
14741,S1861,20143,2014,299.98
14709,S1846,20143,2014,428.19
14682,S1813,20143,2014,22.26
14717,S185,20143,2014,2481.25
14710,S1846,20144,2014,386.77
14732,S1859,20144,2014,142.36
16164,s723,20144,2014,635.0
13351,594,20144,2014,208.35000000000002
14354,S1548,20144,2014,26.66
15044,S2110,20144,2014,157.06
13702,S1179,20144,2014,12.57
15740,S654,20144,2014,11660.16
13254,535,20144,2014,3407.79
12485,1028,20144,2014,57899.630000000005
12475,100,20144,2014,611.57
13316,58,20144,2014,107.4
13312,577,20144,2014,552.4
14688,S1816,20144,2014,311.48
13216,509,20144,2014,169.91000000000003
13206,499,20144,2014,1061.75
15952,S964,20144,2014,112.65
14804,S1927,20144,2014,322.1
15431,S321,20144,2014,78.92
15422,S318,20144,2014,430.55
14033,S1435,20144,2014,1746.94
14022,S1434,20144,2014,15.0
14054,S1439,20144,2014,242.48
15395,S302,20144,2014,343.3
12687,136,20144,2014,396.79
12684,1354,20144,2014,204.76000000000002
15440,S331,20144,2014,122.76
14000,S1412,20144,2014,5992.14
14012,S1432,20144,2014,535.95
15408,S312,20144,2014,8991.36
14601,S1751,20144,2014,1811.8400000000001
14626,S1756,20144,2014,364.0
13535,920,20144,2014,6605.0
13513,84,20144,2014,703.8100000000001
14450,S1630,20144,2014,322.32
14445,S1629,20144,2014,532.26
14970,S2046,20144,2014,93.06
14989,S2070,20144,2014,322.18
12696,1408,20144,2014,39360.0
14047,S1437,20144,2014,34.3
13061,257,20144,2014,425.11
13505,829,20144,2014,94.11
13496,819,20144,2014,2552.8599999999997
15913,S90,20144,2014,300.0
15943,S941,20144,2014,1296.93
14961,S2041,20144,2014,9451.06
14977,S2050,20144,2014,302.58
14921,S2014,20144,2014,249.75
13982,S1392,20144,2014,9.5
13068,262,20144,2014,475.6
15997,s1412,20144,2014,349.6
13054,255,20144,2014,436.11
15383,S3,20144,2014,1423.76
15371,S299,20144,2014,1278.02
15357,S289,20144,2014,1433.24
15989,s140,20144,2014,1112.4299999999998
13949,S1364,20144,2014,14.67
13093,327,20144,2014,6707.37
13971,S1378,20144,2014,1190.8400000000001
13994,S1402,20144,2014,924.4399999999999
12677,1351,20144,2014,288.07
15934,S940,20144,2014,470.0
15930,S925,20144,2014,518.96
15918,S902,20144,2014,4412.24
15354,S287,20144,2014,70.18
14074,S1446,20144,2014,138.57
12710,1504,20144,2014,2094.6
12795,1607,20144,2014,11024.37
13232,526,20144,2014,1891.71
16015,s1873,20144,2014,1790.85
13472,805,20144,2014,1941.4
13484,81,20144,2014,2071.79
13528,90,20144,2014,510.0
13560,IR39,20144,2014,122.68
13558,IR21,20144,2014,1115.79
13547,99,20144,2014,3027.69
15908,S888,20144,2014,521.88
15904,S869,20144,2014,371.25
12530,1079,20144,2014,568.0400000000001
13937,S1361,20144,2014,4880.74
15474,S361,20144,2014,4643.34
15470,S360,20144,2014,38.28
15467,S359,20144,2014,1432.26
15460,S355,20144,2014,21.869999999999997
16027,s1940,20144,2014,247.74
13449,791,20144,2014,0.0
14407,S1592,20144,2014,37.4
12944,1827,20144,2014,929.25
14438,S1625,20144,2014,100.14
12706,150,20144,2014,3305.0
14108,S1453,20144,2014,130.41
15458,S352,20144,2014,96.25999999999999
13956,S1368,20144,2014,31.96
13918,S1347,20144,2014,298.05
13913,S1341,20144,2014,42.22
13082,30,20144,2014,1804.9
12655,1247,20144,2014,2203.5
14590,S1737,20144,2014,294.2
14099,S1452,20144,2014,0.0
14117,S1454,20144,2014,7734.51
15327,S259,20144,2014,850.27
15289,S24,20144,2014,331.48
14768,S1892,20144,2014,80.47999999999999
14620,S1755,20144,2014,201.42
14656,S1792,20144,2014,1141.1
12839,1712,20144,2014,0.0
14792,S1918,20144,2014,902.0999999999999
14779,S1905,20144,2014,2745.58
12545,11,20144,2014,2836.42
13580,S0001,20144,2014,0.0
12824,170,20144,2014,2347.31
14950,S2037,20144,2014,668.78
14146,S1463,20144,2014,151.26
14141,S1462,20144,2014,464.3
14134,S1459,20144,2014,13.5
15320,S254,20144,2014,179.81
15308,S249,20144,2014,99.3
14151,S1467,20144,2014,63.01
14149,S1465,20144,2014,242.46
13021,2,20144,2014,7200.0
13017,1941,20144,2014,1062.0
12934,1803,20144,2014,2764.11
12821,1669,20144,2014,1227.6
12662,13,20144,2014,282.51
15500,S386,20144,2014,130.34
15526,S409,20144,2014,267.5
15522,S407,20144,2014,29.79
13886,S1322,20144,2014,904.38
13903,S1334,20144,2014,375.55
15479,S365,20144,2014,588.05
15539,S416,20144,2014,679.48
13869,S1307,20144,2014,345.55
13892,S1325,20144,2014,85.48
15861,S828,20144,2014,1518.45
16065,s2293,20144,2014,60.44
13435,767,20144,2014,392.28
13243,534,20144,2014,1804.74
13460,801,20144,2014,4173.73
16036,s2004,20144,2014,314.97
15011,S2081,20144,2014,103.24
15896,S866,20144,2014,175.89
15888,S860,20144,2014,408.32
13597,S1011,20144,2014,54.739999999999995
13593,S1008,20144,2014,903.36
13591,S1002,20144,2014,253.7
12809,1616,20144,2014,17897.699999999997
14932,S2024,20144,2014,1181.57
14490,S1674,20144,2014,125.96
14487,S1673,20144,2014,417.67
14517,S1696,20144,2014,123.28
15225,S2296,20144,2014,0.0
13033,2015,20144,2014,53.28
15234,S2312,20144,2014,130.98
15273,S236,20144,2014,2198.84
15259,S2334,20144,2014,173.5
14166,S1478,20144,2014,491.58
15543,S422,20144,2014,386.37
15569,S456,20144,2014,5027.5
15568,S454,20144,2014,611.6
13848,S1294,20144,2014,1342.19
12634,12000,20144,2014,2925.1600000000003
15579,S458,20144,2014,41.93
13422,75,20144,2014,5399.46
13414,72,20144,2014,68090.4
16045,s2022,20144,2014,223.51000000000002
12518,1065,20144,2014,927.85
14154,S1468,20144,2014,105.84
14178,S1482,20144,2014,107.1
14172,S1480,20144,2014,25.07
12915,1770,20144,2014,0.0
12906,1769,20144,2014,780.7
14506,S1694,20144,2014,125.38000000000001
14890,S1994,20144,2014,115.0
14906,S2004,20144,2014,1234.79
13859,S1297,20144,2014,297.68
15852,S816,20144,2014,176.1
15876,S852,20144,2014,23510.29
15227,S23,20144,2014,270.76
14246,S1511,20144,2014,33.5
14236,S1504,20144,2014,926.7
15217,S2289,20144,2014,383.26
15216,S2286,20144,2014,111.21000000000001
14205,S1489,20144,2014,189.6
14221,S15,20144,2014,3291.97
14215,S1498,20144,2014,10.74
12738,1515,20144,2014,830.0
12727,1512,20144,2014,1660.47
14389,S1579,20144,2014,117.8
13406,67,20144,2014,603.5
15868,S84,20144,2014,172.62
13194,494,20144,2014,61.6
13622,S1024,20144,2014,249.76999999999998
13809,S124,20144,2014,74.85
13806,S1234,20144,2014,83.42
13834,S1269,20144,2014,385.20000000000005
13823,S1265,20144,2014,764.26
15601,S464,20144,2014,89.02
15591,S462,20144,2014,21.76
15620,S472,20144,2014,840.88
15208,S2258,20144,2014,5390.0
12996,1898,20144,2014,698.45
15023,S2086,20144,2014,346.4
15040,S2108,20144,2014,305.74
15038,S2103,20144,2014,251.64
15061,S2118,20144,2014,422.77
14397,S158,20144,2014,112.76
15616,S470,20144,2014,189.6
12920,1793,20144,2014,2527.92
15649,S484,20144,2014,73.5
15639,S48,20144,2014,466.21000000000004
13797,S1222,20144,2014,7923.89
15840,S777,20144,2014,438.85
13606,S1021,20144,2014,657.53
14672,S1802,20144,2014,680.0
12867,1729,20144,2014,10081.04
12858,1726,20144,2014,235.8
12503,1058,20144,2014,500.63
13394,628,20144,2014,37099.95
14232,S1502,20144,2014,526.3
14248,S1512,20144,2014,251.92
15196,S2250,20144,2014,923.42
14533,S1706,20144,2014,11.16
14880,S1993,20144,2014,1345.1399999999999
13130,388,20144,2014,943.1700000000001
13778,S1212,20144,2014,3863.76
14651,S1790,20144,2014,94.0
14277,S1521,20144,2014,2202.5099999999998
15156,S2193,20144,2014,593.04
15186,S2246,20144,2014,190.78
14263,S1518,20144,2014,1703.45
12752,1551,20144,2014,486.68999999999994
12878,1746,20144,2014,1346.73
14680,S1812,20144,2014,98.68
12599,116,20144,2014,5448.55
15686,S512,20144,2014,317.52
13737,S1192,20144,2014,179.94
13758,S120,20144,2014,296.28
15634,S479,20144,2014,155.68
12609,1160,20144,2014,5400.9
12889,1751,20144,2014,0.0
14833,S1956,20144,2014,18523.66
13634,S1069,20144,2014,171.34
14365,S1553,20144,2014,88.91
12763,1556,20144,2014,315.0
15167,S2202,20144,2014,140.70999999999998
14289,S1527,20144,2014,833.8000000000001
15143,S2188,20144,2014,833.98
16102,s293,20144,2014,984.46
13357,596,20144,2014,0.0
13355,595,20144,2014,487.62
13632,S106,20144,2014,69.45
12586,1144,20144,2014,541.2
13155,440,20144,2014,996.75
13728,S1190,20144,2014,53.24
15700,S523,20144,2014,218.23000000000002
15713,S607,20144,2014,195.82
15735,S648,20144,2014,255.91
13752,S1198,20144,2014,874.91
14543,S1715,20144,2014,215.1
16128,s434,20144,2014,266.97
16126,s416,20144,2014,242.25
13334,59,20144,2014,33440.25
13370,610,20144,2014,168.57999999999998
14377,S1560,20144,2014,219.1
12783,1602,20144,2014,12698.08
12776,16,20144,2014,132.73
14535,S1712,20144,2014,27.0
14562,S1730,20144,2014,2448.44
14863,S1982,20144,2014,3014.52
15722,S639,20144,2014,13.5
15720,S637,20144,2014,47.2
13644,S109,20144,2014,407.16
15792,S723,20144,2014,635.0
15811,S75,20144,2014,10.95
13187,477,20144,2014,964.6
12960,1850,20144,2014,496.62
14305,S153,20144,2014,352.5
15128,S2170,20144,2014,109.99
12772,1598,20144,2014,12585.0
15148,S2191,20144,2014,91.5
12972,1863,20144,2014,758.51
13346,593,20144,2014,1045.0
13179,471,20144,2014,63.74
13664,S1135,20144,2014,78.02
12566,112,20144,2014,2545.0
15762,S67,20144,2014,6751.71
13694,S1169,20144,2014,351.16
13716,S1186,20144,2014,250.95
12556,1119,20144,2014,2763.44
15073,S2124,20144,2014,188.16
13300,569,20144,2014,593.46
13292,563,20144,2014,274.58000000000004
14317,S1532,20144,2014,268.09000000000003
14329,S1539,20144,2014,302.5
15131,S2177,20144,2014,2124.75
15098,S2144,20144,2014,1930.64
13655,S1117,20144,2014,2268.52
13166,441,20144,2014,2422.18
12576,1130,20144,2014,7944.99
14547,S1721,20144,2014,53.42
14579,S1736,20144,2014,11854.7
14829,S1952,20144,2014,109.57
14843,S1971,20144,2014,1947.31
13678,S1145,20144,2014,2153.54
16154,s654,20144,2014,355.98
14742,S1861,20144,2014,507.97999999999996
13284,562,20144,2014,4750.0
14727,S1858,20144,2014,3526.82
14696,S1818,20144,2014,2803.0299999999997
13271,550,20144,2014,46.68
14718,S185,20144,2014,5464.410000000001
13272,550,20145,2014,13.5
14719,S185,20145,2014,521.49
14697,S1818,20145,2014,2479.19
14728,S1858,20145,2014,47.27
13317,58,20145,2014,981.98
13293,563,20145,2014,883.8599999999999
15045,S2110,20145,2014,13.5
14353,S1546,20145,2014,75.5
14355,S1548,20145,2014,1021.92
15099,S2144,20145,2014,13.5
15083,S2141,20145,2014,1135.18
15132,S2177,20145,2014,39.05
12967,1857,20145,2014,12380.0
14339,S154,20145,2014,1529.66
14318,S1532,20145,2014,125.9
14323,S1534,20145,2014,93.06
12973,1863,20145,2014,1476.8899999999999
12766,1575,20145,2014,105.60000000000001
12769,158,20145,2014,101.99
12980,1871,20145,2014,4838.8
12984,1882,20145,2014,142.14
14306,S153,20145,2014,1620.8
12745,1540,20145,2014,23734.25
12784,1602,20145,2014,8087.26
14366,S1553,20145,2014,182.82
15088,S2143,20145,2014,222.97000000000003
14278,S1521,20145,2014,24601.059999999998
14290,S1527,20145,2014,475.52
15171,S2206,20145,2014,2547.64
12753,1551,20145,2014,551.11
14264,S1518,20145,2014,74.94
15187,S2246,20145,2014,149.05
15157,S2193,20145,2014,304.12
12997,1898,20145,2014,141.7
13007,1903,20145,2014,309.08000000000004
15214,S2282,20145,2014,29.48
15197,S2250,20145,2014,760.3
14237,S1504,20145,2014,1219.36
15039,S2103,20145,2014,545.44
15024,S2086,20145,2014,163.5
14398,S158,20145,2014,526.22
14390,S1579,20145,2014,223.44
12728,1512,20145,2014,877.32
14222,S15,20145,2014,950.9300000000001
14206,S1489,20145,2014,214.07999999999998
15251,S2330,20145,2014,958.68
15222,S2290,20145,2014,67.8
15226,S2296,20145,2014,42.82
14191,S1487,20145,2014,9987.0
14173,S1480,20145,2014,389.6
14155,S1468,20145,2014,141.36
15274,S236,20145,2014,748.61
15235,S2312,20145,2014,305.88
15298,S243,20145,2014,778.44
13030,2011,20145,2014,80.85
15012,S2081,20145,2014,161.9
13022,2,20145,2014,73985.0
13025,2000,20145,2014,152.58
14150,S1465,20145,2014,541.15
15309,S249,20145,2014,332.5
15290,S24,20145,2014,880.72
15328,S259,20145,2014,12107.13
14118,S1454,20145,2014,832.5
14100,S1452,20145,2014,648.12
14109,S1453,20145,2014,1889.8799999999999
14090,S1448,20145,2014,98.14
15338,S266,20145,2014,247.0
14428,S1614,20145,2014,397.97
14405,S1580,20145,2014,111.26
12935,1803,20145,2014,5722.59
12945,1827,20145,2014,715.16
12796,1607,20145,2014,8338.69
12804,1609,20145,2014,1050.0
12711,1504,20145,2014,1839.79
14075,S1446,20145,2014,919.77
14055,S1439,20145,2014,55.8
15358,S289,20145,2014,313.0
14062,S1442,20145,2014,41.18
14069,S1443,20145,2014,2047.36
13043,205,20145,2014,395.65000000000003
15372,S299,20145,2014,3974.34
15384,S3,20145,2014,141.34
13055,255,20145,2014,336.59000000000003
14043,S1436,20145,2014,3664.46
15409,S312,20145,2014,6333.379999999999
12697,1408,20145,2014,19680.0
14999,S2072,20145,2014,260.77
14446,S1629,20145,2014,192.81
14451,S1630,20145,2014,60.62
15396,S302,20145,2014,666.5600000000001
14051,S1438,20145,2014,156.04000000000002
14023,S1434,20145,2014,8.9
14034,S1435,20145,2014,1023.5799999999999
15423,S318,20145,2014,981.63
14001,S1412,20145,2014,7983.22
12688,136,20145,2014,0.0
15417,S313,20145,2014,132.84
14004,S1425,20145,2014,423.14
13069,262,20145,2014,1208.5
13072,273,20145,2014,232.61999999999998
15449,S337,20145,2014,13.5
12825,170,20145,2014,8707.95
14971,S2046,20145,2014,53.28
14951,S2037,20145,2014,346.65999999999997
14962,S2041,20145,2014,8345.52
14475,S1664,20145,2014,74.72
14983,S2061,20145,2014,856.9
15453,S341,20145,2014,66.06
12678,1351,20145,2014,161.82
15436,S326,20145,2014,81.8
13983,S1392,20145,2014,15.11
13962,S1376,20145,2014,757.8299999999999
15465,S358,20145,2014,176.4
15475,S361,20145,2014,1782.0900000000001
13938,S1361,20145,2014,3955.18
12652,1245,20145,2014,53.7
12656,1270,20145,2014,154.35000000000002
13083,30,20145,2014,2063.57
13919,S1347,20145,2014,33.3
12663,13,20145,2014,838.72
12929,180,20145,2014,1629.04
14496,S1688,20145,2014,153.94
14472,S165,20145,2014,399.13
13904,S1334,20145,2014,455.1
13887,S1322,20145,2014,135.38
15508,S393,20145,2014,90.89
13893,S1325,20145,2014,238.78
13116,365,20145,2014,752.4
12646,1225,20145,2014,209.68
15584,S460,20145,2014,3773.1299999999997
15544,S422,20145,2014,808.63
13870,S1307,20145,2014,38.16
13880,S1320,20145,2014,183.86
13094,327,20145,2014,5474.43
14483,S1669,20145,2014,635.0
14485,S1672,20145,2014,183.42
14488,S1673,20145,2014,8.75
14933,S2024,20145,2014,421.04
12817,1641,20145,2014,174.05
13099,328,20145,2014,9551.45
12635,12000,20145,2014,9467.019999999999
13120,368,20145,2014,63.72
13849,S1294,20145,2014,333.90999999999997
15605,S467,20145,2014,65.77000000000001
15563,S447,20145,2014,276.1
15566,S450,20145,2014,0.0
15570,S456,20145,2014,2222.5
13856,S1296,20145,2014,158.41
13860,S1297,20145,2014,1618.09
13835,S1269,20145,2014,2369.74
14907,S2004,20145,2014,7647.75
14507,S1694,20145,2014,61.52
12907,1769,20145,2014,541.15
12916,1770,20145,2014,0.0
15617,S470,20145,2014,386.39000000000004
15621,S472,20145,2014,166.83999999999997
15596,S463,20145,2014,173.76
15602,S464,20145,2014,187.23
13824,S1265,20145,2014,8085.9
13810,S124,20145,2014,86.94
13798,S1222,20145,2014,651.53
15629,S475,20145,2014,225.4
15630,S476,20145,2014,278.75
15640,S48,20145,2014,306.28
13779,S1212,20145,2014,1164.82
13131,388,20145,2014,941.97
14895,S20,20145,2014,4621.42
14881,S1993,20145,2014,283.19
14524,S1699,20145,2014,373.48
12921,1793,20145,2014,293.5
14499,S1693,20145,2014,358.5
12610,1160,20145,2014,21158.6
15635,S479,20145,2014,1064.96
13759,S120,20145,2014,126.22
13738,S1192,20145,2014,122.44
15674,S498,20145,2014,51.75
15687,S512,20145,2014,287.18
12600,116,20145,2014,8118.0
13747,S1193,20145,2014,13.5
13753,S1198,20145,2014,381.94000000000005
15714,S607,20145,2014,352.01
15701,S523,20145,2014,681.8
13729,S1190,20145,2014,318.78
13156,440,20145,2014,27.0
14864,S1982,20145,2014,2706.35
14563,S1730,20145,2014,4717.7
14536,S1712,20145,2014,20.0
15727,S646,20145,2014,1380.0
13717,S1186,20145,2014,1716.4099999999999
13695,S1169,20145,2014,10.96
15763,S67,20145,2014,842.31
15741,S654,20145,2014,19664.66
13705,S118,20145,2014,394.71999999999997
13670,S1141,20145,2014,13.5
13679,S1145,20145,2014,625.17
14844,S1971,20145,2014,1847.4199999999998
14580,S1736,20145,2014,8933.69
14548,S1721,20145,2014,481.38
14855,S1979,20145,2014,75.58
15782,S717,20145,2014,70.04
12577,1130,20145,2014,5460.02
15751,S655,20145,2014,430.44
15757,S665,20145,2014,13.5
13167,441,20145,2014,1452.9
15772,S7,20145,2014,530.62
12557,1119,20145,2014,1537.6
12567,112,20145,2014,136.15
13665,S1135,20145,2014,489.76
13180,471,20145,2014,63.74
15805,S731,20145,2014,224.58
15812,S75,20145,2014,385.98
13188,477,20145,2014,2337.3
13645,S109,20145,2014,407.16
14805,S1927,20145,2014,536.7
14809,S193,20145,2014,5813.1
14874,S1984,20145,2014,375.0
15830,S763,20145,2014,1133.01
15793,S723,20145,2014,635.0
13607,S1021,20145,2014,378.05
13617,S1022,20145,2014,55.35
15841,S777,20145,2014,101.92
15877,S852,20145,2014,888.34
13598,S1011,20145,2014,409.05
15889,S860,20145,2014,331.76
15862,S828,20145,2014,6648.08
13581,S0001,20145,2014,0.0
13567,IR4,20145,2014,386.34
12546,11,20145,2014,525.86
14780,S1905,20145,2014,1341.49
14794,S1923,20145,2014,577.38
14797,S1926,20145,2014,473.0
12840,1712,20145,2014,7487.0
14610,S1752,20145,2014,13.5
14612,S1754,20145,2014,408.0
14591,S1737,20145,2014,294.2
12531,1079,20145,2014,2622.2
15905,S869,20145,2014,308.49
15909,S888,20145,2014,98.54
13548,99,20145,2014,12125.16
15919,S902,20145,2014,2450.0699999999997
15932,S938,20145,2014,144.44
15935,S940,20145,2014,303.98
15944,S941,20145,2014,349.25
13536,920,20145,2014,3880.0
14746,S1868,20145,2014,471.28
14627,S1756,20145,2014,551.35
14599,S1750,20145,2014,98.98
14602,S1751,20145,2014,6166.72
12851,1718,20145,2014,119.85000000000001
13514,84,20145,2014,1076.53
13208,507,20145,2014,552.3
13217,509,20145,2014,546.35
13497,819,20145,2014,3784.98
12519,1065,20145,2014,855.24
15990,s140,20145,2014,356.44
15998,s1412,20145,2014,223.5
13485,81,20145,2014,2361.25
13473,805,20145,2014,4713.3
16016,s1873,20145,2014,64.75999999999999
13233,526,20145,2014,5203.65
13450,791,20145,2014,21218.52
16046,s2022,20145,2014,777.59
14657,S1792,20145,2014,519.41
14641,S1774,20145,2014,738.49
14769,S1892,20145,2014,25.4
16028,s1940,20145,2014,247.74
16030,s1972,20145,2014,43.5
16031,s1977,20145,2014,162.82
13461,801,20145,2014,19604.239999999998
13244,534,20145,2014,3153.27
13436,767,20145,2014,594.56
12509,106,20145,2014,1212.4
13423,75,20145,2014,5578.44
13407,67,20145,2014,679.2
13395,628,20145,2014,73937.47
16055,s2265,20145,2014,78.75
14757,S1883,20145,2014,25.48
12868,1729,20145,2014,12035.53
14678,S1808,20145,2014,288.36
16058,s227,20145,2014,160.29
16079,s257,20145,2014,182.05
16084,s26,20145,2014,66.64
13352,594,20145,2014,887.0
13356,595,20145,2014,325.08
16135,s47,20145,2014,624.06
16097,s288,20145,2014,58.75
16103,s293,20145,2014,999.11
13359,598,20145,2014,1683.4
13360,599,20145,2014,0.0
13362,601,20145,2014,0.0
13335,59,20145,2014,98.76
16150,s523,20145,2014,447.4
16121,s414,20145,2014,89.26
13327,586,20145,2014,1428.5
14733,S1859,20145,2014,471.03
14669,S1798,20145,2014,404.09
14752,S1873,20145,2014,242.52
12476,100,20145,2014,177.0
12486,1028,20145,2014,29241.03
13255,535,20145,2014,109.8
13301,569,20145,2014,784.92
13309,574,20146,2014,121.2
12558,1119,20146,2014,2867.8
15823,S751,20146,2014,154.72
13650,S1106,20146,2014,30.0
15783,S717,20146,2014,12679.84
12568,112,20146,2014,4021.0
15806,S731,20146,2014,205.38
15100,S2144,20146,2014,272.85
12961,1850,20146,2014,728.0999999999999
12955,1830,20146,2014,97.2
15046,S2110,20146,2014,162.99
14345,S1542,20146,2014,1254.37
12578,1130,20146,2014,3655.34
15122,S2161,20146,2014,116.42
15118,S216,20146,2014,845.0
15115,S2158,20146,2014,1702.97
13950,S1364,20146,2014,64.02
14002,S1412,20146,2014,8430.62
14013,S1432,20146,2014,1181.1599999999999
15404,S304,20146,2014,1409.6100000000001
15424,S318,20146,2014,3858.33
13914,S1341,20146,2014,37.28
13084,30,20146,2014,421.2
16104,s293,20146,2014,507.75
16136,s47,20146,2014,245.34
13347,593,20146,2014,522.5
16129,s434,20146,2014,48.31
14753,S1875,20146,2014,13.5
14711,S1846,20146,2014,143.82
14734,S1859,20146,2014,1286.82
13318,58,20146,2014,256.54
13285,562,20146,2014,3655.0
15397,S302,20146,2014,47.620000000000005
13905,S1334,20146,2014,331.4
15488,S379,20146,2014,148.05
15480,S365,20146,2014,88.2
12664,13,20146,2014,1133.4
16113,s362,20146,2014,27.9
16056,s2265,20146,2014,436.6
12487,1028,20146,2014,106658.9
13396,628,20146,2014,4803.17
14628,S1756,20146,2014,896.65
14770,S1892,20146,2014,23.71
14784,S1915,20146,2014,79.76
12647,1225,20146,2014,178.1
13075,297,20146,2014,6992.98
14035,S1435,20146,2014,90.02
14024,S1434,20146,2014,63.24
13037,2031,20146,2014,139.8
14063,S1442,20146,2014,3172.6699999999996
15359,S289,20146,2014,629.8399999999999
14056,S1440,20146,2014,863.38
13894,S1325,20146,2014,3213.1
15523,S407,20146,2014,1539.78
12510,106,20146,2014,58.72
14798,S1926,20146,2014,193.0
14788,S1916,20146,2014,431.99
14781,S1905,20146,2014,945.96
14775,S19,20146,2014,1158.22
12852,1718,20146,2014,22.98
14603,S1751,20146,2014,4454.18
14635,S1759,20146,2014,265.2
15385,S3,20146,2014,343.13
15373,S299,20146,2014,1338.27
14592,S1737,20146,2014,294.2
14613,S1754,20146,2014,48.44
12841,1712,20146,2014,8794.279999999999
13408,67,20146,2014,964.0
13424,75,20146,2014,3784.19
13415,72,20146,2014,19520.69
13888,S1322,20146,2014,1050.72
14084,S1447,20146,2014,13.5
14076,S1446,20146,2014,196.6
12712,1504,20146,2014,2473.75
12703,1424,20146,2014,185.0
15341,S267,20146,2014,195.28
14091,S1448,20146,2014,94.75
15555,S441,20146,2014,45.5
15545,S422,20146,2014,689.15
15520,S404,20146,2014,516.16
14119,S1454,20146,2014,1996.7199999999998
15571,S456,20146,2014,4250.0
13100,328,20146,2014,160.46
13873,S1308,20146,2014,269.88
14564,S1730,20146,2014,5138.13
12899,1758,20146,2014,883.1
12890,1751,20146,2014,10179.26
14810,S193,20146,2014,13.5
16068,s2311,20146,2014,910.8
13437,767,20146,2014,204.95999999999998
13245,534,20146,2014,872.16
13462,801,20146,2014,4580.3
12504,1058,20146,2014,0.0
16047,s2022,20146,2014,1270.08
14838,S1968,20146,2014,217.17
14835,S1957,20146,2014,140.18
15329,S259,20146,2014,1330.34
12721,1506,20146,2014,1009.8
15291,S24,20146,2014,4455.24
15310,S249,20146,2014,430.7
13451,791,20146,2014,450.0
16017,s1873,20146,2014,943.95
16011,s185,20146,2014,20.0
16037,s2004,20146,2014,130.8
14549,S1721,20146,2014,146.9
14581,S1736,20146,2014,9274.63
14571,S1735,20146,2014,220.9
14853,S1977,20146,2014,97.86
14845,S1971,20146,2014,362.86
15531,S412,20146,2014,0.0
14110,S1453,20146,2014,4398.07
14101,S1452,20146,2014,308.24
13861,S1297,20146,2014,207.57999999999998
13850,S1294,20146,2014,1720.08
13474,805,20146,2014,3783.3
13486,81,20146,2014,6395.280000000001
15999,s1412,20146,2014,77.39
15991,s140,20146,2014,80.94
14891,S1994,20146,2014,0.0
14518,S1696,20146,2014,2137.34
14537,S1712,20146,2014,52.2
14865,S1982,20146,2014,1059.82
13871,S1307,20146,2014,76.25999999999999
15557,S443,20146,2014,0.0
13108,349,20146,2014,16248.21
12642,121,20146,2014,1414.9
12636,12000,20146,2014,34021.79
15580,S458,20146,2014,43.0
13799,S1222,20146,2014,975.04
12520,1065,20146,2014,818.25
15963,S995,20146,2014,94.16
13498,819,20146,2014,4407.87
12822,1669,20146,2014,561.9
14500,S1693,20146,2014,626.58
14882,S1993,20146,2014,2100.6
14896,S20,20146,2014,735.89
13019,1995,20146,2014,2126.25
14135,S1459,20146,2014,380.88000000000005
15254,S2332,20146,2014,232.17000000000002
15252,S2330,20146,2014,173.28
15283,S237,20146,2014,1508.28
15592,S462,20146,2014,38.96
15622,S472,20146,2014,135.94
13836,S1269,20146,2014,2245.65
15958,S97,20146,2014,99.2
15953,S964,20146,2014,193.54
12908,1769,20146,2014,3123.7
14508,S1694,20146,2014,35.0
14908,S2004,20146,2014,1668.06
15585,S460,20146,2014,484.64
15606,S467,20146,2014,483.04999999999995
15275,S236,20146,2014,13633.300000000001
15299,S243,20146,2014,1639.94
15245,S2321,20146,2014,229.78
15242,S2314,20146,2014,556.88
15236,S2312,20146,2014,206.26999999999998
15264,S2341,20146,2014,193.69
14182,S1484,20146,2014,3612.6
13770,S1206,20146,2014,343.46
13794,S1220,20146,2014,45.08
14201,S1488,20146,2014,64.97999999999999
14192,S1487,20146,2014,546.23
15218,S2289,20146,2014,428.54
15215,S2282,20146,2014,2.09
15641,S48,20146,2014,303.41999999999996
15636,S479,20146,2014,177.18
14493,S1676,20146,2014,360.39
12810,1616,20146,2014,78883.7
14934,S2024,20146,2014,1871.1799999999998
14491,S1674,20146,2014,94.14
14489,S1673,20146,2014,122.88
15970,s0001,20146,2014,0.0
13515,84,20146,2014,1115.88
13537,920,20146,2014,1201.98
13218,509,20146,2014,113.64
13209,507,20146,2014,34.68
13760,S120,20146,2014,69.86
15612,S468,20146,2014,116.14
15628,S474,20146,2014,0.0
14223,S15,20146,2014,0.0
15230,S230,20146,2014,147.72
12739,1515,20146,2014,8427.3
12611,1160,20146,2014,2394.5
13140,393,20146,2014,1586.88
12539,1082,20146,2014,422.5
12532,1079,20146,2014,928.4
14952,S2037,20146,2014,99.92
12826,170,20146,2014,1771.93
14943,S2030,20146,2014,367.2
12922,1793,20146,2014,376.68
15597,S463,20146,2014,382.98
14174,S1480,20146,2014,1045.12
15158,S2193,20146,2014,518.32
15188,S2246,20146,2014,123.22
13549,99,20146,2014,7811.569999999999
15878,S852,20146,2014,466.44
14465,S1646,20146,2014,58.24
14476,S1664,20146,2014,118.44
15912,S89,20146,2014,278.68
15945,S941,20146,2014,400.33
15936,S940,20146,2014,530.5
13132,388,20146,2014,1326.6
13780,S1212,20146,2014,1948.43
12620,1186,20146,2014,1604.3
15653,S486,20146,2014,13.5
15650,S484,20146,2014,103.52
14238,S1504,20146,2014,206.04
14253,S1514,20146,2014,693.52
13696,S1169,20146,2014,262.32
13718,S1186,20146,2014,353.61
15897,S866,20146,2014,303.07
15890,S860,20146,2014,82.56
12936,1803,20146,2014,3825.58
14429,S1614,20146,2014,253.4
14439,S1625,20146,2014,171.34
14990,S2070,20146,2014,445.06999999999994
15920,S902,20146,2014,7576.5
13561,IR39,20146,2014,50.43
15658,S487,20146,2014,150.13
12601,116,20146,2014,9645.24
15688,S512,20146,2014,37.260000000000005
15675,S498,20146,2014,18.97
13008,1903,20146,2014,57.77
12998,1898,20146,2014,233.7
14307,S153,20146,2014,1795.06
13680,S1145,20146,2014,49.27
15742,S654,20146,2014,24737.85
15853,S816,20146,2014,84.94
15869,S84,20146,2014,264.0
15863,S828,20146,2014,289.33000000000004
15000,S2072,20146,2014,120.0
12797,1607,20146,2014,306.18
12946,1827,20146,2014,1008.12
12547,11,20146,2014,1320.99
13582,S0001,20146,2014,0.0
13157,440,20146,2014,104.82
13730,S1190,20146,2014,638.5799999999999
15715,S607,20146,2014,64.08
14291,S1527,20146,2014,1304.42
12754,1551,20146,2014,662.15
12767,1575,20146,2014,82.68
12974,1863,20146,2014,2022.15
14324,S1534,20146,2014,63.01
14319,S1532,20146,2014,253.65
15842,S777,20146,2014,584.5
15041,S2108,20146,2014,229.82999999999998
15062,S2118,20146,2014,128.5
14391,S1579,20146,2014,202.2
14415,S1600,20146,2014,167.8
15013,S2081,20146,2014,35.2
13599,S1011,20146,2014,158.22
13594,S1008,20146,2014,101.96
15721,S637,20146,2014,0.0
13706,S118,20146,2014,401.1
14279,S1521,20146,2014,631.05
12764,1556,20146,2014,0.0
13657,S1124,20146,2014,0.0
13656,S1123,20146,2014,751.02
13175,446,20146,2014,2362.5
13168,441,20146,2014,5374.82
13686,S1155,20146,2014,1383.36
15050,S2114,20146,2014,130.53
14362,S1550,20146,2014,64.3
14382,S1575,20146,2014,2879.43
14399,S158,20146,2014,1124.6
13195,494,20146,2014,835.28
13623,S1024,20146,2014,497.55
15819,S750,20146,2014,52.21
12592,115,20146,2014,2074.6
15764,S67,20146,2014,1323.6
14299,S1528,20146,2014,100.48
12985,1882,20146,2014,1966.7
15133,S2177,20146,2014,388.67
15084,S2141,20146,2014,43.73
13181,471,20146,2014,33.15
13666,S1135,20146,2014,274.06
14375,S156,20146,2014,153.42
14374,S1559,20146,2014,97.34
14368,S1555,20146,2014,88.19
12785,1602,20146,2014,3580.21
12777,16,20146,2014,62.76
13608,S1021,20146,2014,904.05
13635,S1069,20146,2014,115.35
15794,S723,20146,2014,635.0
14340,S154,20146,2014,34.620000000000005
14330,S1539,20146,2014,502.6
14356,S1548,20146,2014,1948.2199999999998
15089,S2143,20146,2014,219.01
14052,S1438,20146,2014,873.37
12698,1408,20146,2014,39360.0
15410,S312,20146,2014,1944.63
13056,255,20146,2014,185.38
13047,226,20146,2014,149.77
14658,S1792,20146,2014,866.9100000000001
12879,1746,20146,2014,1536.0
14679,S1808,20146,2014,0.0
14673,S1802,20146,2014,1156.0
12869,1729,20146,2014,62021.88
12859,1726,20146,2014,498.6
16144,s49,20146,2014,194.60999999999999
13336,59,20146,2014,1535.98
13363,602,20146,2014,1117.55
13929,S1354,20146,2014,20.1
13957,S1368,20146,2014,61.95
14720,S185,20146,2014,469.0
16155,s654,20146,2014,696.25
13265,543,20146,2014,4300.88
13939,S1361,20146,2014,3353.19
15439,S330,20146,2014,80.16
15441,S331,20146,2014,53.28
15444,S335,20146,2014,132.84
12679,1351,20146,2014,155.81
13976,S1388,20146,2014,103.52
15450,S337,20146,2014,745.04
15455,S342,20146,2014,226.8
13984,S1392,20146,2014,12.02
13963,S1376,20146,2014,55.14
13302,569,20146,2014,522.1
13303,569,20147,2014,455.97
13972,S1378,20147,2014,263.7
13964,S1376,20147,2014,500.6
13977,S1388,20147,2014,103.52
14005,S1425,20147,2014,335.18
13940,S1361,20147,2014,9246.07
13311,576,20147,2014,0.0
13260,536,20147,2014,134.4
13246,534,20147,2014,526.96
16139,s488,20147,2014,255.67
12477,100,20147,2014,97.11
16166,s902,20147,2014,16.03
16156,s654,20147,2014,2185.81
14698,S1818,20147,2014,1149.17
14721,S185,20147,2014,6050.719999999999
13286,562,20147,2014,2565.0
13267,545,20147,2014,0.0
13651,S1106,20147,2014,107.4
15784,S717,20147,2014,279.54999999999995
15076,S213,20147,2014,168.0
15063,S2118,20147,2014,124.57
14346,S1542,20147,2014,553.04
15116,S2158,20147,2014,1084.96
15134,S2177,20147,2014,251.60000000000002
15085,S2141,20147,2014,220.18
15082,S214,20147,2014,116.02
15108,S2152,20147,2014,1847.92
13182,471,20147,2014,558.1999999999999
13178,464,20147,2014,8541.35
12559,1119,20147,2014,0.0
12786,1602,20147,2014,1465.85
12778,16,20147,2014,14.7
13609,S1021,20147,2014,1620.46
13642,S1087,20147,2014,2306.06
13640,S108,20147,2014,288.65
13636,S1069,20147,2014,147.5
15802,S73,20147,2014,72.0
15795,S723,20147,2014,172.08
14331,S1539,20147,2014,334.3
14357,S1548,20147,2014,703.4399999999999
12968,1857,20147,2014,3091.0
15090,S2143,20147,2014,270.98
13169,441,20147,2014,1102.17
15752,S655,20147,2014,180.93
12579,1130,20147,2014,148.5
15831,S763,20147,2014,181.05
15053,S2116,20147,2014,291.66
15051,S2114,20147,2014,284.15999999999997
14363,S1550,20147,2014,314.04
14361,S155,20147,2014,30.42
14385,S1577,20147,2014,13.5
14383,S1575,20147,2014,6052.47
14400,S158,20147,2014,350.76
13196,494,20147,2014,203.21999999999997
12593,115,20147,2014,0.0
15765,S67,20147,2014,5821.53
12986,1882,20147,2014,1113.8
12773,1598,20147,2014,39797.5
12770,158,20147,2014,0.0
15149,S2191,20147,2014,47.68000000000001
12975,1863,20147,2014,1027.5
14320,S1532,20147,2014,137.0
15813,S75,20147,2014,1405.16
15843,S777,20147,2014,992.03
15856,S824,20147,2014,13.5
15035,S21,20147,2014,263.92
14414,S1598,20147,2014,82.21
15014,S2081,20147,2014,42.0
13600,S1011,20147,2014,344.37
13589,S10,20147,2014,263.01
15728,S646,20147,2014,1380.0
15743,S654,20147,2014,7686.38
13707,S118,20147,2014,843.55
14280,S1521,20147,2014,1790.81
14308,S153,20147,2014,1364.7
15138,S2179,20147,2014,64.8
12746,1540,20147,2014,2883.13
13671,S1141,20147,2014,103.52
13667,S1135,20147,2014,451.44
15847,S78,20147,2014,508.68
15870,S84,20147,2014,366.96
15001,S2072,20147,2014,142.62
15029,S2090,20147,2014,112.05
12798,1607,20147,2014,692.76
12947,1827,20147,2014,959.8799999999999
13568,IR4,20147,2014,628.16
13583,S0001,20147,2014,0.0
13731,S1190,20147,2014,171.71
15702,S523,20147,2014,1129.1999999999998
15689,S512,20147,2014,383.86
15716,S607,20147,2014,599.47
14265,S1518,20147,2014,26.619999999999997
14292,S1527,20147,2014,2574.61
12755,1551,20147,2014,1244.33
15172,S2206,20147,2014,216.32
13697,S1169,20147,2014,45.08
15898,S866,20147,2014,438.49
15891,S860,20147,2014,549.42
14430,S1614,20147,2014,872.2600000000001
14447,S1629,20147,2014,152.72
14991,S2070,20147,2014,6927.13
13529,90,20147,2014,808.2
13562,IR39,20147,2014,821.4200000000001
13550,99,20147,2014,9060.49
13719,S1186,20147,2014,529.48
13754,S1198,20147,2014,269.18
13739,S1192,20147,2014,1288.27
12602,116,20147,2014,8118.0
12999,1898,20147,2014,616.02
15189,S2246,20147,2014,50.5
14271,S1520,20147,2014,738.54
13158,440,20147,2014,282.96
15879,S852,20147,2014,403.38
15910,S888,20147,2014,24.48
12548,11,20147,2014,1671.38
14984,S2061,20147,2014,927.8599999999999
14466,S1646,20147,2014,176.3
14935,S2024,20147,2014,275.7
14963,S2041,20147,2014,6940.55
15937,S940,20147,2014,640.99
12540,1082,20147,2014,395.0
13781,S1212,20147,2014,1803.33
15654,S486,20147,2014,168.36
14239,S1504,20147,2014,88.05
14233,S1502,20147,2014,137.7
14254,S1514,20147,2014,128.0
15198,S2250,20147,2014,1280.65
13764,S1203,20147,2014,338.1
15660,S488,20147,2014,6835.47
12627,1187,20147,2014,41.27
12621,1186,20147,2014,1430.0
15246,S2321,20147,2014,223.34
14224,S15,20147,2014,872.4300000000001
15231,S230,20147,2014,200.98999999999998
12729,1512,20147,2014,397.83
15228,S23,20147,2014,488.0
12612,1160,20147,2014,2326.0
13133,388,20147,2014,711.37
12533,1079,20147,2014,3762.84
15921,S902,20147,2014,9749.53
14953,S2037,20147,2014,32.58
14978,S2050,20147,2014,1113.42
14972,S2046,20147,2014,410.55
14922,S2014,20147,2014,376.17
14945,S2033,20147,2014,104.35
14944,S2030,20147,2014,13.5
14497,S1688,20147,2014,27.72
12923,1793,20147,2014,1753.25
13818,S1256,20147,2014,0.0
13811,S124,20147,2014,655.72
15598,S463,20147,2014,298.78
15593,S462,20147,2014,65.1
14193,S1487,20147,2014,88.71
12740,1515,20147,2014,522.0
15642,S481,20147,2014,376.76
15637,S479,20147,2014,47.86
12811,1616,20147,2014,3003.0
14492,S1674,20147,2014,69.72999999999999
14486,S1672,20147,2014,144.34
14484,S1670,20147,2014,308.79
15946,S941,20147,2014,339.61
15971,s0001,20147,2014,0.0
13516,84,20147,2014,1823.24
13219,509,20147,2014,1544.6
13538,920,20147,2014,0.0
15914,S90,20147,2014,375.0
13522,86,20147,2014,49.76
15954,S964,20147,2014,311.86
12909,1769,20147,2014,1392.4199999999998
14509,S1694,20147,2014,3719.73
14917,S2011,20147,2014,3161.7
14909,S2004,20147,2014,1863.35
12521,1065,20147,2014,809.2
15276,S236,20147,2014,9478.18
14156,S1468,20147,2014,763.39
13805,S123,20147,2014,387.5
13825,S1265,20147,2014,3163.61
15964,S995,20147,2014,49.34
15980,s1212,20147,2014,1055.29
15978,s1192,20147,2014,142.4
13506,829,20147,2014,0.0
13499,819,20147,2014,4094.44
14501,S1693,20147,2014,79.15
14883,S1993,20147,2014,1204.91
14897,S20,20147,2014,290.92
13475,805,20147,2014,3303.5
14136,S1459,20147,2014,112.86000000000001
15255,S2332,20147,2014,162.87
13844,S128,20147,2014,40.64
13837,S1269,20147,2014,2755.81
13851,S1294,20147,2014,150.74
15586,S460,20147,2014,700.0
13487,81,20147,2014,4273.14
15992,s140,20147,2014,1088.3400000000001
16024,s1896,20147,2014,164.13
14892,S1994,20147,2014,25.590000000000003
14541,S1713,20147,2014,72.66
14538,S1712,20147,2014,50.93
14550,S1721,20147,2014,3548.75
14866,S1982,20147,2014,2313.59
15603,S464,20147,2014,732.59
13123,38,20147,2014,35.56
12637,12000,20147,2014,18048.739999999998
15330,S259,20147,2014,1228.1100000000001
15317,S25,20147,2014,98.68
15311,S249,20147,2014,110.86
13452,791,20147,2014,180233.2
13234,526,20147,2014,100.0
16018,s1873,20147,2014,1116.46
14856,S1979,20147,2014,133.81
14582,S1736,20147,2014,9860.22
14572,S1735,20147,2014,121.4
14846,S1971,20147,2014,4000.1099999999997
15535,S414,20147,2014,94.5
15558,S443,20147,2014,2200.0
13862,S1297,20147,2014,85.14
14128,S1456,20147,2014,1971.78
14120,S1454,20147,2014,2098.74
14111,S1453,20147,2014,825.36
15300,S243,20147,2014,305.75
15572,S456,20147,2014,5750.0
13101,328,20147,2014,2900.6
14565,S1730,20147,2014,11065.26
12900,1758,20147,2014,523.2
12891,1751,20147,2014,5757.5
14822,S1940,20147,2014,766.06
12505,1058,20147,2014,178.25
13438,767,20147,2014,800.98
13463,801,20147,2014,5158.38
16048,s2022,20147,2014,339.84000000000003
14830,S1952,20147,2014,168.94
14593,S1737,20147,2014,1384.2
12842,1712,20147,2014,11174.02
13409,67,20147,2014,1254.0
13425,75,20147,2014,3203.13
13416,72,20147,2014,0.0
14077,S1446,20147,2014,704.65
12713,1504,20147,2014,3347.1
14093,S1449,20147,2014,3799.88
14092,S1448,20147,2014,725.28
15552,S432,20147,2014,575.04
15546,S422,20147,2014,327.68
15511,S399,20147,2014,266.65
13044,205,20147,2014,94.59
13038,2031,20147,2014,621.42
14064,S1442,20147,2014,288.24
15360,S289,20147,2014,549.12
15352,S273,20147,2014,29.83
13113,356,20147,2014,60.86
13895,S1325,20147,2014,259.03000000000003
15501,S386,20147,2014,178.2
15497,S385,20147,2014,88.2
14799,S1926,20147,2014,68.52000000000001
14789,S1916,20147,2014,307.67
14782,S1905,20147,2014,156.92
14776,S19,20147,2014,158.43
14604,S1751,20147,2014,144.85
16072,s236,20147,2014,438.66
16094,s276,20147,2014,396.36
16091,s260,20147,2014,344.1
15386,S3,20147,2014,292.11
15374,S299,20147,2014,1626.42
15398,S302,20147,2014,280.09
13906,S1334,20147,2014,792.82
13923,S1348,20147,2014,561.13
15489,S379,20147,2014,2318.0
15487,S375,20147,2014,92.86
15481,S365,20147,2014,208.74
12665,13,20147,2014,811.9
16110,s3,20147,2014,181.79
16057,s2265,20147,2014,131.25
12488,1028,20147,2014,16598.76
13371,610,20147,2014,38.379999999999995
13397,628,20147,2014,21246.760000000002
16080,s257,20147,2014,95.71
14629,S1756,20147,2014,388.15
14751,S1871,20147,2014,11.6
14642,S1774,20147,2014,258.93
12648,1225,20147,2014,576.62
13076,297,20147,2014,0.0
14036,S1435,20147,2014,185.57999999999998
14025,S1434,20147,2014,53.97
15411,S312,20147,2014,396.96
13057,255,20147,2014,287.96
13048,226,20147,2014,38.35
12880,1746,20147,2014,1216.29
12870,1729,20147,2014,18531.38
12860,1726,20147,2014,1365.9
14758,S1883,20147,2014,1138.48
13337,59,20147,2014,8640.21
13365,606,20147,2014,202.0
13361,600,20147,2014,400.46000000000004
15471,S360,20147,2014,149.22
15462,S357,20147,2014,80.58
13958,S1368,20147,2014,42.9
13995,S1402,20147,2014,736.1
14014,S1432,20147,2014,107.3
15425,S318,20147,2014,2584.92
13085,30,20147,2014,2826.75
16105,s293,20147,2014,28.32
16130,s434,20147,2014,96.62
13328,586,20147,2014,240.48
13319,58,20147,2014,667.17
16122,s414,20147,2014,3282.02
16118,s410,20147,2014,2603.77
14659,S1792,20147,2014,754.4699999999999
14712,S1846,20147,2014,1182.68
14735,S1859,20147,2014,781.5600000000001
13183,471,20148,2014,1004.8
13176,446,20148,2014,1575.0
13668,S1135,20148,2014,299.52
13698,S1169,20148,2014,22.54
12987,1882,20148,2014,29.55
14321,S1532,20148,2014,68.5
15785,S717,20148,2014,1468.0
15091,S2143,20148,2014,40.370000000000005
13170,441,20148,2014,1684.76
13159,440,20148,2014,118.26
15753,S655,20148,2014,950.0
12580,1130,20148,2014,5036.92
15123,S2161,20148,2014,108.44
15119,S216,20148,2014,65.0
15117,S2158,20148,2014,88.97
15086,S2141,20148,2014,148.0
14630,S1756,20148,2014,330.4
14621,S1755,20148,2014,369.12
14747,S1868,20148,2014,1231.06
14643,S1774,20148,2014,25.77
14636,S1759,20148,2014,333.44
14647,S1783,20148,2014,144.9
12881,1746,20148,2014,499.0
14674,S1802,20148,2014,408.0
12871,1729,20148,2014,12689.7
14667,S1796,20148,2014,98.68
14660,S1792,20148,2014,1757.3899999999999
14736,S1859,20148,2014,308.48
14759,S1883,20148,2014,626.32
13990,S1394,20148,2014,263.0
16123,s414,20148,2014,201.3
14722,S185,20148,2014,18356.31
14614,S1754,20148,2014,224.21
14605,S1751,20148,2014,2770.34
13062,257,20148,2014,81.2
15463,S357,20148,2014,279.67
13951,S1364,20148,2014,237.68
14015,S1432,20148,2014,617.89
14009,S1426,20148,2014,13.5
15399,S302,20148,2014,141.42000000000002
15426,S318,20148,2014,320.44
14037,S1435,20148,2014,290.76
13086,30,20148,2014,4423.2
16073,s236,20148,2014,107.08
13426,75,20148,2014,4743.65
13417,72,20148,2014,28054.0
13445,771,20148,2014,83.46
12511,106,20148,2014,101.83
12835,1709,20148,2014,123.12
14566,S1730,20148,2014,3907.54
12892,1751,20148,2014,9220.68
12649,1225,20148,2014,314.52
13077,297,20148,2014,49.86
14026,S1434,20148,2014,892.7
15387,S3,20148,2014,2232.03
12699,1408,20148,2014,39360.0
15412,S312,20148,2014,354.83
14044,S1436,20148,2014,38.379999999999995
12489,1028,20148,2014,97233.17
14811,S193,20148,2014,604.0
13439,767,20148,2014,361.7
16032,s1977,20148,2014,36.82
16029,s1940,20148,2014,123.87
16049,s2022,20148,2014,129.6
15547,S422,20148,2014,38.53
13058,255,20148,2014,833.97
15375,S299,20148,2014,3328.75
13907,S1334,20148,2014,363.09000000000003
15512,S399,20148,2014,89.87
13915,S1341,20148,2014,158.94
13045,205,20148,2014,113.83
13039,2031,20148,2014,815.6600000000001
14065,S1442,20148,2014,298.59
14057,S1441,20148,2014,87.9
12843,1712,20148,2014,13348.74
16038,s2004,20148,2014,1921.0
14583,S1736,20148,2014,9492.710000000001
14573,S1735,20148,2014,492.26
14847,S1971,20148,2014,525.69
14839,S1968,20148,2014,951.75
13114,356,20148,2014,274.17
15505,S389,20148,2014,182.58
15502,S386,20148,2014,530.49
15524,S407,20148,2014,217.59
13889,S1322,20148,2014,39.11
14078,S1446,20148,2014,2142.16
12714,1504,20148,2014,2087.73
12704,1424,20148,2014,795.0
15342,S267,20148,2014,47.2
14823,S1940,20148,2014,969.87
15993,s140,20148,2014,1230.76
16025,s1896,20148,2014,145.3
14539,S1712,20148,2014,50.93
14551,S1721,20148,2014,241.14
14867,S1982,20148,2014,1325.53
13235,526,20148,2014,0.0
16019,s1873,20148,2014,2669.88
13500,819,20148,2014,189.26999999999998
14502,S1693,20148,2014,139.25
14527,S1703,20148,2014,51.63
14519,S1696,20148,2014,823.29
14884,S1993,20148,2014,1511.93
13476,805,20148,2014,2281.4
13464,801,20148,2014,3009.95
12643,121,20148,2014,2829.8
15532,S412,20148,2014,125.4
14102,S1452,20148,2014,69.86
14094,S1450,20148,2014,97.29
14129,S1456,20148,2014,166.5
14121,S1454,20148,2014,299.86
15573,S456,20148,2014,4250.0
13896,S1325,20148,2014,10.84
13525,863,20148,2014,193.5
15955,S964,20148,2014,384.18
13102,328,20148,2014,2146.83
13881,S1320,20148,2014,555.78
13874,S1308,20148,2014,614.72
13872,S1307,20148,2014,277.44
13121,368,20148,2014,376.65
13109,349,20148,2014,479.8
13488,81,20148,2014,1946.02
12910,1769,20148,2014,4391.639999999999
14510,S1694,20148,2014,82.38
14918,S2011,20148,2014,860.77
14910,S2004,20148,2014,5956.52
14898,S20,20148,2014,345.54
12522,1065,20148,2014,1101.32
15981,s1212,20148,2014,91.02
14927,S2023,20148,2014,89.91
14923,S2014,20148,2014,150.01
14936,S2024,20148,2014,775.06
12924,1793,20148,2014,2326.7
13790,S1219,20148,2014,253.8
15331,S259,20148,2014,1124.79
15318,S25,20148,2014,0.0
15312,S249,20148,2014,45.08
13026,2000,20148,2014,0.0
14137,S1459,20148,2014,18.810000000000002
14167,S1478,20148,2014,94.84
13507,829,20148,2014,302.24
13517,84,20148,2014,478.99
13220,509,20148,2014,714.02
13539,920,20148,2014,4618.75
13210,507,20148,2014,668.51
14458,S1637,20148,2014,217.82
14479,S1668,20148,2014,275.7
14954,S2037,20148,2014,29.04
15643,S481,20148,2014,71.1
15256,S2332,20148,2014,92.4
15618,S470,20148,2014,18.1
13838,S1269,20148,2014,3091.94
15607,S467,20148,2014,9683.68
15277,S236,20148,2014,2260.38
15266,S2355,20148,2014,402.0
14160,S147,20148,2014,35.64
15950,S943,20148,2014,459.0
12541,1082,20148,2014,790.0
12534,1079,20148,2014,4591.37
15922,S902,20148,2014,5542.67
14973,S2046,20148,2014,102.58
14452,S1630,20148,2014,482.45
14440,S1625,20148,2014,274.84
14992,S2070,20148,2014,219.36
14985,S2061,20148,2014,1271.9699999999998
13134,388,20148,2014,988.56
13826,S1265,20148,2014,3835.31
14175,S1480,20148,2014,344.49
14194,S1487,20148,2014,886.04
14183,S1484,20148,2014,13.5
15219,S2289,20148,2014,370.46000000000004
15247,S2321,20148,2014,67.57
12812,1616,20148,2014,8778.0
13551,99,20148,2014,6433.38
15906,S869,20148,2014,0.0
15899,S866,20148,2014,41.980000000000004
14467,S1646,20148,2014,160.62
13573,IR80,20148,2014,1459.3200000000002
15624,S473,20148,2014,443.19
15623,S472,20148,2014,103.52
12622,1186,20148,2014,2727.84
13771,S1206,20148,2014,0.0
14207,S1489,20148,2014,471.48
14225,S15,20148,2014,49.04
12735,1513,20148,2014,285.53000000000003
12730,1512,20148,2014,329.92
15229,S23,20148,2014,976.0
12613,1160,20148,2014,31367.81
15938,S940,20148,2014,1158.8
15892,S860,20148,2014,679.73
15880,S852,20148,2014,1296.69
13576,IR9,20148,2014,147.91
12937,1803,20148,2014,35000.0
15676,S498,20148,2014,13.5
13782,S1212,20148,2014,4379.19
14240,S1504,20148,2014,13.5
14255,S1514,20148,2014,342.26
15177,S2218,20148,2014,302.97
15203,S2256,20148,2014,754.51
15210,S2266,20148,2014,161.82
15209,S226,20148,2014,236.0
13732,S1190,20148,2014,518.65
13557,IR15,20148,2014,119.19
15871,S84,20148,2014,78.19
13584,S0001,20148,2014,44.61
15002,S2072,20148,2014,184.13
14979,S2050,20148,2014,315.51
12799,1607,20148,2014,15633.24
12787,1602,20148,2014,2647.55
13197,494,20148,2014,2211.76
15690,S512,20148,2014,96.18
15661,S488,20148,2014,3872.35
15659,S487,20148,2014,189.37
15655,S486,20148,2014,22.42
13720,S1186,20148,2014,2414.51
13740,S1192,20148,2014,105.96000000000001
12603,116,20148,2014,8118.0
13563,IR39,20148,2014,70.92
15814,S75,20148,2014,511.63
15844,S777,20148,2014,634.65
15854,S816,20148,2014,424.14
14392,S1579,20148,2014,11.6
14416,S1600,20148,2014,503.79
14408,S1592,20148,2014,20.009999999999998
15679,S499,20148,2014,59.82
15159,S2193,20148,2014,95.65
15190,S2246,20148,2014,89.26
14272,S1520,20148,2014,272.19
13149,431,20148,2014,135.5
15672,S497,20148,2014,647.23
13601,S1011,20148,2014,502.66999999999996
15848,S78,20148,2014,87.0
14369,S1555,20148,2014,174.56
13610,S1021,20148,2014,1144.49
13643,S1087,20148,2014,322.41
15796,S723,20148,2014,762.0
15832,S763,20148,2014,1606.94
15054,S2116,20148,2014,77.12
14364,S1550,20148,2014,87.66000000000001
14401,S158,20148,2014,324.18
15026,S2088,20148,2014,195.28
13618,S1022,20148,2014,58.62
15803,S73,20148,2014,0.0
15101,S2144,20148,2014,0.0
12948,1827,20148,2014,513.39
15047,S2110,20148,2014,122.36
15077,S213,20148,2014,315.8
15064,S2118,20148,2014,656.36
14347,S1542,20148,2014,668.15
13683,S1154,20148,2014,25.0
14266,S1518,20148,2014,432.2
14293,S1527,20148,2014,413.43
15173,S2206,20148,2014,13.5
15164,S220,20148,2014,133.5
13690,S1168,20148,2014,412.48
13009,1903,20148,2014,328.55
13000,1898,20148,2014,281.52
15109,S2152,20148,2014,455.02
14332,S1539,20148,2014,201.25
14358,S1548,20148,2014,74.9
15744,S654,20148,2014,9842.25
13708,S118,20148,2014,127.7
14281,S1521,20148,2014,5732.7
14309,S153,20148,2014,432.93
12756,1551,20148,2014,449.57000000000005
15776,S707,20148,2014,18.5
14341,S154,20148,2014,217.27
13659,S1128,20148,2014,51.75
15773,S7,20148,2014,79.36
12560,1119,20148,2014,2098.88
12549,11,20148,2014,1025.67
15824,S751,20148,2014,113.05
13624,S1024,20148,2014,505.80999999999995
12853,1718,20148,2014,375.31
12657,1270,20148,2014,675.91
12666,13,20148,2014,692.8000000000001
13070,27,20148,2014,360.75
12680,1351,20148,2014,519.51
13941,S1361,20148,2014,3938.39
13338,59,20148,2014,18535.52
13410,67,20148,2014,279.12
13353,594,20148,2014,1332.6
13376,613,20148,2014,0.0
13375,612,20148,2014,205.2
13372,610,20148,2014,857.8
13398,628,20148,2014,112269.84
16085,s26,20148,2014,119.77
16081,s257,20148,2014,49.3
13278,558,20148,2014,3340.0
16157,s654,20148,2014,289.5
13247,534,20148,2014,182.24
13965,S1376,20148,2014,465.40000000000003
13294,563,20148,2014,262.56
12672,1320,20148,2014,437.4
14699,S1818,20148,2014,303.56
13304,569,20148,2014,513.05
13348,593,20148,2014,1619.75
13320,58,20148,2014,961.65
13329,586,20148,2014,2595.47
13358,596,20148,2014,372.1
16106,s293,20148,2014,36.230000000000004
13366,608,20148,2014,0.0
13287,562,20148,2014,5840.0
16119,s410,20148,2014,5314.83
13305,569,20149,2014,389.90999999999997
16107,s293,20149,2014,1336.59
16098,s288,20149,2014,0.0
13321,58,20149,2014,1307.88
13349,593,20149,2014,336.7
13339,59,20149,2014,8434.68
14700,S1818,20149,2014,698.75
15437,S326,20149,2014,16.0
13280,56,20149,2014,137.9
13973,S1378,20149,2014,277.1
13966,S1376,20149,2014,429.18
13261,536,20149,2014,450.6
13256,535,20149,2014,373.05
16137,s47,20149,2014,230.44
12478,100,20149,2014,25.82
16167,s902,20149,2014,97.04
16158,s654,20149,2014,637.86
13681,S1145,20149,2014,13.5
13672,S1141,20149,2014,116.55
12569,112,20149,2014,1908.0
12988,1882,20149,2014,168.75
15129,S2176,20149,2014,13.5
12765,1556,20149,2014,243.9
15150,S2191,20149,2014,297.71999999999997
12976,1863,20149,2014,1383.44
14322,S1532,20149,2014,99.89
14333,S1539,20149,2014,893.53
15804,S73,20149,2014,96.16
13171,441,20149,2014,2048.78
12581,1130,20149,2014,2280.0699999999997
15777,S707,20149,2014,87.26
15124,S2161,20149,2014,1106.1299999999999
12587,1144,20149,2014,369.82
15745,S654,20149,2014,10468.34
14313,S1531,20149,2014,1252.71
14310,S153,20149,2014,4577.68
15135,S2177,20149,2014,309.7
15174,S2206,20149,2014,161.31
12757,1551,20149,2014,1256.56
14300,S1528,20149,2014,172.55
14370,S1555,20149,2014,106.32
13660,S1128,20149,2014,12.75
12561,1119,20149,2014,2425.2
12550,11,20149,2014,1090.42
13658,S1125,20149,2014,135.51
13629,S1040,20149,2014,344.78
13625,S1024,20149,2014,581.04
13652,S1106,20149,2014,41.06
15766,S67,20149,2014,917.33
15786,S717,20149,2014,12.72
15102,S2144,20149,2014,585.91
12966,1856,20149,2014,148.75
12949,1827,20149,2014,330.86
15048,S2110,20149,2014,448.26
15065,S2118,20149,2014,13.5
15087,S2141,20149,2014,375.0
14348,S1542,20149,2014,563.17
13684,S1154,20149,2014,45.0
15703,S523,20149,2014,1265.56
13721,S1186,20149,2014,1002.18
14267,S1518,20149,2014,176.4
14259,S1517,20149,2014,36.379999999999995
14294,S1527,20149,2014,23.35
12749,1545,20149,2014,0.0
12747,1540,20149,2014,4537.08
14282,S1521,20149,2014,1776.08
13687,S1155,20149,2014,57.3
13709,S118,20149,2014,318.46
15729,S646,20149,2014,403.74
15673,S497,20149,2014,1298.9099999999999
13010,1903,20149,2014,257.04
13001,1898,20149,2014,455.9
15182,S224,20149,2014,20.9
15178,S2218,20149,2014,289.47
13150,431,20149,2014,85.76
15691,S512,20149,2014,1325.92
15055,S2116,20149,2014,317.1
15797,S723,20149,2014,635.0
15833,S763,20149,2014,620.69
15027,S2088,20149,2014,34.3
15717,S607,20149,2014,162.56
13146,423,20149,2014,2656.25
13144,417,20149,2014,24.6
15662,S488,20149,2014,7792.34
15656,S486,20149,2014,325.93
12614,1160,20149,2014,141.12
13741,S1192,20149,2014,42.72
12604,116,20149,2014,9132.75
15681,S510,20149,2014,670.77
13564,IR39,20149,2014,79.62
15815,S75,20149,2014,314.22
13611,S1021,20149,2014,700.67
15042,S2108,20149,2014,305.74
14426,S1613,20149,2014,690.2
14417,S1600,20149,2014,55.660000000000004
14412,S1597,20149,2014,809.25
15015,S2081,20149,2014,84.38
13602,S1011,20149,2014,850.5
15647,S483,20149,2014,667.5
14241,S1504,20149,2014,730.99
15204,S2256,20149,2014,97.67
15199,S2250,20149,2014,272.71000000000004
13012,1915,20149,2014,125.6
13733,S1190,20149,2014,903.99
13556,IR11,20149,2014,403.05
13585,S0001,20149,2014,0.0
13198,494,20149,2014,407.03999999999996
15008,S2079,20149,2014,1245.0
15003,S2078,20149,2014,93.5
12805,1609,20149,2014,0.0
12800,1607,20149,2014,674.76
12788,1602,20149,2014,1741.68
13765,S1203,20149,2014,13.5
13761,S120,20149,2014,69.86
13772,S1206,20149,2014,282.05
14226,S15,20149,2014,852.4000000000001
14216,S1498,20149,2014,13.5
12731,1512,20149,2014,2012.15
15929,S921,20149,2014,54.4
15881,S852,20149,2014,364.11
13575,IR81,20149,2014,190.88
12938,1803,20149,2014,9922.800000000001
14435,S1624,20149,2014,139.75
14468,S1646,20149,2014,104.16
14993,S2070,20149,2014,48.42
13135,388,20149,2014,1251.65
13827,S1265,20149,2014,1379.77
13812,S124,20149,2014,14.82
15594,S462,20149,2014,700.72
14176,S1480,20149,2014,111.5
14195,S1487,20149,2014,1922.33
14213,S1494,20149,2014,191.5
15248,S2321,20149,2014,67.57
15644,S481,20149,2014,252.96
14928,S2023,20149,2014,93.1
13552,99,20149,2014,1604.17
14461,S1643,20149,2014,89.61
14459,S1637,20149,2014,140.74
14480,S1668,20149,2014,70.75999999999999
14477,S1664,20149,2014,59.39
14964,S2041,20149,2014,1488.08
14955,S2037,20149,2014,499.73
15608,S467,20149,2014,462.69
15286,S239,20149,2014,255.58999999999997
13839,S1269,20149,2014,1404.99
15604,S464,20149,2014,87.82
15278,S236,20149,2014,2691.34
15239,S2313,20149,2014,15.92
15237,S2312,20149,2014,83.73
14157,S1468,20149,2014,411.0
15951,S943,20149,2014,50.4
12535,1079,20149,2014,2189.27
15923,S902,20149,2014,9706.86
14937,S2024,20149,2014,280.2
14473,S165,20149,2014,640.6
12925,1793,20149,2014,1821.02
12813,1616,20149,2014,80227.9
13783,S1212,20149,2014,2245.63
12722,1506,20149,2014,1100.0
12715,1504,20149,2014,2620.21
15292,S24,20149,2014,1855.55
15319,S251,20149,2014,13.5
15313,S249,20149,2014,441.48
13014,1923,20149,2014,950.67
14142,S1462,20149,2014,420.56
14168,S1478,20149,2014,136.61
13501,819,20149,2014,521.64
15973,s1009,20149,2014,253.76999999999998
13518,84,20149,2014,856.6800000000001
13221,509,20149,2014,64.11
13540,920,20149,2014,1478.0
13211,507,20149,2014,84.42
13204,497,20149,2014,477.18
13523,86,20149,2014,24.88
15956,S964,20149,2014,0.0
13031,2011,20149,2014,291.4
15257,S2332,20149,2014,61.92
13095,327,20149,2014,0.0
13878,S1318,20149,2014,124.46
13875,S1308,20149,2014,64.1
13882,S1320,20149,2014,82.26
13126,384,20149,2014,3241.5
13124,38,20149,2014,330.9
13122,368,20149,2014,878.85
13117,365,20149,2014,854.92
13489,81,20149,2014,1758.05
15947,S941,20149,2014,258.2
12911,1769,20149,2014,2599.9900000000002
14511,S1694,20149,2014,106.0
14911,S2004,20149,2014,8733.59
14899,S20,20149,2014,1989.8799999999999
12523,1065,20149,2014,1594.57
16020,s1873,20149,2014,415.42999999999995
16007,s1730,20149,2014,328.26
14534,S1706,20149,2014,252.0
14526,S17,20149,2014,505.02
14520,S1696,20149,2014,408.18
14854,S1977,20149,2014,1749.02
14885,S1993,20149,2014,1278.4
13477,805,20149,2014,2165.7999999999997
13465,801,20149,2014,34302.31
13103,328,20149,2014,147.0
15533,S412,20149,2014,249.88
15527,S409,20149,2014,198.5
15559,S443,20149,2014,994.0
13863,S1297,20149,2014,206.16
14103,S1452,20149,2014,43.019999999999996
14122,S1454,20149,2014,1461.84
14112,S1453,20149,2014,23.9
15301,S243,20149,2014,977.4300000000001
15332,S259,20149,2014,578.42
15574,S456,20149,2014,4250.0
15503,S386,20149,2014,127.99
13908,S1334,20149,2014,827.95
14079,S1446,20149,2014,1653.06
15343,S267,20149,2014,282.65999999999997
14812,S193,20149,2014,775.35
14557,S1724,20149,2014,8.5
12832,1704,20149,2014,717.82
14868,S1982,20149,2014,1661.1
14857,S1979,20149,2014,0.0
13453,791,20149,2014,245395.0
13236,526,20149,2014,494.71
13228,521,20149,2014,550.0
13227,519,20149,2014,161.4
15548,S422,20149,2014,1641.87
15376,S299,20149,2014,4196.1
13924,S1348,20149,2014,787.39
15513,S399,20149,2014,446.37
14066,S1442,20149,2014,74.7
15361,S289,20149,2014,780.4
13399,628,20149,2014,7647.78
16039,s2004,20149,2014,951.73
14574,S1735,20149,2014,59.41
14848,S1971,20149,2014,2868.56
14567,S1730,20149,2014,2068.18
12893,1751,20149,2014,11515.0
14596,S1745,20149,2014,832.51
14085,S1447,20149,2014,88.2
13897,S1325,20149,2014,907.6
12653,1245,20149,2014,53.7
12650,1225,20149,2014,72.47
15490,S379,20149,2014,0.0
15392,S301,20149,2014,186.75
15388,S3,20149,2014,1105.82
12700,1408,20149,2014,19680.0
14045,S1436,20149,2014,197.5
12490,1028,20149,2014,21674.75
16070,s2317,20149,2014,196.05
16050,s2022,20149,2014,2874.6
14595,S1739,20149,2014,1493.79
14594,S1737,20149,2014,1531.3
14584,S1736,20149,2014,11248.58
12901,1758,20149,2014,176.2
14606,S1751,20149,2014,4446.0
13059,255,20149,2014,6586.679999999999
13952,S1364,20149,2014,151.06
14016,S1432,20149,2014,518.1800000000001
14038,S1435,20149,2014,910.3199999999999
15400,S302,20149,2014,552.28
15427,S318,20149,2014,7030.49
13087,30,20149,2014,930.85
14631,S1756,20149,2014,957.5
13427,75,20149,2014,1498.45
13446,771,20149,2014,24.71
13440,767,20149,2014,482.40999999999997
12512,106,20149,2014,0.0
14790,S1916,20149,2014,257.18
14800,S1926,20149,2014,100.48
12844,1712,20149,2014,34599.299999999996
16059,s227,20149,2014,62.43
12497,1039,20149,2014,0.0
12658,1270,20149,2014,126.43
12667,13,20149,2014,2072.41
15456,S351,20149,2014,40.980000000000004
13978,S1388,20149,2014,280.0
13063,257,20149,2014,0.0
14006,S1425,20149,2014,243.74
15413,S312,20149,2014,1215.58
12689,136,20149,2014,783.0
15445,S335,20149,2014,131.25
13942,S1361,20149,2014,4509.11
13930,S1354,20149,2014,119.62
12861,1726,20149,2014,1134.3000000000002
13384,619,20149,2014,91.72
13381,616,20149,2014,991.23
13380,615,20149,2014,104.4
13378,614,20149,2014,0.0
13373,610,20149,2014,943.58
16086,s26,20149,2014,46.7
14723,S185,20149,2014,585.41
14748,S1868,20149,2014,1214.72
14785,S1915,20149,2014,181.16
14615,S1754,20149,2014,118.03
14644,S1777,20149,2014,657.91
12882,1746,20149,2014,570.26
15468,S36,20149,2014,963.19
15464,S357,20149,2014,103.84
13268,545,20149,2014,0.0
14661,S1792,20149,2014,3516.98
14689,S1816,20149,2014,973.7
14737,S1859,20149,2014,2544.55
14764,S189,20149,2014,366.54999999999995
14760,S1883,20149,2014,140.4
12872,1729,20149,2014,15400.77
13985,S1392,20149,2014,58.8
15438,S33,20149,2014,103.89
16148,s514,20149,2014,236.84
16124,s414,20149,2014,525.0
19496,S852,20151,2015,1995.72
19493,S84,20151,2015,248.70000000000002
19820,s654,20151,2015,769.4200000000001
18948,S318,20151,2015,528.3199999999999
18938,S312,20151,2015,805.3000000000001
18926,S301,20151,2015,37.1
18927,S302,20151,2015,185.82999999999998
18914,S3,20151,2015,763.1899999999999
19601,s0001,20151,2015,0.0
19232,S516,20151,2015,6319.35
19194,S492,20151,2015,724.2
19207,S504,20151,2015,201.28
19175,S488,20151,2015,15842.37
19187,S489,20151,2015,67.28999999999999
19145,S479,20151,2015,289.17
19152,S48,20151,2015,313.96000000000004
19106,S467,20151,2015,69.5
19088,S460,20151,2015,1032.07
19575,S941,20151,2015,1233.93
19580,S95,20151,2015,75.06
19567,S921,20151,2015,115.63
19548,S902,20151,2015,3898.06
19455,S777,20151,2015,534.04
16268,1130,20151,2015,6719.4
16258,112,20151,2015,488.45
16175,1028,20151,2015,40511.73
16187,1039,20151,2015,411.7
16481,1616,20151,2015,52028.4
16456,1602,20151,2015,2905.6
16468,1607,20151,2015,8017.75
16446,1575,20151,2015,38.54
16424,1540,20151,2015,0.0
16168,100,20151,2015,372.49000000000007
16312,1187,20151,2015,2897.1
16317,12000,20151,2015,24294.49
16301,1160,20151,2015,13102.960000000001
16309,1186,20151,2015,3166.45
16286,115,20151,2015,0.0
16292,116,20151,2015,11023.6
16691,2011,20151,2015,277.43
16662,1898,20151,2015,123.94
16679,1923,20151,2015,6916.42
16637,1863,20151,2015,517.6
16614,1827,20151,2015,1543.26
16238,11,20151,2015,2620.08
16248,1119,20151,2015,2311.3500000000004
16219,1079,20151,2015,503.44
16207,1065,20151,2015,1006.09
16197,106,20151,2015,22.42
16543,1729,20151,2015,6915.19
16534,1726,20151,2015,520.4000000000001
16505,1704,20151,2015,42.760000000000005
16517,1712,20151,2015,244.39000000000001
16496,170,20151,2015,9951.53
16480,1609,20151,2015,0.0
16824,477,20151,2015,60.34
16793,431,20151,2015,0.0
16799,432,20151,2015,1684.8
16802,440,20151,2015,943.38
16803,441,20151,2015,830.34
16431,1551,20151,2015,793.0699999999999
16390,1504,20151,2015,2559.08
16407,1512,20151,2015,412.4
16359,136,20151,2015,71.88
16341,13,20151,2015,126.36
16748,349,20151,2015,106.11
16723,30,20151,2015,7924.639999999999
16709,255,20151,2015,1423.1000000000001
16683,1942,20151,2015,238.5
16998,628,20151,2015,159997.68
17010,629,20151,2015,184.57999999999998
16994,621,20151,2015,7642.35
16997,626,20151,2015,874.65
16952,59,20151,2015,430.99
16937,58,20151,2015,437.74
16949,586,20151,2015,1355.0
16602,1803,20151,2015,13349.4
16591,1793,20151,2015,730.02
16579,1769,20151,2015,1283.6000000000001
16555,1746,20151,2015,294.03
16565,1751,20151,2015,4606.0
16867,526,20151,2015,440.34
16846,497,20151,2015,193.2
16834,488,20151,2015,290.06
16837,494,20151,2015,641.25
17248,S1021,20151,2015,274.09
17233,S1008,20151,2015,505.3
17236,S1011,20151,2015,845.25
17220,IR83,20151,2015,73.95
17221,S0001,20151,2015,0.0
17202,IR39,20151,2015,26.49
17175,920,20151,2015,2126.2
16769,388,20151,2015,1112.51
16785,417,20151,2015,46.8
16787,430,20151,2015,779.31
16759,356,20151,2015,378.88
16745,328,20151,2015,114.72
17099,791,20151,2015,121678.0
17108,801,20151,2015,3792.44
17086,767,20151,2015,332.4
17074,75,20151,2015,6286.16
17492,S1334,20151,2015,177.57
17464,S1294,20151,2015,254.7
17434,S1265,20151,2015,720.6400000000001
17446,S1268,20151,2015,92.72
17447,S1269,20151,2015,498.34
17419,S123,20151,2015,38.42
17406,S1222,20151,2015,280.29999999999995
16919,562,20151,2015,855.0
16928,569,20151,2015,137.65
16889,535,20151,2015,1033.6
16899,536,20151,2015,38.61
16879,534,20151,2015,371.88
17288,S1140,20151,2015,23.06
17298,S1145,20151,2015,106.97999999999999
17286,S1128,20151,2015,204.9
17264,S1069,20151,2015,83.99
17682,S1454,20151,2015,49.3
17658,S1446,20151,2015,483.38
17639,S1438,20151,2015,208.62
17644,S1442,20151,2015,1281.61
17626,S1435,20151,2015,387.68
17604,S1432,20151,2015,692.2
17616,S1434,20151,2015,78.06
17144,819,20151,2015,681.9
17153,829,20151,2015,2468.0
17155,84,20151,2015,366.06
17132,81,20151,2015,3319.21
17120,805,20151,2015,1941.0
17520,S1350,20151,2015,168.78
17509,S1347,20151,2015,1848.75
17480,S1311,20151,2015,41.1
17483,S1322,20151,2015,508.0
17883,S1531,20151,2015,241.5
17865,S1527,20151,2015,318.41
17855,S1526,20151,2015,2705.22
17836,S1514,20151,2015,53.3
17800,S15,20151,2015,1857.61
17812,S1500,20151,2015,1072.13
17791,S1498,20151,2015,110.02
17384,S1212,20151,2015,1582.65
17378,S1206,20151,2015,444.57
17360,S1192,20151,2015,242.48000000000002
17337,S1186,20151,2015,156.47
17349,S1190,20151,2015,747.25
17708,S1463,20151,2015,212.4
17712,S1465,20151,2015,252.6
17701,S1462,20151,2015,49.5
17676,S1452,20151,2015,87.46
18066,S167,20151,2015,0.0
18045,S1637,20151,2015,30.75
18020,S1619,20151,2015,28.1
18031,S1624,20151,2015,62.58
18040,S1630,20151,2015,133.12
18013,S1613,20151,2015,607.2
18005,S1609,20151,2015,164.7
17584,S1388,20151,2015,1918.0
17574,S1378,20151,2015,276.0
17544,S1364,20151,2015,375.32
17561,S1368,20151,2015,2205.16
17532,S1361,20151,2015,6977.39
17911,S154,20151,2015,26.32
17918,S1542,20151,2015,359.4
17900,S1539,20151,2015,1334.07
17880,S153,20151,2015,57.02
18205,S1751,20151,2015,75.42
18212,S1754,20151,2015,231.84
18215,S1755,20151,2015,671.46
18182,S1736,20151,2015,8100.13
18165,S1730,20151,2015,2645.0099999999998
18177,S1735,20151,2015,234.64
18159,S1723,20151,2015,1385.42
17773,S1488,20151,2015,29.33
17783,S1493,20151,2015,202.54999999999998
17758,S1484,20151,2015,868.38
17764,S1487,20151,2015,2089.76
17726,S1473,20151,2015,338.76
18072,S1672,20151,2015,13.5
18078,S1676,20151,2015,148.08
18087,S1694,20151,2015,44.26
18058,S1668,20151,2015,21.83
18420,S1957,20151,2015,2894.7
18397,S193,20151,2015,2307.6
18405,S1930,20151,2015,160.68
18376,S1916,20151,2015,1094.86
18347,S1882,20151,2015,1547.1
18354,S1883,20151,2015,351.1
18336,S1868,20151,2015,145.92000000000002
17969,S1579,20151,2015,126.4
17976,S158,20151,2015,3107.5299999999997
17966,S1577,20151,2015,1572.74
17958,S1575,20151,2015,598.32
17942,S156,20151,2015,3419.43
18273,S1812,20151,2015,189.6
18253,S1792,20151,2015,3451.33
18233,S1759,20151,2015,51.02
18242,S1777,20151,2015,239.52
18598,S2090,20151,2015,4521.08
18587,S2081,20151,2015,86.43
18594,S2086,20151,2015,163.5
18578,S2078,20151,2015,3163.2
18565,S2070,20151,2015,2114.74
18538,S2037,20151,2015,69.03999999999999
18547,S2041,20151,2015,3167.7000000000003
18149,S1721,20151,2015,435.0
18124,S1706,20151,2015,252.0
18109,S1699,20151,2015,867.03
18098,S1696,20151,2015,1179.02
18069,S1670,20151,2015,104.35
18483,S20,20151,2015,728.14
18441,S1979,20151,2015,1550.77
18454,S1982,20151,2015,663.76
18425,S1971,20151,2015,3683.56
18873,S259,20151,2015,246.01
18856,S249,20151,2015,351.46000000000004
18844,S243,20151,2015,537.0
18822,S236,20151,2015,1125.93
18786,S2316,20151,2015,295.15999999999997
18725,S2206,20151,2015,90.84
18734,S2246,20151,2015,437.48
18318,S1859,20151,2015,681.83
18329,S1861,20151,2015,108.53999999999999
18302,S185,20151,2015,6414.83
18280,S1815,20151,2015,261.48
18289,S1818,20151,2015,731.6
18678,S2161,20151,2015,834.52
18652,S2143,20151,2015,138.1
18642,S213,20151,2015,26.22
18627,S2118,20151,2015,608.22
19069,S456,20151,2015,4543.5
19045,S41,20151,2015,513.32
19057,S443,20151,2015,2788.38
19038,S402,20151,2015,0.0
18983,S36,20151,2015,140.51
19000,S365,20151,2015,165.98
18972,S341,20151,2015,59.39
18523,S2024,20151,2015,1445.6000000000001
18488,S2003,20151,2015,24.23
18489,S2004,20151,2015,6897.99
18502,S2011,20151,2015,380.71000000000004
18473,S1993,20151,2015,839.62
18892,S273,20151,2015,91.82
18893,S287,20151,2015,378.53999999999996
18897,S289,20151,2015,498.9
18904,S299,20151,2015,816.97
19364,S646,20151,2015,25.21
19260,S531,20151,2015,945.27
19263,S533,20151,2015,533.14
19267,S535,20151,2015,108.48
19238,S523,20151,2015,1276.2
19257,S530,20151,2015,260.56
19227,S513,20151,2015,97.67
18744,S2250,20151,2015,93.5
18699,S2183,20151,2015,364.15000000000003
18704,S2191,20151,2015,1473.64
18662,S2144,20151,2015,1719.28
18669,S2152,20151,2015,892.87
19486,S824,20151,2015,316.88
19775,s434,20151,2015,397.26
19732,s260,20151,2015,718.46
19737,s288,20151,2015,194.5
19705,s2270,20151,2015,301.0
19710,s2311,20151,2015,630.4399999999999
19686,s2022,20151,2015,509.5
19672,s2004,20151,2015,86.4
19642,s149,20151,2015,369.76
19655,s1873,20151,2015,252.95
19630,s140,20151,2015,447.53
19620,s1212,20151,2015,761.1
19589,S980,20151,2015,106.7
19438,S751,20151,2015,1015.95
19443,S763,20151,2015,113.62
19413,S723,20151,2015,419.1
19398,S67,20151,2015,767.24
19382,S654,20151,2015,9657.73
19788,s488,20151,2015,846.47
19528,S869,20151,2015,0.0
19805,s532,20151,2015,26.939999999999998
19530,S870,20151,2015,94.72
19800,s520,20151,2015,789.72
19508,S860,20151,2015,959.2
17448,S1269,20152,2015,722.14
19383,S654,20152,2015,8873.12
19346,S607,20152,2015,99.22
16313,1187,20152,2015,1955.2
17061,67,20152,2015,928.6600000000001
19368,S647,20152,2015,798.27
18874,S259,20152,2015,3969.5499999999997
17237,S1011,20152,2015,124.42
18816,S2355,20152,2015,600.03
19807,s538,20152,2015,2083.68
19770,s414,20152,2015,630.0
19766,s410,20152,2015,1619.66
19789,s488,20152,2015,307.96
17545,S1364,20152,2015,492.6
17533,S1361,20152,2015,2968.18
18771,S2296,20152,2015,119.92
17627,S1435,20152,2015,1672.62
18059,S1668,20152,2015,2423.9900000000002
18088,S1694,20152,2015,139.43
16287,115,20152,2015,3779.4
17659,S1446,20152,2015,293.02
17422,S124,20152,2015,353.87
17407,S1222,20152,2015,552.88
16169,100,20152,2015,650.0
16544,1729,20152,2015,5607.38
17825,S1504,20152,2015,2316.75
18394,S1927,20152,2015,3652.0
18388,S1920,20152,2015,294.36
16176,1028,20152,2015,16119.73
16188,1039,20152,2015,2775.0099999999998
16497,170,20152,2015,13589.37
16580,1769,20152,2015,3203.62
18110,S1699,20152,2015,525.15
18079,S1676,20152,2015,1087.71
18027,S1620,20152,2015,17.53
16401,1506,20152,2015,1127.6599999999999
18377,S1916,20152,2015,503.81000000000006
16376,1408,20152,2015,19680.0
18366,S1892,20152,2015,75.39
17510,S1348,20152,2015,45.25
17469,S1297,20152,2015,966.25
17463,S1292,20152,2015,49.980000000000004
17854,S1524,20152,2015,62.56
16627,1850,20152,2015,308.38
16592,1793,20152,2015,413.94
18490,S2004,20152,2015,1224.4
18487,S2001,20152,2015,33.879999999999995
18398,S193,20152,2015,2193.66
19497,S852,20152,2015,245.94
16646,1871,20152,2015,5526.9
16650,1882,20152,2015,53.75
18484,S20,20152,2015,301.47999999999996
16590,1779,20152,2015,86.09
16615,1827,20152,2015,1412.52
16603,1803,20152,2015,6688.99
16220,1079,20152,2015,770.0
17493,S1334,20152,2015,183.28
19444,S763,20152,2015,858.04
19237,S522,20152,2015,0.0
19439,S751,20152,2015,1293.24
19414,S723,20152,2015,1905.0
19275,S541,20152,2015,489.0
18099,S1696,20152,2015,2077.56
17087,767,20152,2015,628.68
16370,1368,20152,2015,15489.8
16360,136,20152,2015,10132.28
18503,S2011,20152,2015,588.65
17396,S1219,20152,2015,262.17
16208,1065,20152,2015,818.82
19270,S537,20152,2015,65.77000000000001
19261,S531,20152,2015,88.5
19258,S530,20152,2015,24.2
19251,S526,20152,2015,55.77
19233,S516,20152,2015,4092.0
19254,S527,20152,2015,845.8
17096,771,20152,2015,35.92
16482,1616,20152,2015,40253.5
16999,628,20152,2015,98887.11
19509,S860,20152,2015,1849.3500000000001
19466,S78,20152,2015,343.36
16663,1898,20152,2015,1111.01
18355,S1883,20152,2015,133.45000000000002
17374,S1203,20152,2015,121.92
17338,S1186,20152,2015,3808.62
19491,S837,20152,2015,434.66
19456,S777,20152,2015,1533.76
18144,S1720,20152,2015,34.67
17617,S1434,20152,2015,56.400000000000006
17683,S1454,20152,2015,48.52
17681,S1453,20152,2015,274.0
17677,S1452,20152,2015,39.55
19218,S512,20152,2015,137.65
19208,S506,20152,2015,13.5
17361,S1192,20152,2015,621.74
17350,S1190,20152,2015,1367.03
17385,S1212,20152,2015,3530.26
18539,S2037,20152,2015,150.37
18524,S2024,20152,2015,339.87
16692,2011,20152,2015,299.2
16686,2,20152,2015,17240.0
19197,S496,20152,2015,98.2
19190,S490,20152,2015,647.0899999999999
17605,S1432,20152,2015,379.5
18150,S1721,20152,2015,1027.87
19141,S477,20152,2015,145.5
19515,S863,20152,2015,13.5
19487,S824,20152,2015,698.7
17011,630,20152,2015,2032.14
17100,791,20152,2015,71220.0
19176,S488,20152,2015,10110.64
16417,1515,20152,2015,15183.5
17847,S1521,20152,2015,4173.16
16705,226,20152,2015,90.53
16249,1119,20152,2015,297.0
17889,S1532,20152,2015,209.56
16432,1551,20152,2015,1454.31
19172,S486,20152,2015,402.72
17109,801,20152,2015,26977.16
17121,805,20152,2015,3567.1
19089,S460,20152,2015,1180.67
19086,S459,20152,2015,0.0
19560,S908,20152,2015,300.0
19549,S902,20152,2015,4199.79
19537,S888,20152,2015,94.72
19534,S877,20152,2015,126.5
18579,S2078,20152,2015,335.83
18593,S2084,20152,2015,563.2
18588,S2081,20152,2015,214.68
19576,S941,20152,2015,587.95
18010,S1610,20152,2015,155.45999999999998
18006,S1609,20152,2015,34.17
16746,328,20152,2015,114.72
16770,388,20152,2015,864.27
16766,384,20152,2015,1209.0
18566,S2070,20152,2015,350.52
18548,S2041,20152,2015,4472.0
16391,1504,20152,2015,1388.27
16389,150,20152,2015,4030.0
16239,11,20152,2015,3528.7
16724,30,20152,2015,2376.04
16722,287,20152,2015,346.64
17308,S1168,20152,2015,813.35
18348,S1882,20152,2015,1379.11
17521,S1350,20152,2015,53.22
17485,S1325,20152,2015,693.1700000000001
17484,S1322,20152,2015,320.67
18319,S1859,20152,2015,1464.11
18303,S185,20152,2015,331.93
16749,349,20152,2015,125.5
17702,S1462,20152,2015,1441.92
19129,S474,20152,2015,17.53
17566,S1376,20152,2015,513.3000000000001
17690,S1457,20152,2015,146.62
18018,S1616,20152,2015,50.85
16950,586,20152,2015,1227.5
16979,610,20152,2015,217.08
19101,S464,20152,2015,172.5
19146,S479,20152,2015,424.82
19107,S467,20152,2015,1524.08
18166,S1730,20152,2015,5723.110000000001
17290,S1141,20152,2015,80.06
16259,112,20152,2015,2877.05
17759,S1484,20152,2015,476.38
19070,S456,20152,2015,15820.16
19052,S42,20152,2015,795.81
17145,819,20152,2015,114.66
17133,81,20152,2015,1284.9099999999999
19043,S409,20152,2015,198.5
19602,s0001,20152,2015,0.0
19590,S980,20152,2015,106.7
19568,S921,20152,2015,34.58
19581,S964,20152,2015,32.54
19034,S401,20152,2015,90.09
16781,393,20152,2015,97.5
18628,S2118,20152,2015,3631.7200000000003
17304,S1155,20152,2015,256.51
19615,s110,20152,2015,373.03000000000003
19611,s1075,20152,2015,203.97
19065,S453,20152,2015,211.75
18671,S2158,20152,2015,569.02
17299,S1145,20152,2015,445.8
16804,441,20152,2015,894.31
16794,431,20152,2015,2064.46
16788,430,20152,2015,247.4
16825,477,20152,2015,79.44
18599,S2090,20152,2015,955.5
18297,S184,20152,2015,56.879999999999995
18653,S2143,20152,2015,141.89
18615,S2110,20152,2015,162.45999999999998
16354,1351,20152,2015,151.1
16342,13,20152,2015,82.75999999999999
16340,1287,20152,2015,27.47
19014,S381,20152,2015,125.5
18194,S1737,20152,2015,1090.0
18183,S1736,20152,2015,13436.98
19656,s1873,20152,2015,274.0
17977,S158,20152,2015,159.62
17278,S1104,20152,2015,260.44
16469,1607,20152,2015,2369.2799999999997
18620,S2116,20152,2015,136.12
16442,1556,20152,2015,720.0
17765,S1487,20152,2015,514.1700000000001
19029,S399,20152,2015,405.4
19028,S392,20152,2015,33.5
16386,1424,20152,2015,1177.88
19024,S386,20152,2015,16.73
19631,s140,20152,2015,68.87
19621,s1212,20152,2015,285.85
16810,446,20152,2015,1575.0
16838,494,20152,2015,202.67000000000002
16850,503,20152,2015,970.2
17280,S1106,20152,2015,34.15
19039,S402,20152,2015,64.78
19009,S379,20152,2015,13479.51
19008,S370,20152,2015,71.92
17187,99,20152,2015,440.25
17582,S1382,20152,2015,518.1
17575,S1378,20152,2015,533.1
16973,608,20152,2015,38.5
16967,605,20152,2015,174.25
19001,S365,20152,2015,35.739999999999995
19015,S382,20152,2015,43.11
17156,84,20152,2015,731.0
17154,829,20152,2015,8019.25
18949,S318,20152,2015,2958.7
16302,1160,20152,2015,108.26
19684,s202,20152,2015,251.16
19673,s2004,20152,2015,81.54
17919,S1542,20152,2015,251.01
18274,S1812,20152,2015,250.82
18663,S2144,20152,2015,698.8299999999999
18692,S2176,20152,2015,0.0
18691,S2170,20152,2015,203.64
16858,509,20152,2015,742.22
16855,507,20152,2015,130.1
16868,526,20152,2015,202.72
18705,S2191,20152,2015,635.71
18700,S219,20152,2015,107.21
17562,S1368,20152,2015,275.03
16815,471,20152,2015,1185.7
19715,s236,20152,2015,13.5
19738,s288,20152,2015,24.32
16293,116,20152,2015,15748.0
19821,s654,20152,2015,818.2
18726,S2206,20152,2015,1793.16
18716,S2193,20152,2015,169.26
18679,S2161,20152,2015,275.85
16890,535,20152,2015,1351.4699999999998
17901,S1539,20152,2015,491.35
19667,s1977,20152,2015,116.85
18939,S312,20152,2015,671.78
17176,920,20152,2015,5438.88
17173,90,20152,2015,441.65000000000003
18216,S1755,20152,2015,171.94
18206,S1751,20152,2015,322.26
19687,s2022,20152,2015,791.5699999999999
16953,59,20152,2015,5103.4
18270,S1809,20152,2015,127.1
18290,S1818,20152,2015,512.8299999999999
18286,S1816,20152,2015,37.870000000000005
17912,S154,20152,2015,26.32
17884,S1531,20152,2015,80.06
16494,1641,20152,2015,577.85
16518,1712,20152,2015,5313.0
16269,1130,20152,2015,1449.84
17959,S1575,20152,2015,209.18
17718,S1468,20152,2015,341.79
17717,S1467,20152,2015,24.5
18224,S1756,20152,2015,965.05
16457,1602,20152,2015,11205.33
16938,58,20152,2015,0.0
16936,577,20152,2015,864.8
18254,S1792,20152,2015,1011.25
18250,S1783,20152,2015,156.7
18243,S1777,20152,2015,13.5
17256,S1022,20152,2015,56.64
17222,S0001,20152,2015,0.0
16880,534,20152,2015,869.12
19802,s531,20152,2015,26.6
19801,s520,20152,2015,1250.4
19799,s512,20152,2015,73.72
16929,569,20152,2015,118.08
18915,S3,20152,2015,713.86
18928,S302,20152,2015,726.05
18905,S299,20152,2015,1064.13
17203,IR39,20152,2015,33.0
17943,S156,20152,2015,249.43
19742,s293,20152,2015,587.62
18761,S2289,20152,2015,553.4
17935,S1555,20152,2015,21.55
17934,S1553,20152,2015,273.45
16920,562,20152,2015,1720.0
18807,S2352,20152,2015,0.0
18805,S2341,20152,2015,1351.48
18780,S2312,20152,2015,818.8
18898,S289,20152,2015,1624.71
18894,S287,20152,2015,97.41
17523,S1354,20152,2015,243.64
18868,S25,20152,2015,37.11
18857,S249,20152,2015,492.18
18823,S236,20152,2015,913.84
18851,S247,20152,2015,17.95
18845,S243,20152,2015,1568.6
17727,S1473,20152,2015,27.0
16575,1758,20152,2015,6487.5
17866,S1527,20152,2015,714.6800000000001
17840,S1518,20152,2015,318.78
17856,S1526,20152,2015,218.81
18474,S1993,20152,2015,224.6
17430,S1252,20152,2015,373.17
18048,S1646,20152,2015,445.3
18067,S167,20152,2015,59.26
17075,75,20152,2015,4162.7699999999995
17072,72,20152,2015,24294.49
19399,S67,20152,2015,2389.54
17017,634,20152,2015,437.3
17015,632,20152,2015,3465.5
17012,631,20152,2015,11548.74
18455,S1982,20152,2015,0.0
18422,S1968,20152,2015,1373.15
16198,106,20152,2015,739.5
16230,1082,20152,2015,648.5
16556,1746,20152,2015,837.56
18426,S1971,20152,2015,1978.16
17435,S1265,20152,2015,337.03000000000003
16506,1704,20152,2015,357.5
17801,S15,20152,2015,1697.78
16528,1718,20152,2015,13.5
17802,S15,20153,2015,1662.72
17813,S1500,20153,2015,1471.77
18427,S1971,20153,2015,516.5699999999999
16557,1746,20153,2015,1091.04
16581,1769,20153,2015,297.06
16199,106,20153,2015,0.0
16231,1082,20153,2015,270.4
18456,S1982,20153,2015,1781.57
16519,1712,20153,2015,10041.76
18414,S1952,20153,2015,92.72
17436,S1265,20153,2015,599.12
19384,S654,20153,2015,9323.94
19347,S607,20153,2015,162.9
19333,S592,20153,2015,257.02
17062,67,20153,2015,346.86
19369,S647,20153,2015,239.10000000000002
17021,636,20153,2015,0.0
16177,1028,20153,2015,6870.91
17723,S1472,20153,2015,150.66
16450,158,20153,2015,915.39
18875,S259,20153,2015,1407.35
18817,S2355,20153,2015,354.14
19782,s456,20153,2015,0.0
19776,s434,20153,2015,131.62
19767,s410,20153,2015,1304.42
19790,s488,20153,2015,124.96
18837,S24,20153,2015,702.05
18234,S1759,20153,2015,66.1
17524,S1354,20153,2015,1225.42
18765,S2290,20153,2015,437.4
17931,S1548,20153,2015,131.14
18808,S2352,20153,2015,4934.43
18781,S2314,20153,2015,417.28
18885,S262,20153,2015,54.480000000000004
18225,S1756,20153,2015,326.65
18858,S249,20153,2015,691.65
18824,S236,20153,2015,5501.38
19752,s3,20153,2015,50.739999999999995
19743,s293,20153,2015,659.3
17728,S1473,20153,2015,311.46
18255,S1792,20153,2015,1310.18
17223,S0001,20153,2015,0.0
18757,S2280,20153,2015,104.43
18755,S2263,20153,2015,346.44
19784,s467,20153,2015,135.39
16926,563,20153,2015,124.44
18906,S299,20153,2015,3033.18
17204,IR39,20153,2015,259.54
17199,IR19,20153,2015,53.68
17215,IR80,20153,2015,207.0
17944,S156,20153,2015,695.0
19733,s260,20153,2015,720.52
19729,s26,20153,2015,135.4
16954,59,20153,2015,2790.37
16939,58,20153,2015,494.55
16921,562,20153,2015,2000.0
18798,S2330,20153,2015,284.4
18792,S2321,20153,2015,121.64
18790,S232,20153,2015,462.86
18287,S1816,20153,2015,37.870000000000005
18265,S1802,20153,2015,680.0
17913,S154,20153,2015,373.17
16294,116,20153,2015,3937.0
17960,S1575,20153,2015,62.3
16458,1602,20153,2015,9327.44
16454,16,20153,2015,151.88
19716,s236,20153,2015,3875.55
19711,s2311,20153,2015,386.7
19739,s288,20153,2015,35.14
18916,S3,20153,2015,1064.36
19822,s654,20153,2015,2663.65
18723,S2202,20153,2015,304.17
18717,S2193,20153,2015,728.16
18680,S2161,20153,2015,396.62
16891,535,20153,2015,1332.09
17741,S1480,20153,2015,33.27
17737,S1478,20153,2015,361.18
17902,S1539,20153,2015,981.84
17920,S1542,20153,2015,928.7099999999999
19665,s1893,20153,2015,213.51
17188,99,20153,2015,7229.66
17177,920,20153,2015,1079.8
16447,1575,20153,2015,79.56
17546,S1364,20153,2015,135.04
18211,S1752,20153,2015,49.93
18204,S1750,20153,2015,38.0
17171,863,20153,2015,83.5
19688,s2022,20153,2015,240.33
18995,S361,20153,2015,141.72
18950,S318,20153,2015,1158.66
18940,S312,20153,2015,1088.56
17713,S1465,20153,2015,75.17
18929,S302,20153,2015,302.61
16318,12000,20153,2015,7210.58
16314,1187,20153,2015,546.6
17211,IR4,20153,2015,964.19
19698,s2259,20153,2015,154.66
19697,s2165,20153,2015,295.63
19674,s2004,20153,2015,15575.349999999999
19668,s1977,20153,2015,104.25999999999999
18750,S2252,20153,2015,110.25
17511,S1348,20153,2015,272.36
18664,S2144,20153,2015,257.83
18693,S2177,20153,2015,93.56
16859,509,20153,2015,512.88
16839,494,20153,2015,377.61
16869,526,20153,2015,4129.12
16270,1130,20153,2015,5151.67
18706,S2191,20153,2015,826.05
18701,S219,20153,2015,183.65
17522,S1350,20153,2015,420.78
17563,S1368,20153,2015,102.32
17555,S1367,20153,2015,180.69
16816,471,20153,2015,498.0
16811,446,20153,2015,3150.0
16851,503,20153,2015,0.0
19010,S379,20153,2015,564.0
18217,S1755,20153,2015,805.67
18202,S1745,20153,2015,98.53
19657,s1873,20153,2015,369.69
16974,608,20153,2015,0.0
16930,569,20153,2015,32.08
16965,601,20153,2015,1175.3799999999999
17157,84,20153,2015,164.3
18984,S36,20153,2015,1322.43
18195,S1737,20153,2015,647.24
18184,S1736,20153,2015,8833.51
16392,1504,20153,2015,2876.9700000000003
19645,s1721,20153,2015,11.43
17978,S158,20153,2015,375.0
19042,S404,20153,2015,142.54
17276,S1087,20153,2015,81.38
17265,S1069,20153,2015,63.339999999999996
17262,S103,20153,2015,124.24
16433,1551,20153,2015,2814.31
16470,1607,20153,2015,19139.0
18621,S2116,20153,2015,169.24
16443,1556,20153,2015,115.5
17774,S1488,20153,2015,312.24
18687,S2165,20153,2015,403.0
18648,S2141,20153,2015,1715.84
18672,S2158,20153,2015,2866.54
16387,1424,20153,2015,60.0
19002,S365,20153,2015,781.1
19018,S385,20153,2015,341.28
19632,s140,20153,2015,1149.52
19619,s1190,20153,2015,143.86
19612,s1075,20153,2015,13.5
19603,s0001,20153,2015,0.0
18670,S2152,20153,2015,241.23
18643,S213,20153,2015,13.5
18281,S1815,20153,2015,13.5
17300,S1145,20153,2015,320.92
17291,S1141,20153,2015,50.5
16805,441,20153,2015,3101.2200000000003
16795,431,20153,2015,879.6
18616,S2110,20153,2015,129.07999999999998
18600,S2090,20153,2015,269.62
17534,S1361,20153,2015,7847.49
18654,S2143,20153,2015,111.24000000000001
16355,1351,20153,2015,278.4
16331,1270,20153,2015,13.5
16260,112,20153,2015,2556.45
17896,S1534,20153,2015,41.9
16786,417,20153,2015,46.8
19051,S415,20153,2015,980.0
19081,S458,20153,2015,130.66
17146,819,20153,2015,0.0
17134,81,20153,2015,1617.24
19598,S995,20153,2015,135.17000000000002
19591,S980,20153,2015,23.3
18629,S2118,20153,2015,31.5
17309,S1168,20153,2015,305.49
17272,S108,20153,2015,2100.7999999999997
17486,S1325,20153,2015,2279.02
18313,S1858,20153,2015,50.5
18304,S185,20153,2015,570.03
18301,S1846,20153,2015,213.39
16750,349,20153,2015,41.92
18004,S1608,20153,2015,350.52
19130,S474,20153,2015,73.96
17567,S1376,20153,2015,2394.88
19066,S453,20153,2015,706.02
17691,S1457,20153,2015,301.65
17688,S1456,20153,2015,117.66
19577,S941,20153,2015,433.84000000000003
19071,S456,20153,2015,5157.0
19147,S479,20153,2015,433.36
18151,S1721,20153,2015,1023.38
18121,S1703,20153,2015,66.1
19108,S467,20153,2015,403.5
18178,S1735,20153,2015,704.4
18167,S1730,20153,2015,3513.68
17597,S1425,20153,2015,167.51
19102,S464,20153,2015,246.2
19569,S921,20153,2015,6.83
18041,S1630,20153,2015,182.58
16771,388,20153,2015,862.4399999999999
18567,S2070,20153,2015,2611.55
18564,S2055,20153,2015,4854.05
18561,S2052,20153,2015,56.61
18553,S2046,20153,2015,276.3
18549,S2041,20153,2015,223.2
16422,1530,20153,2015,0.0
16240,11,20153,2015,2007.54
16738,327,20153,2015,646.73
16725,30,20153,2015,5411.51
17339,S1186,20153,2015,567.4
18349,S1882,20153,2015,926.1800000000001
17516,S1349,20153,2015,0.0
16706,226,20153,2015,87.68
16408,1512,20153,2015,1759.02
19138,S476,20153,2015,539.66
17110,801,20153,2015,11921.93
17122,805,20153,2015,1897.7
19090,S460,20153,2015,87.86
19561,S908,20153,2015,69.5
19550,S902,20153,2015,4291.47
19546,S90,20153,2015,225.0
18298,S184,20153,2015,16.66
18337,S1868,20153,2015,947.61
18540,S2037,20153,2015,1810.98
18534,S203,20153,2015,86.34
18533,S2026,20153,2015,55.44
18525,S2024,20153,2015,554.62
16697,2031,20153,2015,217.18
16693,2011,20153,2015,422.65
16687,2,20153,2015,72857.5
19191,S490,20153,2015,469.76
19529,S869,20153,2015,0.0
19498,S852,20153,2015,2872.29
19516,S863,20153,2015,2016.0
19488,S824,20153,2015,396.1
19177,S488,20153,2015,11587.11
16685,1995,20153,2015,1350.9
16719,262,20153,2015,43.74
16716,257,20153,2015,123.91
16710,255,20153,2015,148.26
16649,1877,20153,2015,2530.8
16647,1871,20153,2015,75.0
16680,1923,20153,2015,4543.889999999999
16664,1898,20153,2015,1700.75
17379,S1206,20153,2015,76.74
17375,S1203,20153,2015,13.5
19492,S837,20153,2015,350.0
19457,S777,20153,2015,2285.38
17585,S1388,20153,2015,416.32
18134,S1712,20153,2015,2204.87
17000,628,20153,2015,33931.34
18015,S1614,20153,2015,299.70000000000005
19209,S510,20153,2015,329.43
17351,S1190,20153,2015,1099.44
16343,13,20153,2015,148.5
16372,140,20153,2015,367.0
16329,1245,20153,2015,53.7
16361,136,20153,2015,2383.17
18504,S2011,20153,2015,0.0
17397,S1219,20153,2015,1662.75
16209,1065,20153,2015,686.85
19255,S527,20153,2015,63.95
16483,1616,20153,2015,58579.2
19510,S860,20153,2015,62.1
19467,S78,20153,2015,842.6199999999999
16638,1863,20153,2015,76.5
16651,1882,20153,2015,805.32
18485,S20,20153,2015,543.34
16616,1827,20153,2015,553.29
16604,1803,20153,2015,9616.74
16221,1079,20153,2015,1302.51
17386,S1212,20153,2015,2322.94
17494,S1334,20153,2015,122.94000000000001
19445,S763,20153,2015,631.7
17645,S1442,20153,2015,1071.6
17076,75,20153,2015,2356.05
18125,S1706,20153,2015,310.06
17606,S1432,20153,2015,261.56
19476,S816,20153,2015,265.06
19440,S751,20153,2015,36.42
19423,S749,20153,2015,1367.24
19415,S723,20153,2015,1270.0
19278,S543,20153,2015,184.94
19276,S541,20153,2015,207.0
18075,S1674,20153,2015,94.92
18100,S1696,20153,2015,100.15
18060,S1668,20153,2015,1701.3600000000001
19286,S545,20153,2015,1050.0
18089,S1694,20153,2015,125.4
18111,S1699,20153,2015,1670.8899999999999
18080,S1676,20153,2015,343.05
18028,S1622,20153,2015,88.36
18021,S1619,20153,2015,13.5
18019,S1618,20153,2015,82.59
18378,S1916,20153,2015,1179.9299999999998
16377,1408,20153,2015,19680.0
18475,S1993,20153,2015,1101.76
17478,S1307,20153,2015,354.0
17470,S1297,20153,2015,1376.61
17465,S1294,20153,2015,76.5
16626,1830,20153,2015,138.72
16593,1793,20153,2015,355.5
18491,S2004,20153,2015,38492.73
18395,S1927,20153,2015,231.0
16576,1758,20153,2015,808.1999999999999
17867,S1527,20153,2015,1258.89
17841,S1518,20153,2015,387.59000000000003
17857,S1526,20153,2015,924.9
18049,S1646,20153,2015,334.23
19362,S642,20153,2015,20.0
17073,72,20153,2015,52128.0
19400,S67,20153,2015,7587.37
17018,635,20153,2015,169.2
17016,632,20153,2015,541.65
19428,S75,20153,2015,618.5600000000001
16280,1144,20153,2015,451.0
18406,S1932,20153,2015,28.43
18399,S193,20153,2015,479.14
18055,S1664,20153,2015,92.34
18084,S1693,20153,2015,22.7
17670,S1448,20153,2015,995.4
16288,115,20153,2015,18395.0
19378,S65,20153,2015,88.02
17660,S1446,20153,2015,243.0
17655,S1443,20153,2015,71.75
17420,S123,20153,2015,189.07
18465,S1983,20153,2015,4743.48
16507,1704,20153,2015,681.2
16545,1729,20153,2015,17101.82
17848,S1521,20153,2015,350.1
17788,S1497,20153,2015,31.89
18423,S1968,20153,2015,1667.2
17459,S1273,20153,2015,41.9
17449,S1269,20153,2015,2004.9
16170,100,20153,2015,218.92000000000002
16189,1039,20153,2015,20649.37
16210,1065,20154,2015,1088.3600000000001
17471,S1297,20154,2015,28.18
17437,S1265,20154,2015,1018.7
16200,106,20154,2015,877.3000000000001
16558,1746,20154,2015,1414.05
19365,S646,20154,2015,213.51
19385,S654,20154,2015,13620.4
17026,642,20154,2015,481.95
17851,S1523,20154,2015,1895.22
19675,s2004,20154,2015,548.8299999999999
17979,S158,20154,2015,143.25
17970,S1579,20154,2015,309.92
18320,S1859,20154,2015,464.07
17324,S118,20154,2015,794.0699999999999
16665,1898,20154,2015,511.46000000000004
17709,S1463,20154,2015,70.3
17668,S1447,20154,2015,171.94
17661,S1446,20154,2015,31.23
16289,115,20154,2015,4578.69
18050,S1646,20154,2015,80.17
18061,S1668,20154,2015,73.5
16508,1704,20154,2015,633.1
18407,S1932,20154,2015,105.92
18428,S1971,20154,2015,2042.48
16535,1726,20154,2015,405.1
16566,1751,20154,2015,2303.0
17826,S1504,20154,2015,21.57
17814,S1500,20154,2015,373.27000000000004
16171,100,20154,2015,144.3
17837,S1514,20154,2015,19.45
16190,1039,20154,2015,8665.51
17022,638,20154,2015,0.0
17842,S1518,20154,2015,106.82
18466,S1983,20154,2015,27.39
17423,S124,20154,2015,73.46
19429,S75,20154,2015,762.05
16835,488,20154,2015,37.1
16826,477,20154,2015,1575.0
16849,499,20154,2015,523.39
18707,S2191,20154,2015,2236.37
17273,S108,20154,2015,567.6
17249,S1021,20154,2015,1018.76
16840,494,20154,2015,2070.08
16870,526,20154,2015,1829.59
16860,509,20154,2015,231.55
18735,S2246,20154,2015,109.5
19397,S665,20154,2015,13.5
19394,S655,20154,2015,54.5
19401,S67,20154,2015,4661.3
17646,S1442,20154,2015,0.0
19301,S552,20154,2015,71.28
19293,S547,20154,2015,12340.77
17077,75,20154,2015,2703.73
18727,S2206,20154,2015,138.78
16892,535,20154,2015,47.52
17742,S1480,20154,2015,40.2
17903,S1539,20154,2015,532.79
17784,S1494,20154,2015,449.28
16444,1561,20154,2015,5327.0
17766,S1487,20154,2015,253.8
18688,S2165,20154,2015,135.82999999999998
18649,S2141,20154,2015,107.24
17019,635,20154,2015,169.2
17868,S1527,20154,2015,3758.96
19468,S78,20154,2015,0.0
19424,S749,20154,2015,112.82
19419,S73,20154,2015,375.57
19416,S723,20154,2015,635.0
19279,S543,20154,2015,708.54
19259,S530,20154,2015,0.0
17088,767,20154,2015,138.06
18090,S1694,20154,2015,32.59
18641,S2125,20154,2015,118.74000000000001
17921,S1542,20154,2015,42.5
18266,S1802,20154,2015,1020.0
16295,116,20154,2015,7874.0
19823,s654,20154,2015,201.95999999999998
18112,S1699,20154,2015,10.7
19446,S763,20154,2015,1589.67
16402,1506,20154,2015,54.1
18782,S2314,20154,2015,217.14
18762,S2289,20154,2015,750.06
16409,1512,20154,2015,627.49
19239,S523,20154,2015,160.4
18126,S1706,20154,2015,252.0
17640,S1438,20154,2015,258.58000000000004
17607,S1432,20154,2015,715.81
18457,S1982,20154,2015,551.49
17224,S0001,20154,2015,0.0
18751,S2252,20154,2015,90.22
16915,56,20154,2015,72.99000000000001
16881,534,20154,2015,194.11
16434,1551,20154,2015,0.0
16471,1607,20154,2015,27042.78
18622,S2116,20154,2015,110.78
18617,S2110,20154,2015,142.18
17589,S1392,20154,2015,8.3
16484,1616,20154,2015,43761.9
19458,S777,20154,2015,601.6
19477,S816,20154,2015,32.96
19246,S525,20154,2015,1297.9
19810,s545,20154,2015,509.0
18806,S2341,20154,2015,1630.0099999999998
18256,S1792,20154,2015,3191.05
18244,S1777,20154,2015,788.56
18825,S236,20154,2015,4294.44
18818,S2355,20154,2015,89.46
17238,S1011,20154,2015,1278.0
16817,471,20154,2015,501.8
18799,S2330,20154,2015,217.25
18793,S2321,20154,2015,0.0
18791,S232,20154,2015,429.36
17672,S1451,20154,2015,406.1
19198,S496,20154,2015,350.0
16628,1850,20154,2015,427.85
18492,S2004,20154,2015,23648.12
18486,S20,20154,2015,52.5
18476,S1993,20154,2015,330.01
17234,S1008,20154,2015,285.2
18809,S2352,20154,2015,494.15999999999997
19768,s410,20154,2015,684.24
16806,441,20154,2015,188.20999999999998
16800,44,20154,2015,1028.16
16796,431,20154,2015,188.82
16271,1130,20154,2015,2702.64
18601,S2090,20154,2015,1253.93
18330,S1861,20154,2015,45.5
17408,S1222,20154,2015,1462.09
17111,801,20154,2015,28047.17
17618,S1434,20154,2015,253.22
18135,S1712,20154,2015,184.18
17101,791,20154,2015,235.51
17001,628,20154,2015,188479.28
17684,S1454,20154,2015,340.7
17535,S1361,20154,2015,6038.4
19791,s488,20154,2015,4500.9
19785,s467,20154,2015,812.4
19758,s362,20154,2015,283.92
18838,S24,20154,2015,3448.93
18235,S1759,20154,2015,105.3
17525,S1354,20154,2015,208.42999999999998
18834,S239,20154,2015,17.73
18859,S249,20154,2015,244.03
17678,S1452,20154,2015,150.8
19173,S486,20154,2015,101.04
19171,S485,20154,2015,175.94
16617,1827,20154,2015,460.0
16222,1079,20154,2015,205.9
19744,s293,20154,2015,131.8
17954,S1563,20154,2015,56.22
18630,S2118,20154,2015,103.5
17305,S1155,20154,2015,73.6
16772,388,20154,2015,276.07
17724,S1472,20154,2015,75.7
17387,S1212,20154,2015,1535.66
18374,S1915,20154,2015,621.6
16378,1408,20154,2015,19680.0
18512,S2014,20154,2015,35.07
19158,S481,20154,2015,813.0100000000001
19148,S479,20154,2015,451.35
16362,136,20154,2015,1598.85
18501,S2007,20154,2015,186.45
17398,S1219,20154,2015,198.35000000000002
16673,1903,20154,2015,922.48
18876,S259,20154,2015,714.03
18872,S251,20154,2015,157.01999999999998
17194,IR11,20154,2015,767.0
17216,IR81,20154,2015,343.79
19740,s288,20154,2015,1322.81
17318,S1173,20154,2015,301.76
17858,S1526,20154,2015,1750.0
19499,S852,20154,2015,1575.0
19517,S863,20154,2015,897.2
19511,S860,20154,2015,272.7
19178,S488,20154,2015,13650.59
19188,S489,20154,2015,22.630000000000003
17123,805,20154,2015,2722.5
19521,S866,20154,2015,236.8
19551,S902,20154,2015,31282.66
19547,S90,20154,2015,270.0
19535,S877,20154,2015,94.72
19531,S870,20154,2015,100.28999999999999
16940,58,20154,2015,768.6
18891,S269,20154,2015,111.62
18226,S1756,20154,2015,560.0
16459,1602,20154,2015,864.23
19723,s257,20154,2015,132.2
19706,s2281,20154,2015,103.1
18941,S312,20154,2015,895.1
18917,S3,20154,2015,404.1
18152,S1721,20154,2015,1203.71
19109,S467,20154,2015,4311.219999999999
17787,S1495,20154,2015,101.04
17803,S15,20154,2015,1117.23
17777,S1489,20154,2015,69.72
16660,1897,20154,2015,35.5
18356,S1883,20154,2015,13.5
17348,S1187,20154,2015,414.3
18907,S299,20154,2015,572.66
18899,S289,20154,2015,449.70000000000005
17310,S1168,20154,2015,18.78
17487,S1325,20154,2015,683.03
16751,349,20154,2015,274.17
16739,327,20154,2015,33107.65
16760,356,20154,2015,147.66
17376,S1203,20154,2015,319.62
19131,S474,20154,2015,181.56
17158,84,20154,2015,565.0
17995,S1597,20154,2015,1600.07
19578,S941,20154,2015,154.71
19072,S456,20154,2015,7722.5
19067,S453,20154,2015,22.58
19049,S410,20154,2015,2644.2999999999997
18168,S1730,20154,2015,1784.6299999999999
16448,1575,20154,2015,113.66
17547,S1364,20154,2015,261.13
18207,S1751,20154,2015,74.1
19689,s2022,20154,2015,66.84
17961,S1575,20154,2015,24.4
17714,S1465,20154,2015,760.6
18966,S331,20154,2015,200.92
17592,S1402,20154,2015,82.62
19543,S89,20154,2015,124.88
17695,S1459,20154,2015,52.17
17568,S1376,20154,2015,980.79
17565,S1370,20154,2015,13.5
16986,618,20154,2015,1028.02
17368,S1198,20154,2015,547.89
17352,S1190,20154,2015,286.59000000000003
16319,12000,20154,2015,52128.0
17178,920,20154,2015,739.0
19685,s202,20154,2015,87.14
19696,s2125,20154,2015,47.72
16425,1540,20154,2015,10376.2
16423,1530,20154,2015,498.0
16737,323,20154,2015,95.66
16373,140,20154,2015,0.0
18338,S1868,20154,2015,101.64
18541,S2037,20154,2015,4.25
17686,S1455,20154,2015,50.5
19592,S980,20154,2015,23.3
18535,S2030,20154,2015,87.66
18568,S2070,20154,2015,636.12
18526,S2024,20154,2015,466.66
17363,S1193,20154,2015,13.5
16698,2031,20154,2015,63.82
16726,30,20154,2015,850.32
16232,1082,20154,2015,997.1
17169,86,20154,2015,38.61
18199,S1739,20154,2015,38.4
17576,S1378,20154,2015,525.6
18930,S302,20154,2015,36.43
19658,s1873,20154,2015,302.9
16931,569,20154,2015,1104.94
16966,601,20154,2015,492.84999999999997
16963,596,20154,2015,25999.96
17703,S1462,20154,2015,527.68
19035,S401,20154,2015,35.87
19025,S386,20154,2015,221.54
19633,s140,20154,2015,90.78
19616,s110,20154,2015,237.73000000000002
19053,S432,20154,2015,183.9
16955,59,20154,2015,7539.42
19011,S379,20154,2015,22.73
18975,S345,20154,2015,79.31
18999,S364,20154,2015,153.5
18996,S361,20154,2015,62.41
18951,S318,20154,2015,22.73
18985,S36,20154,2015,1091.71
18185,S1736,20154,2015,9488.52
16393,1504,20154,2015,1063.0900000000001
17135,81,20154,2015,1359.4499999999998
16281,1144,20154,2015,187.66
17628,S1435,20154,2015,845.02
16582,1769,20154,2015,476.87
16605,1803,20154,2015,22398.5
18415,S1952,20154,2015,32.1
16498,170,20154,2015,2224.07
16529,1718,20154,2015,266.65999999999997
16546,1729,20154,2015,7413.52
18638,S2121,20154,2015,179.72
18282,S1815,20154,2015,88.5
18305,S185,20154,2015,1572.16
17556,S1367,20154,2015,102.4
17512,S1348,20154,2015,281.19
16813,463,20154,2015,638.66
18400,S193,20154,2015,34.260000000000005
18056,S1664,20154,2015,29.33
17023,639,20154,2015,1252.0
17024,640,20154,2015,487.3
16520,1712,20154,2015,30535.56
17450,S1269,20154,2015,2255.21
17792,S1498,20154,2015,353.97
16178,1028,20154,2015,87008.46
17789,S1497,20155,2015,158.5
16201,106,20155,2015,39.379999999999995
18393,S1926,20155,2015,13.5
17451,S1269,20155,2015,1693.31
16521,1712,20155,2015,1581.0
17025,641,20155,2015,128.08
17020,635,20155,2015,169.2
16172,100,20155,2015,504.62
16179,1028,20155,2015,40738.84
17438,S1265,20155,2015,260.78
19334,S592,20155,2015,547.87
17063,67,20155,2015,1085.42
17037,646,20155,2015,230.2
17036,645,20155,2015,663.2
17028,644,20155,2015,550.71
17027,643,20155,2015,2173.2
17793,S1498,20155,2015,229.38
19640,s148,20155,2015,392.94
19629,s13,20155,2015,104.3
18321,S1859,20155,2015,141.94
17488,S1325,20155,2015,1464.67
17325,S118,20155,2015,257.7
18542,S2037,20155,2015,324.84
16707,226,20155,2015,87.68
17890,S1532,20155,2015,706.13
17885,S1531,20155,2015,106.52
17729,S1473,20155,2015,65.41
19040,S402,20155,2015,48.0
19003,S365,20155,2015,170.1
19016,S382,20155,2015,91.84
17967,S1577,20155,2015,142.19
19613,s1075,20155,2015,13.5
19604,s0001,20155,2015,0.0
19058,S443,20155,2015,1356.8
17147,819,20155,2015,13.5
17136,81,20155,2015,1501.0
16956,59,20155,2015,307.85
19012,S379,20155,2015,22.73
18976,S345,20155,2015,49.86
18952,S318,20155,2015,3388.94
18986,S36,20155,2015,881.22
18186,S1736,20155,2015,8220.19
16394,1504,20155,2015,3488.08
19599,S995,20155,2015,43.33
19593,S980,20155,2015,865.0
18569,S2070,20155,2015,388.25
18527,S2024,20155,2015,1236.26
18520,S202,20155,2015,19.18
17362,S1192,20155,2015,504.56
16699,2031,20155,2015,252.6
16694,2011,20155,2015,58.68
16681,1923,20155,2015,217.84
19666,s1893,20155,2015,66.67
17189,99,20155,2015,1460.51
18200,S1739,20155,2015,88.2
18934,S304,20155,2015,0.0
16932,569,20155,2015,1101.89
16968,607,20155,2015,0.0
19582,S964,20155,2015,65.46000000000001
19579,S941,20155,2015,38.42
16363,136,20155,2015,8255.14
16379,1408,20155,2015,19680.0
16987,618,20155,2015,1574.42
17369,S1198,20155,2015,229.46
18517,S2017,20155,2015,80.17
18516,S2015,20155,2015,234.6
17353,S1190,20155,2015,2701.57
16344,13,20155,2015,157.76
16374,140,20155,2015,0.0
17179,920,20155,2015,1425.25
17957,S1571,20155,2015,23.689999999999998
19676,s2004,20155,2015,144.0
19669,s1977,20155,2015,563.44
16426,1540,20155,2015,2075.3
18572,S2072,20155,2015,855.02
18589,S2081,20155,2015,28.22
17340,S1186,20155,2015,492.0
16727,30,20155,2015,251.1
17980,S158,20155,2015,536.9799999999999
19073,S456,20155,2015,6659.09
19046,S41,20155,2015,270.42
19082,S458,20155,2015,185.15
18169,S1730,20155,2015,1018.64
17598,S1425,20155,2015,1450.12
16449,1575,20155,2015,588.33
17548,S1364,20155,2015,42.34
18208,S1751,20155,2015,63.45
19690,s2022,20155,2015,2606.38
17962,S1575,20155,2015,385.20000000000005
17715,S1465,20155,2015,164.1
18967,S334,20155,2015,70.3
16303,1160,20155,2015,24576.95
16296,116,20155,2015,11811.0
19103,S464,20155,2015,162.14
17696,S1459,20155,2015,402.0
17804,S15,20155,2015,360.41
17775,S1488,20155,2015,146.4
16661,1897,20155,2015,35.5
18357,S1883,20155,2015,92.72
17377,S1203,20155,2015,46.5
18908,S299,20155,2015,1704.8600000000001
18900,S289,20155,2015,596.5
17315,S1169,20155,2015,133.12
17311,S1168,20155,2015,783.4100000000001
17481,S1320,20155,2015,178.76
18314,S1858,20155,2015,483.9
16752,349,20155,2015,260.51
16740,327,20155,2015,148.85
16761,356,20155,2015,38.7
17692,S1457,20155,2015,20.75
17159,84,20155,2015,615.29
17124,805,20155,2015,17382.15
19121,S471,20155,2015,98.7
19522,S866,20155,2015,316.1
19552,S902,20155,2015,12923.88
19110,S467,20155,2015,18933.940000000002
18886,S262,20155,2015,103.24
18227,S1756,20155,2015,439.6
16460,1602,20155,2015,332.18
19724,s257,20155,2015,41.9
19717,s236,20155,2015,38.9
19707,s2281,20155,2015,267.1
18942,S312,20155,2015,1835.49
18918,S3,20155,2015,811.97
18136,S1712,20155,2015,318.71
18153,S1721,20155,2015,3929.69
18122,S1703,20155,2015,753.9000000000001
19500,S852,20155,2015,157.82
16320,12000,20155,2015,51751.37
16356,1351,20155,2015,269.66999999999996
16250,1119,20155,2015,1328.02
16639,1863,20155,2015,4205.64
16652,1882,20155,2015,880.2
16666,1898,20155,2015,739.47
18877,S259,20155,2015,3360.98
19734,s260,20155,2015,147.88
16332,1270,20155,2015,0.0
18611,S2108,20155,2015,80.17
18609,S21,20155,2015,43.629999999999995
17760,S1484,20155,2015,454.4
17904,S1539,20155,2015,271.59999999999997
17859,S1526,20155,2015,1950.97
16941,58,20155,2015,633.9300000000001
19512,S860,20155,2015,545.4
19478,S816,20155,2015,572.81
19132,S474,20155,2015,13.5
19159,S481,20155,2015,526.7
16618,1827,20155,2015,921.84
16211,1065,20155,2015,573.97
17388,S1212,20155,2015,3614.7599999999998
19745,s293,20155,2015,500.76
17955,S1563,20155,2015,56.22
17945,S156,20155,2015,59.18
17897,S1534,20155,2015,155.5
18283,S1815,20155,2015,80.17
18631,S2118,20155,2015,422.77
17301,S1145,20155,2015,258.27
17292,S1141,20155,2015,92.72
16773,388,20155,2015,1304.99
16807,441,20155,2015,685.5600000000001
18375,S1915,20155,2015,379.44
17619,S1434,20155,2015,137.06
17002,628,20155,2015,17269.52
17679,S1452,20155,2015,13.5
17569,S1376,20155,2015,774.27
17526,S1354,20155,2015,549.72
17212,IR4,20155,2015,30.0
18869,S25,20155,2015,145.0
18860,S249,20155,2015,28.4
18839,S24,20155,2015,2942.4300000000003
19753,s3,20155,2015,361.6
17673,S1451,20155,2015,110.38
19219,S512,20155,2015,85.72
19210,S510,20155,2015,700.36
19199,S496,20155,2015,258.42
19192,S490,20155,2015,72.63
16594,1793,20155,2015,4407.6
18493,S2004,20155,2015,4603.83
18477,S1993,20155,2015,535.19
17409,S1222,20155,2015,377.1
18810,S2352,20155,2015,0.0
19771,s414,20155,2015,1252.68
19792,s488,20155,2015,5364.7
16272,1130,20155,2015,5331.97
18597,S209,20155,2015,155.65
18331,S1861,20155,2015,137.31
17536,S1361,20155,2015,5090.02
16223,1079,20155,2015,409.84000000000003
19179,S488,20155,2015,6070.03
19234,S516,20155,2015,279.0
17112,801,20155,2015,4535.0
16485,1616,20155,2015,78901.8
19494,S84,20155,2015,257.9
19489,S824,20155,2015,633.76
19459,S777,20155,2015,968.75
19247,S525,20155,2015,349.09999999999997
19240,S523,20155,2015,35.0
16916,56,20155,2015,53.16
19815,s555,20155,2015,615.58
19811,s545,20155,2015,2853.2
18257,S1792,20155,2015,4217.23
18245,S1777,20155,2015,775.73
18826,S236,20155,2015,6659.78
18819,S2355,20155,2015,80.17
17250,S1021,20155,2015,410.21000000000004
17239,S1011,20155,2015,1405.12
17881,S153,20155,2015,49.34
16907,550,20155,2015,253.8
16922,562,20155,2015,7450.0
18236,S1759,20155,2015,97.38
18794,S2321,20155,2015,242.86
17937,S1557,20155,2015,98.7
17936,S1555,20155,2015,154.26
16435,1551,20155,2015,1464.77
17743,S1480,20155,2015,94.64
18127,S1706,20155,2015,792.2
17641,S1438,20155,2015,59.04
17608,S1432,20155,2015,500.0
19473,S798,20155,2015,862.05
19469,S78,20155,2015,426.38
17399,S1219,20155,2015,119.72
18369,S1905,20155,2015,1748.82
18364,S189,20155,2015,13.5
17466,S1294,20155,2015,417.34
17852,S1523,20155,2015,32.379999999999995
16567,1751,20155,2015,2303.0
18758,S2280,20155,2015,299.95
18753,S226,20155,2015,41.9
16882,534,20155,2015,5496.72
17503,S1341,20155,2015,570.76
18328,S186,20155,2015,82.16
18650,S2141,20155,2015,2202.45
18623,S2116,20155,2015,110.75
16818,471,20155,2015,132.0
16559,1746,20155,2015,2671.62
16635,1856,20155,2015,1940.5700000000002
16629,1850,20155,2015,374.3
19436,S750,20155,2015,2558.58
19277,S541,20155,2015,481.59000000000003
19294,S547,20155,2015,1146.42
16472,1607,20155,2015,7149.6900000000005
18113,S1699,20155,2015,511.84
18639,S2121,20155,2015,135.45999999999998
17922,S1542,20155,2015,74.28
18745,S2250,20155,2015,173.94
18741,S225,20155,2015,99.22
18736,S2246,20155,2015,77.5
18277,S1813,20155,2015,77.95
18275,S1812,20155,2015,98.56
16261,112,20155,2015,147.55
19824,s654,20155,2015,1317.4
17257,S1022,20155,2015,56.64
17225,S0001,20155,2015,0.0
18076,S1674,20155,2015,171.94
19447,S763,20155,2015,4096.9800000000005
18022,S1619,20155,2015,995.96
16403,1506,20155,2015,4024.3
19402,S67,20155,2015,3935.2400000000002
17647,S1442,20155,2015,97.88
19308,S555,20155,2015,1728.65
17078,75,20155,2015,2261.37
18702,S219,20155,2015,43.82
18681,S2161,20155,2015,85.52
16893,535,20155,2015,6109.61
17749,S1481,20155,2015,294.36
17767,S1487,20155,2015,1052.01
18673,S2158,20155,2015,233.60999999999999
18644,S213,20155,2015,250.0
17089,767,20155,2015,533.64
19287,S545,20155,2015,5640.2
17013,631,20155,2015,2560.7799999999997
19430,S75,20155,2015,255.15
17869,S1527,20155,2015,1286.61
17843,S1518,20155,2015,432.0
17495,S1334,20155,2015,120.57000000000001
18467,S1983,20155,2015,571.28
17424,S124,20155,2015,92.72
18458,S1982,20155,2015,329.23
18708,S2191,20155,2015,1573.26
17266,S1069,20155,2015,348.03000000000003
16841,494,20155,2015,0.0
16871,526,20155,2015,595.44
16310,1186,20155,2015,558.0
18728,S2206,20155,2015,47.18000000000001
16282,1144,20155,2015,451.0
18101,S1696,20155,2015,993.33
17629,S1435,20155,2015,320.79
16583,1769,20155,2015,287.3
16606,1803,20155,2015,50532.8
18442,S1979,20155,2015,1106.8500000000001
18386,S1918,20155,2015,359.72
18416,S1952,20155,2015,1335.32
18401,S193,20155,2015,64.87
16547,1729,20155,2015,16535.5
18689,S2165,20155,2015,338.28000000000003
18306,S185,20155,2015,1322.99
17557,S1367,20155,2015,445.29
17513,S1348,20155,2015,276.61
16814,463,20155,2015,609.04
16836,488,20155,2015,0.0
17662,S1446,20155,2015,363.0
19386,S654,20155,2015,17413.11
18044,S1635,20155,2015,38.6
16509,1704,20155,2015,1295.0
18429,S1971,20155,2015,5097.63
17472,S1297,20155,2015,431.22
16536,1726,20155,2015,311.6
17815,S1500,20155,2015,346.62
16191,1039,20155,2015,585.75
17794,S1498,20156,2015,88.5
16510,1704,20156,2015,382.28
16202,106,20156,2015,775.2
17452,S1269,20156,2015,446.03
16522,1712,20156,2015,7805.459999999999
16180,1028,20156,2015,8856.25
16499,170,20156,2015,4450.200000000001
16530,1718,20156,2015,109.63
16548,1729,20156,2015,13355.48
18690,S2165,20156,2015,228.57
18307,S185,20156,2015,1102.8799999999999
17554,S1366,20156,2015,0.0
16808,441,20156,2015,30.88
16833,478,20156,2015,714.48
16827,477,20156,2015,787.5
18696,S2179,20156,2015,171.12
16872,526,20156,2015,1905.8
16486,1616,20156,2015,745.2
16861,509,20156,2015,841.9000000000001
18718,S2193,20156,2015,672.62
18709,S2191,20156,2015,497.2
16894,535,20156,2015,325.78
17768,S1487,20156,2015,289.46
17761,S1484,20156,2015,27.0
18677,S216,20156,2015,3004.83
18674,S2158,20156,2015,1013.48
18645,S213,20156,2015,216.8
17923,S1542,20156,2015,23.71
18742,S225,20156,2015,849.2
17537,S1361,20156,2015,6191.79
16262,112,20156,2015,148.85
19825,s654,20156,2015,256.42
18724,S2202,20156,2015,523.98
17258,S1022,20156,2015,142.92
17226,S0001,20156,2015,0.0
18756,S2266,20156,2015,54.3
19793,s488,20156,2015,580.0
16908,550,20156,2015,129.66
18655,S2143,20156,2015,217.75
18651,S2141,20156,2015,14.129999999999999
18618,S2110,20156,2015,254.67
16819,471,20156,2015,922.53
17879,S1529,20156,2015,277.5
16904,540,20156,2015,81.19
18746,S2250,20156,2015,94.93
18763,S2289,20156,2015,237.85999999999999
18759,S2280,20156,2015,309.76
17940,S1559,20156,2015,51.5
16436,1551,20156,2015,1177.21
16410,1512,20156,2015,530.44
18258,S1792,20156,2015,123.28999999999999
18246,S1777,20156,2015,24.92
17251,S1021,20156,2015,263.70000000000005
17240,S1011,20156,2015,335.63
18811,S2352,20156,2015,1043.0
16789,430,20156,2015,943.25
16273,1130,20156,2015,10171.81
18602,S2090,20156,2015,455.0
18291,S1818,20156,2015,1008.0
17504,S1341,20156,2015,6295.87
19787,s486,20156,2015,17.6
19754,s3,20156,2015,131.86
18835,S239,20156,2015,1034.0
18269,S1808,20156,2015,62.5
18267,S1802,20156,2015,680.0
18827,S236,20156,2015,1672.57
17213,IR4,20156,2015,155.1
18861,S249,20156,2015,233.96
18852,S247,20156,2015,21.37
18840,S24,20156,2015,573.36
19746,s293,20156,2015,388.75
17735,S1477,20156,2015,264.0
16782,393,20156,2015,145.69
16774,388,20156,2015,543.68
18595,S2086,20156,2015,163.5
18632,S2118,20156,2015,994.0
17302,S1145,20156,2015,68.8
17293,S1141,20156,2015,306.24
17733,S1474,20156,2015,127.18
17720,S1469,20156,2015,156.62
16451,158,20156,2015,14.280000000000001
18878,S259,20156,2015,3010.04
18870,S25,20156,2015,187.04000000000002
17205,IR39,20156,2015,11.91
19765,s40,20156,2015,1314.9
19763,s394,20156,2015,344.88
18612,S2108,20156,2015,148.05
16352,1320,20156,2015,49.16
16333,1270,20156,2015,114.78
18608,S2099,20156,2015,60.99
17316,S1169,20156,2015,220.48000000000002
16753,349,20156,2015,811.61
17905,S1539,20156,2015,23.5
17860,S1526,20156,2015,909.19
19730,s26,20156,2015,286.06
16942,58,20156,2015,289.90999999999997
18228,S1756,20156,2015,356.9
16461,1602,20156,2015,3036.12
19725,s257,20156,2015,12.030000000000001
19712,s2311,20156,2015,686.7
19701,s2265,20156,2015,18.64
19699,s2259,20156,2015,282.32
18943,S312,20156,2015,732.4000000000001
18909,S299,20156,2015,883.23
18901,S289,20156,2015,730.3
16728,30,20156,2015,4423.87
16747,328,20156,2015,193.5
16741,327,20156,2015,1057.69
16767,384,20156,2015,3423.5
19691,s2022,20156,2015,269.61
17963,S1575,20156,2015,269.36
17750,S1481,20156,2015,180.0
18960,S324,20156,2015,612.72
16297,116,20156,2015,3937.0
18919,S3,20156,2015,406.65999999999997
17180,920,20156,2015,3877.0
19677,s2004,20156,2015,824.5
16427,1540,20156,2015,22711.19
18573,S2072,20156,2015,743.83
18554,S2046,20156,2015,13.5
16241,11,20156,2015,7504.62
16703,2055,20156,2015,162.6
16233,1082,20156,2015,648.5
19659,s1873,20156,2015,1803.16
18218,S1755,20156,2015,1890.18
17549,S1364,20156,2015,586.54
19652,s1849,20156,2015,375.4
19651,s1818,20156,2015,1339.8
18973,S344,20156,2015,0.0
18997,S361,20156,2015,121.1
18953,S318,20156,2015,635.02
18196,S1737,20156,2015,2768.4
18187,S1736,20156,2015,9537.43
16364,136,20156,2015,20149.43
19646,s1721,20156,2015,192.3
17971,S1579,20156,2015,1518.18
18322,S1859,20156,2015,75.8
17496,S1334,20156,2015,670.61
17517,S1349,20156,2015,2410.92
18543,S2037,20156,2015,65.92
17891,S1532,20156,2015,279.6
17886,S1531,20156,2015,155.5
17710,S1463,20156,2015,140.42000000000002
17946,S156,20156,2015,825.07
19004,S365,20156,2015,303.96
19019,S385,20156,2015,1158.45
18987,S36,20156,2015,330.68
19634,s140,20156,2015,4826.3
19622,s1212,20156,2015,253.18
19605,s0001,20156,2015,0.0
19059,S443,20156,2015,1754.5
19597,S99,20156,2015,62.0
19594,S980,20156,2015,577.8
18528,S2024,20156,2015,689.2
16696,202,20156,2015,80.17
16711,255,20156,2015,284.01
16708,226,20156,2015,166.3
19562,S92,20156,2015,701.98
19583,S964,20156,2015,313.2
16988,618,20156,2015,10538.95
16380,1408,20156,2015,40400.0
17590,S1392,20156,2015,51.12
17564,S1368,20156,2015,763.92
18179,S1735,20156,2015,460.96000000000004
17689,S1456,20156,2015,84.6
17354,S1190,20156,2015,385.81
16345,13,20156,2015,657.09
18339,S1868,20156,2015,1626.05
18332,S1861,20156,2015,446.38
18358,S1883,20156,2015,335.52
17981,S158,20156,2015,149.83
16975,608,20156,2015,0.0
19098,S462,20156,2015,36.84
19074,S456,20156,2015,8880.5
19091,S460,20156,2015,349.05
19047,S41,20156,2015,249.18
19083,S458,20156,2015,43.38
18170,S1730,20156,2015,607.74
17599,S1425,20156,2015,53.5
19104,S464,20156,2015,101.67
19572,S938,20156,2015,201.99
19523,S866,20156,2015,223.51
18011,S1612,20156,2015,137.31
18000,S1600,20156,2015,110.44
17805,S15,20156,2015,458.57
17877,S1528,20156,2015,966.9399999999999
17341,S1186,20156,2015,2096.81
18518,S2017,20156,2015,81.38
17693,S1457,20156,2015,953.26
17160,84,20156,2015,316.70000000000005
17125,805,20156,2015,2853.75
19124,S472,20156,2015,96.18
19553,S902,20156,2015,6620.9
19532,S870,20156,2015,87.5
19111,S467,20156,2015,8931.65
18137,S1712,20156,2015,72.66
18160,S1723,20156,2015,166.65
18114,S1699,20156,2015,264.0
19501,S852,20156,2015,1679.58
16327,121,20156,2015,2122.35
16640,1863,20156,2015,1326.8000000000002
16653,1882,20156,2015,640.0699999999999
16674,1903,20156,2015,385.29999999999995
16667,1898,20156,2015,208.67999999999998
16418,1515,20156,2015,12181.0
19518,S863,20156,2015,224.3
19479,S816,20156,2015,17.2
17097,771,20156,2015,24.39
19139,S476,20156,2015,20.0
19160,S481,20156,2015,92.72
16619,1827,20156,2015,181.23
16212,1065,20156,2015,1097.12
16251,1119,20156,2015,2738.44
17389,S1212,20156,2015,1469.5900000000001
18379,S1916,20156,2015,1255.08
18494,S2004,20156,2015,22928.79
17113,801,20156,2015,17572.98
17137,81,20156,2015,1865.74
17609,S1432,20156,2015,2498.38
18128,S1706,20156,2015,28.12
17102,791,20156,2015,5163.13
17003,628,20156,2015,90198.05
16395,1504,20156,2015,2555.14
17671,S1448,20156,2015,92.4
17704,S1462,20156,2015,224.1
19211,S510,20156,2015,163.61
19204,S498,20156,2015,80.06
19200,S496,20156,2015,352.86
19180,S488,20156,2015,18209.17
16595,1793,20156,2015,663.4
18505,S2011,20156,2015,83.46
18459,S1982,20156,2015,66.86
18478,S1993,20156,2015,256.32
17410,S1222,20156,2015,658.03
16224,1079,20156,2015,217.64
17630,S1435,20156,2015,164.77
19228,S513,20156,2015,101.04
17090,767,20156,2015,474.84000000000003
19220,S512,20156,2015,1129.28
19490,S824,20156,2015,237.66
19235,S516,20156,2015,388.70000000000005
18123,S1703,20156,2015,537.49
17642,S1438,20156,2015,50.22
19470,S78,20156,2015,135.35
17405,S1220,20156,2015,13.5
17400,S1219,20156,2015,258.75
18370,S1905,20156,2015,3505.92
17853,S1523,20156,2015,49.53
16560,1746,20156,2015,676.6500000000001
16630,1850,20156,2015,613.81
19431,S75,20156,2015,695.1800000000001
19420,S73,20156,2015,4.4
19280,S543,20156,2015,211.94
19295,S547,20156,2015,4112.0
19271,S537,20156,2015,323.15999999999997
19252,S526,20156,2015,824.3
19248,S525,20156,2015,517.9599999999999
16473,1607,20156,2015,4332.35
17079,75,20156,2015,1848.66
18091,S1694,20156,2015,334.69
19448,S763,20156,2015,537.5
18023,S1619,20156,2015,226.25
19309,S558,20156,2015,137.51999999999998
19288,S545,20156,2015,250.0
17870,S1527,20156,2015,4018.4799999999996
17845,S1520,20156,2015,144.56
18437,S1977,20156,2015,234.53
18468,S1983,20156,2015,3580.84
17431,S1252,20156,2015,0.0
17425,S124,20156,2015,185.49
19425,S749,20156,2015,1382.06
19395,S655,20156,2015,202.51999999999998
19348,S607,20156,2015,83.5
19313,S567,20156,2015,9.0
18070,S1670,20156,2015,160.68
18102,S1696,20156,2015,1483.03
17648,S1442,20156,2015,191.8
17040,648,20156,2015,254.94
16607,1803,20156,2015,34457.06
18443,S1979,20156,2015,1287.97
17473,S1297,20156,2015,81.84
18402,S193,20156,2015,460.18
16577,1758,20156,2015,1698.3
16568,1751,20156,2015,2303.0
18085,S1693,20156,2015,24.03
17663,S1446,20156,2015,1091.69
16283,1144,20156,2015,951.76
19387,S654,20156,2015,20175.420000000002
19403,S67,20156,2015,7823.11
18051,S1646,20156,2015,13.5
18062,S1668,20156,2015,251.54
18410,S1940,20156,2015,623.74
18430,S1971,20156,2015,1552.43
17439,S1265,20156,2015,680.58
18424,S1968,20156,2015,238.28
16584,1769,20156,2015,1947.96
19371,S648,20156,2015,639.59
19363,S642,20156,2015,606.6
17064,67,20156,2015,574.75
17042,649,20156,2015,0.0
19370,S647,20156,2015,198.8
17038,647,20156,2015,1005.24
17029,644,20156,2015,191.82
16537,1726,20156,2015,249.3
17816,S1500,20156,2015,304.67
16192,1039,20156,2015,0.0
16538,1726,20157,2015,249.3
16500,170,20157,2015,2529.15
18092,S1694,20157,2015,398.58
18103,S1696,20157,2015,261.08
18077,S1674,20157,2015,201.91
19281,S543,20157,2015,489.5
19296,S547,20157,2015,4140.54
19272,S537,20157,2015,65.3
19264,S533,20157,2015,302.62
19253,S526,20157,2015,412.15
19241,S523,20157,2015,144.18
17637,S1436,20157,2015,92.72
17631,S1435,20157,2015,456.36
17091,767,20157,2015,111.02
19221,S512,20157,2015,3585.59
19217,S511,20157,2015,1234.24
16225,1079,20157,2015,1299.34
16620,1827,20157,2015,743.21
16213,1065,20157,2015,849.99
16641,1863,20157,2015,8.85
16654,1882,20157,2015,441.64
18365,S189,20157,2015,197.0
17467,S1294,20157,2015,132.12
18438,S1977,20157,2015,123.81
18469,S1983,20157,2015,489.56999999999994
17416,S1224,20157,2015,266.68
17411,S1222,20157,2015,779.4
18444,S1979,20157,2015,58.36
16549,1729,20157,2015,15192.83
16193,1039,20157,2015,433.08
16181,1028,20157,2015,151821.13999999998
16523,1712,20157,2015,7830.110000000001
16234,1082,20157,2015,449.84000000000003
16742,327,20157,2015,388.8
16762,38,20157,2015,0.0
16754,349,20157,2015,423.45
16346,13,20157,2015,281.2
18333,S1861,20157,2015,358.7
17342,S1186,20157,2015,46.5
17370,S1198,20157,2015,173.94
18513,S2014,20157,2015,1396.84
18506,S2011,20157,2015,40.4
16371,137,20157,2015,894.4
16321,12000,20157,2015,5061.8
17390,S1212,20157,2015,3133.15
18380,S1916,20157,2015,591.4100000000001
18371,S1905,20157,2015,0.0
18340,S1868,20157,2015,280.71000000000004
17326,S118,20157,2015,918.9
18350,S1882,20157,2015,52.48
18323,S1859,20157,2015,11.53
17497,S1334,20157,2015,536.7
17518,S1349,20157,2015,394.41
17514,S1348,20157,2015,45.59
17489,S1325,20157,2015,2098.34
18544,S2037,20157,2015,15.16
18536,S2030,20157,2015,99.22
18529,S2024,20157,2015,56.51
18519,S2017,20157,2015,81.38
16428,1540,20157,2015,6488.05
16242,11,20157,2015,841.24
16735,311,20157,2015,47.87
16729,30,20157,2015,8147.74
16700,2031,20157,2015,505.2
17267,S1069,20157,2015,407.5
17306,S1155,20157,2015,333.59000000000003
18580,S2078,20157,2015,1028.98
18574,S2072,20157,2015,187.85000000000002
18570,S2070,20157,2015,276.49
18590,S2081,20157,2015,99.78
18562,S2052,20157,2015,186.64
18559,S2050,20157,2015,1696.0
16820,471,20157,2015,31.509999999999998
17906,S1539,20157,2015,239.65
17861,S1526,20157,2015,279.98
16783,393,20157,2015,33.0
16775,388,20157,2015,570.79
16252,1119,20157,2015,4878.71
16274,1130,20157,2015,3569.44
17331,S1182,20157,2015,203.57999999999998
16334,1270,20157,2015,1746.57
17319,S1173,20157,2015,0.0
17289,S1140,20157,2015,652.5
16847,497,20157,2015,540.12
17882,S153,20157,2015,153.5
17769,S1487,20157,2015,1054.68
16856,507,20157,2015,376.8
16852,503,20157,2015,153.64
16842,494,20157,2015,33.61
16873,526,20157,2015,3566.14
16487,1616,20157,2015,4753.62
16862,509,20157,2015,321.8
16895,535,20157,2015,96.13
17479,S1308,20157,2015,137.31
18315,S1858,20157,2015,24.5
18299,S184,20157,2015,596.42
18665,S2144,20157,2015,222.77
18698,S218,20157,2015,1288.0
18308,S185,20157,2015,1870.75
17558,S1367,20157,2015,255.0
18675,S2158,20157,2015,665.25
18646,S2133,20157,2015,178.88
18640,S2121,20157,2015,135.01
18656,S2143,20157,2015,446.33000000000004
17287,S1135,20157,2015,156.62
17281,S1106,20157,2015,26.62
18619,S2110,20157,2015,29.82
18292,S1818,20157,2015,532.8199999999999
17505,S1341,20157,2015,13.5
18633,S2118,20157,2015,593.44
18624,S2116,20157,2015,81.25
18585,S2079,20157,2015,88.89
19755,s3,20157,2015,105.06
19747,s293,20157,2015,402.08000000000004
17538,S1361,20157,2015,4792.73
18271,S181,20157,2015,111.46
18288,S1816,20157,2015,85.06
18682,S2161,20157,2015,1608.5
18710,S2191,20157,2015,427.33
17277,S1087,20157,2015,149.26
17263,S103,20157,2015,95.44
16263,112,20157,2015,1272.5
16290,115,20157,2015,102.75
19826,s654,20157,2015,2173.27
16909,550,20157,2015,271.68
16883,534,20157,2015,13.5
16900,536,20157,2015,261.6
19794,s488,20157,2015,321.0
19718,s236,20157,2015,559.12
19700,s2259,20157,2015,350.9
19735,s260,20157,2015,604.95
19692,s2022,20157,2015,311.92
18259,S1792,20157,2015,1112.3
18247,S1777,20157,2015,1225.43
18795,S2321,20157,2015,67.57
18783,S2314,20157,2015,13.5
18775,S230,20157,2015,1081.94
17259,S1022,20157,2015,142.92
16927,563,20157,2015,584.06
16923,562,20157,2015,4240.0
17941,S1559,20157,2015,31.0
16437,1551,20157,2015,1642.06
17744,S1480,20157,2015,201.0
19777,s434,20157,2015,5.07
19647,s1721,20157,2015,1355.62
19641,s148,20157,2015,196.47
18800,S2330,20157,2015,58.95
18836,S239,20157,2015,132.88
17570,S1376,20157,2015,981.4
18229,S1756,20157,2015,338.72
18828,S236,20157,2015,4943.0
17252,S1021,20157,2015,432.27
17241,S1011,20157,2015,38.42
17227,S0001,20157,2015,0.0
17947,S156,20157,2015,694.6999999999999
17725,S1472,20157,2015,82.08
17721,S1469,20157,2015,156.62
16943,58,20157,2015,601.9000000000001
16933,569,20157,2015,259.33
19726,s257,20157,2015,68.19
19563,S92,20157,2015,746.68
19584,S964,20157,2015,92.72
18219,S1755,20157,2015,331.33000000000004
18879,S259,20157,2015,7264.33
17190,99,20157,2015,1150.61
18841,S24,20157,2015,350.0
18862,S249,20157,2015,180.08
18853,S247,20157,2015,218.17000000000002
18846,S243,20157,2015,316.5
17751,S1481,20157,2015,375.0
17924,S1542,20157,2015,274.48
19678,s2004,20157,2015,754.15
19670,s1977,20157,2015,263.35
19660,s1873,20157,2015,2107.84
16964,596,20157,2015,3245.1
16957,59,20157,2015,1724.1
18920,S3,20157,2015,200.29
17206,IR39,20157,2015,40.54
18213,S1754,20157,2015,79.5
18209,S1751,20157,2015,158.3
18944,S312,20157,2015,1770.66
18910,S299,20157,2015,5980.36
18902,S289,20157,2015,290.0
18895,S287,20157,2015,133.5
18888,S267,20157,2015,28.8
17705,S1462,20157,2015,1450.0
17730,S1473,20157,2015,112.5
19606,s0001,20157,2015,0.0
19635,s140,20157,2015,1814.6100000000001
19623,s1212,20157,2015,61.5
19614,s1075,20157,2015,291.27
19595,S980,20157,2015,23.3
17583,S1382,20157,2015,273.45
17577,S1378,20157,2015,255.67000000000002
17550,S1364,20157,2015,275.28
16462,1602,20157,2015,5993.21
18936,S311,20157,2015,29.5
18968,S334,20157,2015,62.56
18961,S324,20157,2015,217.74
16330,1245,20157,2015,53.7
16298,116,20157,2015,7874.0
16989,618,20157,2015,780.58
16984,614,20157,2015,6075.0
17687,S1455,20157,2015,92.58
17997,S1598,20157,2015,38.15
17982,S158,20157,2015,76.56
19573,S938,20157,2015,461.07
19524,S866,20157,2015,334.22
18988,S36,20157,2015,1045.06
18188,S1736,20157,2015,6872.45
16365,136,20157,2015,1904.64
18974,S344,20157,2015,1244.8400000000001
18970,S336,20157,2015,20.0
18954,S318,20157,2015,1948.74
17161,84,20157,2015,202.82999999999998
17181,920,20157,2015,1811.0
18042,S1630,20157,2015,156.62
18001,S1600,20157,2015,35.0
19554,S902,20157,2015,1912.28
19538,S888,20157,2015,202.79
19536,S877,20157,2015,124.8
19502,S852,20157,2015,1741.65
19519,S863,20157,2015,614.98
19480,S816,20157,2015,296.0
19027,S389,20157,2015,80.87
16381,1408,20157,2015,20200.0
18180,S1735,20157,2015,422.64
19054,S432,20157,2015,183.9
17148,819,20157,2015,13.5
19020,S385,20157,2015,84.99
17004,628,20157,2015,76284.55
16396,1504,20157,2015,1590.75
17680,S1452,20157,2015,0.0
16969,607,20157,2015,1336.8500000000001
16995,621,20157,2015,5582.68
19460,S777,20157,2015,766.54
19474,S798,20157,2015,865.1999999999999
19471,S78,20157,2015,75.66
19437,S750,20157,2015,0.0
19432,S75,20157,2015,588.44
19361,S637,20157,2015,41.9
19339,S60,20157,2015,212.84
19335,S592,20157,2015,84.24
18171,S1730,20157,2015,2042.14
17600,S1425,20157,2015,94.77
17596,S1424,20157,2015,81.38
19092,S460,20157,2015,284.7
19050,S412,20157,2015,324.9
19075,S456,20157,2015,7035.82
19449,S763,20157,2015,615.5799999999999
18037,S1629,20157,2015,183.92
16411,1512,20157,2015,1224.2
19396,S655,20157,2015,13.18
19388,S654,20157,2015,16019.09
19404,S67,20157,2015,4346.5
19030,S399,20157,2015,153.21
19310,S565,20157,2015,2718.96
19112,S467,20157,2015,20562.6
18138,S1712,20157,2015,0.0
18154,S1721,20157,2015,1879.1
18115,S1699,20157,2015,440.0
19142,S477,20157,2015,41.88
19140,S476,20157,2015,85.06
17126,805,20157,2015,10321.0
17114,801,20157,2015,10525.25
19125,S472,20157,2015,135.09
19379,S65,20157,2015,128.1
18046,S1637,20157,2015,127.1
18063,S1668,20157,2015,1656.77
19372,S648,20157,2015,250.44
17030,644,20157,2015,254.83
19366,S646,20157,2015,216.69
18129,S1706,20157,2015,360.0
17103,791,20157,2015,543.13
19169,S484,20157,2015,104.58
19168,S483,20157,2015,667.5
19166,S482,20157,2015,231.0
19161,S481,20157,2015,227.2
19149,S479,20157,2015,39.0
17045,651,20157,2015,1803.48
17044,650,20157,2015,1005.28
18083,S1691,20157,2015,12.030000000000001
18081,S1676,20157,2015,143.4
17669,S1447,20157,2015,44.260000000000005
17664,S1446,20157,2015,230.85
16284,1144,20157,2015,451.0
19349,S607,20157,2015,439.73
19314,S567,20157,2015,11665.91
19212,S510,20157,2015,99.22
19201,S496,20157,2015,255.2
19181,S488,20157,2015,6428.94
17138,81,20157,2015,3314.33
17649,S1442,20157,2015,1059.75
19302,S553,20157,2015,1212.75
17065,67,20157,2015,656.32
19289,S545,20157,2015,250.0
19317,S568,20157,2015,74.86
16474,1607,20157,2015,7033.3099999999995
16493,1633,20157,2015,453.6
17080,75,20157,2015,2796.9
17587,S139,20157,2015,660.55
18145,S1720,20157,2015,1348.35
17620,S1434,20157,2015,0.0
17610,S1432,20157,2015,474.5
17380,S1206,20157,2015,292.62
18495,S2004,20157,2015,17479.72
18460,S1982,20157,2015,353.74
18479,S1993,20157,2015,679.0
17401,S1219,20157,2015,179.5
17426,S124,20157,2015,114.8
16675,1903,20157,2015,161.68
16419,1515,20157,2015,21050.3
17806,S15,20157,2015,137.65
17871,S1527,20157,2015,8220.869999999999
16648,1871,20157,2015,0.0
16720,273,20157,2015,168.6
16712,255,20157,2015,530.56
16569,1751,20157,2015,2303.0
17838,S1514,20157,2015,19.45
16596,1793,20157,2015,1989.9
17453,S1269,20157,2015,0.0
17440,S1265,20157,2015,584.06
18431,S1971,20157,2015,823.17
18411,S1940,20157,2015,247.74
18417,S1952,20157,2015,43.81
17474,S1297,20157,2015,100.09
16608,1803,20157,2015,5644.719999999999
16585,1769,20157,2015,2731.98
16511,1704,20157,2015,565.02
17795,S1498,20157,2015,891.9199999999998
17827,S1504,20157,2015,134.86
17834,S1513,20157,2015,223.5
17817,S1500,20157,2015,3188.64
16561,1746,20157,2015,1821.15
16173,100,20157,2015,121.07
16562,1746,20158,2015,550.1400000000001
17818,S1500,20158,2015,301.36
17828,S1504,20158,2015,152.62
16512,1704,20158,2015,311.0
16203,106,20158,2015,73.12
16586,1769,20158,2015,1825.3
16609,1803,20158,2015,317.1
16570,1751,20158,2015,4606.0
18439,S1977,20158,2015,209.8
17475,S1297,20158,2015,47.66
18403,S193,20158,2015,153.38
18432,S1971,20158,2015,851.47
17454,S1269,20158,2015,86.46
16524,1712,20158,2015,2992.47
16501,170,20158,2015,163.52
18093,S1694,20158,2015,377.42
18104,S1696,20158,2015,711.16
19282,S543,20158,2015,0.0
19273,S537,20158,2015,12.4
19265,S533,20158,2015,308.49
19262,S531,20158,2015,350.0
17632,S1435,20158,2015,496.99
16475,1607,20158,2015,34587.450000000004
19222,S512,20158,2015,935.25
19213,S510,20158,2015,699.98
19196,S493,20158,2015,12.82
19193,S490,20158,2015,306.3
19182,S488,20158,2015,7608.66
17104,791,20158,2015,0.0
18071,S1670,20158,2015,133.56
19303,S553,20158,2015,435.90000000000003
19297,S547,20158,2015,562.5
17066,67,20158,2015,203.5
19290,S545,20158,2015,250.0
19319,S577,20158,2015,183.5
17081,75,20158,2015,2574.58
17621,S1434,20158,2015,1652.8
17611,S1432,20158,2015,616.44
18130,S1706,20158,2015,160.0
19162,S481,20158,2015,47.339999999999996
19167,S482,20158,2015,145.0
19133,S474,20158,2015,85.2
17046,655,20158,2015,191.2
17043,649,20158,2015,0.0
17665,S1446,20158,2015,529.26
17039,647,20158,2015,1340.56
19321,S579,20158,2015,378.7
19350,S607,20158,2015,543.84
18139,S1712,20158,2015,538.78
18155,S1721,20158,2015,1777.4499999999998
18116,S1699,20158,2015,387.5
19126,S472,20158,2015,24.0
17127,805,20158,2015,5113.4
17115,801,20158,2015,3129.09
19122,S471,20158,2015,50.97
17657,S1444,20158,2015,68.24000000000001
18052,S1646,20158,2015,13.5
18064,S1668,20158,2015,253.33
19373,S648,20158,2015,509.3
19367,S646,20158,2015,81.23
17031,644,20158,2015,373.34000000000003
17047,656,20158,2015,74.0
19113,S467,20158,2015,1154.4
19084,S458,20158,2015,92.79
18172,S1730,20158,2015,5236.66
17601,S1425,20158,2015,122.79
17593,S1402,20158,2015,182.14
19105,S464,20158,2015,72.72
19093,S460,20158,2015,728.4300000000001
19048,S41,20158,2015,145.0
19076,S456,20158,2015,3637.43
19031,S399,20158,2015,404.19
19412,S717,20158,2015,33.79
18038,S1629,20158,2015,1712.83
18024,S1619,20158,2015,13.5
16412,1512,20158,2015,760.71
16404,1506,20158,2015,1100.0
16397,1504,20158,2015,1365.3999999999999
19426,S749,20158,2015,424.88
19389,S654,20158,2015,13502.7
19410,S7,20158,2015,92.72
19405,S67,20158,2015,1500.0
16382,1408,20158,2015,20200.0
18181,S1735,20158,2015,375.48
19060,S443,20158,2015,1795.0
17149,819,20158,2015,385.67
17139,81,20158,2015,231.51
19005,S365,20158,2015,76.24000000000001
19021,S385,20158,2015,60.42
18994,S360,20158,2015,183.58
18989,S36,20158,2015,284.06
18014,S1613,20158,2015,552.0
17674,S1451,20158,2015,43.93
19450,S763,20158,2015,809.52
19472,S78,20158,2015,2208.91
19433,S75,20158,2015,904.41
19461,S777,20158,2015,1033.31
18189,S1736,20158,2015,8829.58
16366,136,20158,2015,6838.8
18971,S34,20158,2015,101.27
18998,S361,20158,2015,60.56
18955,S318,20158,2015,344.99
17162,84,20158,2015,1164.82
17182,920,20158,2015,1776.94
18937,S311,20158,2015,35.0
18009,S161,20158,2015,22.5
17697,S1459,20158,2015,193.35
17694,S1457,20158,2015,274.62
19555,S902,20158,2015,2569.5699999999997
19525,S866,20158,2015,420.16
19503,S852,20158,2015,1523.54
19481,S816,20158,2015,689.7
17005,628,20158,2015,7390.41
18161,S1723,20158,2015,247.32
17578,S1378,20158,2015,0.0
16463,1602,20158,2015,5713.07
18931,S302,20158,2015,71.56
16304,1160,20158,2015,38960.4
16315,1187,20158,2015,12.95
18959,S321,20158,2015,266.24
16951,586,20158,2015,2545.74
17650,S1442,20158,2015,550.96
17990,S159,20158,2015,64.5
17989,S1588,20158,2015,9.030000000000001
17983,S158,20158,2015,7561.339999999999
16980,610,20158,2015,77.18
16976,608,20158,2015,0.0
19544,S89,20158,2015,338.9
19539,S888,20158,2015,257.68
16445,1561,20158,2015,229.5
18210,S1751,20158,2015,119.27
18945,S312,20158,2015,472.51
18911,S299,20158,2015,957.7199999999999
18921,S3,20158,2015,572.51
18896,S287,20158,2015,99.22
18880,S259,20158,2015,2646.12
17711,S1463,20158,2015,568.92
17964,S1575,20158,2015,24.060000000000002
19607,s0001,20158,2015,0.0
19636,s140,20158,2015,466.02
19624,s1212,20158,2015,37.85
19585,S964,20158,2015,99.36
16990,618,20158,2015,259.1
18220,S1755,20158,2015,44.54
16452,158,20158,2015,106.21
17195,IR11,20158,2015,68.63
17191,99,20158,2015,3546.92
17217,IR81,20158,2015,390.4
18863,S249,20158,2015,331.06
18854,S247,20158,2015,0.0
18842,S24,20158,2015,731.48
18801,S2330,20158,2015,825.84
17752,S1481,20158,2015,178.23
17925,S1542,20158,2015,342.3
19679,s2004,20158,2015,7273.04
19661,s1873,20158,2015,1900.5
16958,59,20158,2015,2128.81
19648,s1721,20158,2015,292.2
17972,S1579,20158,2015,1413.94
17571,S1376,20158,2015,213.77
17527,S1354,20158,2015,257.41999999999996
18230,S1756,20158,2015,709.9
18829,S236,20158,2015,1244.1599999999999
18820,S2355,20158,2015,139.36
17228,S0001,20158,2015,0.0
18812,S2352,20158,2015,46720.6
18260,S1792,20158,2015,616.43
19761,s378,20158,2015,117.26
16944,58,20158,2015,0.0
19727,s257,20158,2015,554.54
19708,s2281,20158,2015,13.5
19693,s2022,20158,2015,253.0
19719,s236,20158,2015,334.52000000000004
18251,S1783,20158,2015,94.22
18248,S1777,20158,2015,203.5
18796,S2321,20158,2015,121.64
18787,S2316,20158,2015,263.3
18784,S2314,20158,2015,0.0
18747,S2250,20158,2015,94.93
18776,S230,20158,2015,98.7
17253,S1021,20158,2015,829.56
18743,S225,20158,2015,13.5
18737,S2246,20158,2015,254.3
19827,s654,20158,2015,1537.83
16906,545,20158,2015,0.0
16901,536,20158,2015,97.33
17929,S1546,20158,2015,587.31
16438,1551,20158,2015,1823.69
16917,56,20158,2015,52.1
19778,s434,20158,2015,49.660000000000004
17948,S156,20158,2015,151.56
17539,S1361,20158,2015,7806.67
18278,S1813,20158,2015,102.3
18729,S2206,20158,2015,55.44
18719,S2193,20158,2015,235.43
18711,S2191,20158,2015,189.23
18683,S2161,20158,2015,281.34
18666,S2144,20158,2015,87.06
17242,S1011,20158,2015,28.99
17260,S1022,20158,2015,165.77999999999997
17738,S1478,20158,2015,39.96
17914,S1540,20158,2015,33.36
16264,112,20158,2015,2036.0
19832,s902,20158,2015,702.0
16910,550,20158,2015,3425.0
16884,534,20158,2015,75.47999999999999
16874,526,20158,2015,212.38000000000002
19803,s531,20158,2015,39.7
19795,s488,20158,2015,198.0
18657,S2143,20158,2015,33.5
18634,S2118,20158,2015,260.4
17285,S1123,20158,2015,112.19999999999999
18603,S2090,20158,2015,772.33
18293,S1818,20158,2015,595.8
17498,S1334,20158,2015,709.89
18324,S1859,20158,2015,693.5699999999999
17294,S1141,20158,2015,165.22
18613,S2108,20158,2015,79.67
16353,1320,20158,2015,9182.400000000001
16335,1270,20158,2015,616.78
17320,S1173,20158,2015,369.9
17268,S1069,20158,2015,560.85
16843,494,20158,2015,64.35
17745,S1480,20158,2015,31.74
16863,509,20158,2015,67.78
16828,477,20158,2015,7884.0
16488,1616,20158,2015,1076.8
16495,1669,20158,2015,1023.0
18300,S184,20158,2015,72.00999999999999
18581,S2078,20158,2015,373.42
18575,S2072,20158,2015,63.5
18555,S2046,20158,2015,229.84
17332,S1182,20158,2015,1194.25
16821,471,20158,2015,637.9
17754,S1482,20158,2015,50.68
17907,S1539,20158,2015,347.4
17862,S1526,20158,2015,374.93
17899,S1537,20158,2015,54.88
17892,S1532,20158,2015,967.0899999999999
16776,388,20158,2015,1358.93
16253,1119,20158,2015,64.74000000000001
16275,1130,20158,2015,934.6600000000001
17327,S118,20158,2015,456.94
18521,S2023,20158,2015,172.7
17364,S1193,20158,2015,178.76
16347,13,20158,2015,1685.71
16388,1424,20158,2015,185.0
16730,30,20158,2015,5482.5
16235,1082,20158,2015,422.5
16226,1079,20158,2015,781.25
16743,327,20158,2015,9955.32
16763,38,20158,2015,1410.14
16755,349,20158,2015,817.25
17343,S1186,20158,2015,1253.03
18545,S2037,20158,2015,45.48
17355,S1190,20158,2015,1114.9
17373,S120,20158,2015,41.9
18507,S2011,20158,2015,264.24
16322,12000,20158,2015,1898.58
16357,1351,20158,2015,146.32999999999998
17391,S1212,20158,2015,2186.6
17490,S1325,20158,2015,106.26
18372,S1905,20158,2015,118.29
16375,140,20158,2015,1388.28
17381,S1206,20158,2015,821.96
18496,S2004,20158,2015,4372.99
18480,S1993,20158,2015,508.73
16676,1903,20158,2015,149.60000000000002
16668,1898,20158,2015,718.92
17807,S15,20158,2015,268.4
17778,S1489,20158,2015,125.94
17872,S1527,20158,2015,7437.97
16688,2,20158,2015,43750.0
16717,257,20158,2015,576.99
16684,1942,20158,2015,193.5
16243,11,20158,2015,3012.22
16631,1850,20158,2015,287.7
16597,1793,20158,2015,3013.62
16621,1827,20158,2015,168.12
16601,180,20158,2015,349.08
16214,1065,20158,2015,451.85
16642,1863,20158,2015,2257.61
16658,1885,20158,2015,67.0
16655,1882,20158,2015,2328.2
18359,S1883,20158,2015,794.06
18381,S1916,20158,2015,251.31
17432,S1252,20158,2015,25.95
17427,S124,20158,2015,102.2
17417,S1224,20158,2015,64.06
17441,S1265,20158,2015,553.36
18461,S1982,20158,2015,75.88
18450,S1981,20158,2015,258.7
18445,S1979,20158,2015,801.22
16550,1729,20158,2015,18788.940000000002
16194,1039,20158,2015,1489.7
16182,1028,20158,2015,84876.36
16174,100,20158,2015,49.05
16977,608,20159,2015,169.06
18276,S1812,20159,2015,70.95
18261,S1792,20159,2015,1701.1
17572,S1376,20159,2015,515.93
19704,s227,20159,2015,269.14
19680,s2004,20159,2015,2413.62
19662,s1873,20159,2015,541.37
18325,S1859,20159,2015,960.9100000000001
18284,S1815,20159,2015,135.45999999999998
17551,S1364,20159,2015,17.6
17540,S1361,20159,2015,5909.36
19625,s1212,20159,2015,27.9
19608,s0001,20159,2015,0.0
19600,S995,20159,2015,85.72
19564,S92,20159,2015,1139.6799999999998
19586,S964,20159,2015,85.86
17218,IR81,20159,2015,5189.02
18864,S249,20159,2015,608.44
18847,S243,20159,2015,281.91
18802,S2334,20159,2015,149.76
18830,S236,20159,2015,14634.4
17207,IR39,20159,2015,82.18
17229,S0001,20159,2015,0.0
18777,S230,20159,2015,70.44
18797,S2327,20159,2015,86.0
16551,1729,20159,2015,16145.66
17873,S1527,20159,2015,6218.62
17839,S1516,20159,2015,49.06
17849,S1521,20159,2015,116.95
17819,S1500,20159,2015,6444.58
17829,S1504,20159,2015,790.74
16183,1028,20159,2015,53241.06
17746,S1480,20159,2015,40.0
16439,1551,20159,2015,1442.9299999999998
17770,S1487,20159,2015,586.48
17762,S1484,20159,2015,171.94
17755,S1482,20159,2015,5060.69
17863,S1526,20159,2015,119.76
18752,S2252,20159,2015,93.98
18738,S2246,20159,2015,109.5
18720,S2193,20159,2015,371.73
18712,S2191,20159,2015,9534.97
18684,S2161,20159,2015,263.69
17279,S1104,20159,2015,260.44
17274,S108,20159,2015,712.56
17247,S102,20159,2015,130.0
17243,S1011,20159,2015,963.22
18658,S2143,20159,2015,28.8
19022,S385,20159,2015,236.79999999999998
18990,S36,20159,2015,127.5
18979,S351,20159,2015,69.48
18956,S318,20159,2015,3712.6499999999996
18946,S312,20159,2015,560.3
17167,85,20159,2015,25.11
16204,106,20159,2015,564.71
16643,1863,20159,2015,7729.53
16659,1895,20159,2015,35.980000000000004
17915,S1540,20159,2015,354.9
17908,S1539,20159,2015,2833.73
17753,S1481,20159,2015,111.62
16610,1803,20159,2015,22967.01
16622,1827,20159,2015,171.70000000000002
17782,S1492,20159,2015,52.17
17779,S1489,20159,2015,917.4399999999999
18604,S2090,20159,2015,196.44
18596,S2086,20159,2015,163.5
17295,S1141,20159,2015,782.0
19114,S467,20159,2015,12293.77
19099,S462,20159,2015,45.12
19094,S460,20159,2015,203.0
19077,S456,20159,2015,3815.78
19032,S399,20159,2015,75.64
17140,81,20159,2015,411.1
19044,S409,20159,2015,165.1
16669,1898,20159,2015,713.49
17938,S1557,20159,2015,42.519999999999996
17932,S1548,20159,2015,103.1
16215,1065,20159,2015,2041.3899999999999
18635,S2118,20159,2015,298.2
19006,S365,20159,2015,93.56
18586,S2079,20159,2015,188.58
16348,13,20159,2015,600.39
16336,1270,20159,2015,13.5
17321,S1173,20159,2015,111.5
17269,S1069,20159,2015,162.76
19174,S486,20159,2015,122.88
19156,S480,20159,2015,240.51
19153,S48,20159,2015,939.12
19143,S477,20159,2015,26.29
17953,S1560,20159,2015,30.17
17949,S156,20159,2015,1869.67
17736,S1477,20159,2015,255.6
17731,S1473,20159,2015,523.0
17163,84,20159,2015,911.13
17183,920,20159,2015,3938.1
17284,S1117,20159,2015,92.72
19118,S468,20159,2015,94.3
18582,S2078,20159,2015,550.01
18576,S2072,20159,2015,116.48
18556,S2046,20159,2015,70.3
18550,S2041,20159,2015,877.5
17307,S1155,20159,2015,16.0
17328,S118,20159,2015,671.1999999999999
17322,S1179,20159,2015,74.56
16236,1082,20159,2015,1982.8200000000002
16227,1079,20159,2015,709.19
16713,255,20159,2015,4665.65
16682,1923,20159,2015,22308.75
16244,11,20159,2015,1362.87
16731,30,20159,2015,707.98
19041,S402,20159,2015,249.01
19036,S401,20159,2015,210.21
19223,S512,20159,2015,913.56
18537,S2030,20159,2015,241.85
18530,S2024,20159,2015,824.46
18522,S2023,20159,2015,330.2
17365,S1193,20159,2015,165.39
17356,S1190,20159,2015,533.86
17344,S1186,20159,2015,2002.63
16476,1607,20159,2015,1208.48
19202,S496,20159,2015,126.0
19183,S488,20159,2015,9272.3
16744,327,20159,2015,161.28
17984,S158,20159,2015,128.45
17973,S1579,20159,2015,458.51
17128,805,20159,2015,3055.6
17116,801,20159,2015,22009.5
19120,S470,20159,2015,314.14
18003,S1605,20159,2015,1038.8400000000001
17698,S1459,20159,2015,248.1
17685,S1454,20159,2015,6105.13
17993,S1592,20159,2015,91.1
17991,S159,20159,2015,64.5
16764,38,20159,2015,133.9
16756,349,20159,2015,189.49
19163,S481,20159,2015,38.5
17371,S1198,20159,2015,949.0
17082,75,20159,2015,2766.66
19274,S537,20159,2015,65.3
19268,S535,20159,2015,108.48
19266,S533,20159,2015,1089.94
19249,S525,20159,2015,1195.48
19243,S524,20159,2015,198.8
19242,S523,20159,2015,496.0
17392,S1212,20159,2015,2279.54
17382,S1206,20159,2015,19.68
18497,S2004,20159,2015,17123.41
19291,S545,20159,2015,250.0
16254,1119,20159,2015,3989.35
16784,393,20159,2015,94.07
16777,388,20159,2015,1502.5
16797,431,20159,2015,43.260000000000005
16790,430,20159,2015,150.0
16822,471,20159,2015,143.83
18033,S1625,20159,2015,4312.78
18032,S1624,20159,2015,146.0
16413,1512,20159,2015,1530.25
16398,1504,20159,2015,1680.91
17675,S1451,20159,2015,17.77
18012,S1612,20159,2015,262.85
19283,S543,20159,2015,1051.4
17402,S1219,20159,2015,394.15
17048,657,20159,2015,1774.0
19324,S583,20159,2015,16512.62
19323,S582,20159,2015,233.17
19322,S581,20159,2015,148.22
19315,S567,20159,2015,36.91
19311,S565,20159,2015,2718.96
16829,477,20159,2015,63.5
16848,497,20159,2015,41.260000000000005
17656,S1443,20159,2015,41.44
17651,S1442,20159,2015,31.96
17092,767,20159,2015,65.1
17333,S1182,20159,2015,2902.46
18508,S2011,20159,2015,70.3
16323,12000,20159,2015,47695.14
18440,S1977,20159,2015,47.0
18413,S1944,20159,2015,14.6
18433,S1971,20159,2015,1372.4
19304,S553,20159,2015,1309.0
19298,S549,20159,2015,426.02
17067,67,20159,2015,33.22
18470,S1983,20159,2015,3038.57
17421,S1234,20159,2015,77.71000000000001
17442,S1265,20159,2015,400.0
17412,S1222,20159,2015,114.6
19380,S65,20159,2015,115.86
16305,1160,20159,2015,26125.420000000002
17586,S1388,20159,2015,103.1
18105,S1696,20159,2015,443.21
16812,458,20159,2015,169.98
19320,S577,20159,2015,5737.0
16515,1709,20159,2015,1356.24
17622,S1434,20159,2015,135.8
17612,S1432,20159,2015,677.58
18132,S1707,20159,2015,239.84
18094,S1694,20159,2015,73.96
17633,S1435,20159,2015,1393.05
16885,534,20159,2015,71.35
16276,1130,20159,2015,4403.99
19330,S589,20159,2015,629.01
19328,S587,20159,2015,311.5
19326,S585,20159,2015,0.0
16311,1186,20159,2015,715.0
17054,662,20159,2015,94.45
17050,659,20159,2015,954.0
17049,658,20159,2015,587.4399999999999
18446,S1979,20159,2015,52.17
17433,S1252,20159,2015,62.769999999999996
18391,S1923,20159,2015,71.9
18387,S1918,20159,2015,24.68
17462,S129,20159,2015,380.0
17460,S1273,20159,2015,384.78000000000003
17455,S1269,20159,2015,568.14
17014,631,20159,2015,309.48
19390,S654,20159,2015,7019.84
19406,S67,20159,2015,1148.56
19374,S648,20159,2015,276.8
17602,S1425,20159,2015,26.15
17594,S1402,20159,2015,233.58
18156,S1721,20159,2015,482.68
18146,S1720,20159,2015,78.5
18140,S1712,20159,2015,324.16
16489,1616,20159,2015,32736.0
19520,S863,20159,2015,268.7
17032,644,20159,2015,163.4
19351,S607,20159,2015,367.52
18367,S1897,20159,2015,183.9
18382,S1916,20159,2015,2679.4900000000002
19451,S763,20159,2015,923.5400000000001
19434,S75,20159,2015,510.64
19462,S777,20159,2015,176.57999999999998
19421,S73,20159,2015,61.82
19417,S723,20159,2015,41.1
16265,112,20159,2015,2036.0
16291,115,20159,2015,850.29
19818,s584,20159,2015,0.0
19817,s574,20159,2015,0.0
18173,S1730,20159,2015,2334.9
18162,S1723,20159,2015,7220.7
19804,s531,20159,2015,18.71
19796,s488,20159,2015,71.37
19828,s654,20159,2015,11660.75
16924,562,20159,2015,2000.0
16464,1602,20159,2015,2853.79
18190,S1736,20159,2015,9418.77
16367,136,20159,2015,69.6
16383,1408,20159,2015,20200.0
17591,S1392,20159,2015,25.56
18345,S1872,20159,2015,102.2
18341,S1868,20159,2015,535.0
18334,S1861,20159,2015,138.28
17519,S1349,20159,2015,131.34
18309,S185,20159,2015,368.93
19556,S902,20159,2015,1891.9099999999999
19526,S866,20159,2015,523.08
19504,S852,20159,2015,2321.98
18294,S1818,20159,2015,1017.76
17506,S1341,20159,2015,52.14
17499,S1334,20159,2015,652.35
19728,s257,20159,2015,475.32
16945,58,20159,2015,602.84
16934,569,20159,2015,748.72
19720,s236,20159,2015,66.56
18214,S1754,20159,2015,89.2
18203,S1748,20159,2015,22.6
18197,S1737,20159,2015,294.2
17581,S1380,20159,2015,41.9
17579,S1378,20159,2015,23.5
16911,550,20159,2015,20576.27
16875,526,20159,2015,276.86
16896,535,20159,2015,287.92
16985,614,20159,2015,6075.0
16981,610,20159,2015,24.490000000000002
16959,59,20159,2015,49422.34
19649,s1721,20159,2015,219.15
17528,S1354,20159,2015,322.48
18221,S1755,20159,2015,405.0
19806,s533,20159,2015,247.62
19772,s414,20159,2015,474.5
19748,s293,20159,2015,435.99
19762,s387,20159,2015,270.0
19759,s362,20159,2015,201.06
19513,S860,20159,2015,82.12
19482,S816,20159,2015,189.8
17006,628,20159,2015,69337.79
16970,607,20159,2015,1293.4
16991,618,20159,2015,120.39
18694,S2177,20159,2015,937.82
18935,S304,20159,2015,160.72
18932,S302,20159,2015,28.56
16299,116,20159,2015,275.6
16316,1187,20159,2015,27.22
18788,S2316,20159,2015,562.6800000000001
18785,S2314,20159,2015,13.5
18772,S23,20159,2015,224.5
18766,S2290,20159,2015,164.9
17254,S1021,20159,2015,133.5
16598,1793,20159,2015,1079.2
16571,1751,20159,2015,2303.0
17893,S1532,20159,2015,29.33
16420,1515,20159,2015,1682.8
17808,S15,20159,2015,4388.72
17196,IR11,20159,2015,164.75
17796,S1498,20159,2015,538.36
16513,1704,20159,2015,337.8
16525,1712,20159,2015,3508.58
16531,1718,20159,2015,113.92
16563,1746,20159,2015,1496.88
16539,1726,20159,2015,155.8
18881,S259,20159,2015,1963.18
18889,S267,20159,2015,261.46000000000004
18922,S3,20159,2015,229.6
16195,1039,20159,2015,934.8
17824,S1503,20159,2015,185.12
20537,586,20161,2016,7946.08
22446,S312,20161,2016,591.94
22444,S311,20161,2016,58.9
20494,550,20161,2016,5480.0
20482,536,20161,2016,277.70000000000005
20473,535,20161,2016,1024.0900000000001
20568,618,20161,2016,1233.0
20527,569,20161,2016,210.37
20509,562,20161,2016,6380.0
23039,S777,20161,2016,2234.85
22492,S348,20161,2016,954.72
20598,644,20161,2016,38.11
20917,S1160,20161,2016,1559.9
20728,771,20161,2016,25.16
20545,59,20161,2016,1915.26
22522,S38,20161,2016,176.42000000000002
20440,509,20161,2016,284.44
23352,s618,20161,2016,8.0
21535,S1546,20161,2016,43.5
21504,S1534,20161,2016,127.1
21522,S1541,20161,2016,808.0699999999999
22821,S583,20161,2016,0.0
23223,s2004,20161,2016,1261.42
21793,S1737,20161,2016,294.2
21808,S1755,20161,2016,378.06
21807,S1754,20161,2016,42.32
23253,s2276,20161,2016,26.66
21335,S1480,20161,2016,32.38
22781,S549,20161,2016,812.75
22775,S543,20161,2016,532.0
21802,S1742,20161,2016,43.629999999999995
22133,S2086,20161,2016,163.5
21831,S1759,20161,2016,262.12
20587,631,20161,2016,3333.7000000000003
22802,S567,20161,2016,1644.3400000000001
22783,S553,20161,2016,103.22
21364,S1489,20161,2016,142.79
21361,S1488,20161,2016,59.84
22126,S2081,20161,2016,222.1
22136,S2090,20161,2016,343.27
21766,S1730,20161,2016,7157.93
21781,S1736,20161,2016,4933.05
21069,S1269,20161,2016,252.93
21852,S1792,20161,2016,1690.28
21820,S1756,20161,2016,638.75
22108,S2069,20161,2016,668.92
22104,S2050,20161,2016,44.18
21320,S1468,20161,2016,446.4
22268,S226,20161,2016,92.72
21055,S1265,20161,2016,1543.91
22367,S25,20161,2016,101.04
20623,67,20161,2016,369.87
20617,664,20161,2016,314.59999999999997
21745,S1721,20161,2016,569.4
22264,S2252,20161,2016,28.42
22388,S259,20161,2016,0.0
22145,S2116,20161,2016,125.67
22142,S2108,20161,2016,227.01
22152,S2118,20161,2016,124.57
21354,S1487,20161,2016,62.55
22866,S602,20161,2016,65.24000000000001
21088,S1297,20161,2016,441.17
23194,s1527,20161,2016,110.77
20813,99,20161,2016,8405.72
21846,S1784,20161,2016,481.41999999999996
23214,s1977,20161,2016,86.36
22815,S577,20161,2016,444.34
22837,S585,20161,2016,236.88
22862,S60,20161,2016,296.0
22879,S609,20161,2016,9275.119999999999
23201,s1873,20161,2016,1719.5900000000001
22115,S2078,20161,2016,799.95
21875,S1816,20161,2016,257.16
21331,S1478,20161,2016,259.71
22854,S594,20161,2016,4805.09
22739,S512,20161,2016,68.97
19860,1065,20161,2016,875.45
19857,106,20161,2016,539.7
19840,1028,20161,2016,13712.78
19833,100,20161,2016,161.34
21380,S1498,20161,2016,49.93
21731,S1712,20161,2016,20.0
21755,S1723,20161,2016,165.26
21373,S1494,20161,2016,678.85
21402,S1500,20161,2016,1493.93
23190,s148,20161,2016,261.96
21887,S185,20161,2016,11493.849999999999
21299,S1462,20161,2016,184.94
21293,S1459,20161,2016,10.19
22373,S252,20161,2016,434.4
22352,S247,20161,2016,12.22
23266,s236,20161,2016,392.76
21707,S1694,20161,2016,168.06
23262,s2301,20161,2016,80.06
22162,S2121,20161,2016,158.7
20872,S1022,20161,2016,124.27000000000001
22419,S3,20161,2016,1433.8
20902,S1128,20161,2016,800.04
21042,S124,20161,2016,230.85
21029,S1222,20161,2016,481.8
21022,S1219,20161,2016,362.5
21391,S15,20161,2016,525.9100000000001
23284,s286,20161,2016,232.08
21718,S1696,20161,2016,536.0
19905,112,20161,2016,221.4
19871,1079,20161,2016,253.63
22716,S498,20161,2016,100.98
19852,1039,20161,2016,134.4
19880,1082,20161,2016,606.25
22887,S627,20161,2016,209.5
20785,84,20161,2016,247.69
21902,S1859,20161,2016,2113.41
23185,s140,20161,2016,542.65
21278,S1455,20161,2016,371.28
22892,S629,20161,2016,158.55
22345,S243,20161,2016,1946.58
21107,S1334,20161,2016,210.18
21286,S1457,20161,2016,213.57999999999998
22101,S2046,20161,2016,199.32
23166,s1009,20161,2016,17.3
22901,S639,20161,2016,17.9
22897,S635,20161,2016,272.0
22431,S302,20161,2016,99.15
22726,S510,20161,2016,205.76
22698,S488,20161,2016,19886.95
19894,1119,20161,2016,572.14
19886,11,20161,2016,1634.14
19907,1130,20161,2016,4755.96
23275,s260,20161,2016,325.62
22175,S2144,20161,2016,3442.67
21700,S1682,20161,2016,43.8
22251,S2246,20161,2016,310.02
22249,S2225,20161,2016,270.66
19954,1245,20161,2016,53.7
20896,S1106,20161,2016,320.0
22408,S299,20161,2016,404.23
20719,767,20161,2016,62.25
23172,s1190,20161,2016,23.0
22499,S36,20161,2016,445.68
21269,S1452,20161,2016,0.0
21264,S1448,20161,2016,155.7
21010,S1212,20161,2016,4420.85
23299,s3,20161,2016,2452.5699999999997
21658,S1632,20161,2016,1417.48
22255,S2250,20161,2016,315.62
23287,s293,20161,2016,264.4
20760,81,20161,2016,740.9
20000,1504,20161,2016,2159.38
19967,13,20161,2016,727.89
19978,1320,20161,2016,153.04
19976,131,20161,2016,148.2
19946,12000,20161,2016,34721.78
19942,1187,20161,2016,2750.4
21119,S1347,20161,2016,0.0
21930,S1883,20161,2016,86.88
22072,S2014,20161,2016,883.83
20631,670,20161,2016,250.0
20838,IR81,20161,2016,110.45
20837,IR4,20161,2016,225.99
21125,S1348,20161,2016,775.6
22915,S648,20161,2016,1032.88
19929,1160,20161,2016,45732.18
22686,S483,20161,2016,667.5
20984,S1193,20161,2016,23.4
21427,S1505,20161,2016,87.95
21416,S1504,20161,2016,1289.1399999999999
23317,s414,20161,2016,127.38
23312,s410,20161,2016,1105.38
23307,s387,20161,2016,203.7
23308,s396,20161,2016,67.7
20073,1607,20161,2016,2971.9
20708,75,20161,2016,1448.7
20032,1540,20161,2016,0.0
20011,1506,20161,2016,61.8
21957,S1905,20161,2016,366.5
23152,S995,20161,2016,154.49
23151,S980,20161,2016,413.18
23143,S964,20161,2016,13.5
21248,S1442,20161,2016,1506.8
22932,S654,20161,2016,9464.14
21966,S1916,20161,2016,225.94
21962,S1915,20161,2016,479.67
22084,S2024,20161,2016,991.89
23155,s0001,20161,2016,0.0
22355,S249,20161,2016,118.28
22468,S324,20161,2016,68.08
21130,S1354,20161,2016,104.96000000000001
22665,S48,20161,2016,1015.48
20098,1641,20161,2016,165.1
20061,1602,20161,2016,3811.66
22659,S479,20161,2016,47.83
20039,1551,20161,2016,1150.65
22676,S481,20161,2016,125.34
20639,674,20161,2016,462.25
20635,673,20161,2016,116.08
20634,672,20161,2016,769.6
22194,S216,20161,2016,103.1
21636,S1625,20161,2016,959.2
21634,S1619,20161,2016,46.2
22403,S289,20161,2016,776.61
21138,S1361,20161,2016,9249.9
21986,S193,20161,2016,109.0
21985,S1927,20161,2016,375.0
21979,S1926,20161,2016,0.0
21234,S1437,20161,2016,20.38
20123,1718,20161,2016,0.0
20115,1712,20161,2016,12315.53
20086,1616,20161,2016,2949.0
20970,S1190,20161,2016,2050.19
20152,1746,20161,2016,777.0
21440,S1513,20161,2016,2400.0
21605,S1597,20161,2016,1683.25
21601,S1588,20161,2016,199.86
20195,1803,20161,2016,6988.66
20160,1751,20161,2016,6909.0
20866,S1021,20161,2016,404.3
23137,S940,20161,2016,97.46
22016,S1979,20161,2016,4542.58
20575,628,20161,2016,142459.52
22966,S67,20161,2016,333.0
22621,S468,20161,2016,146.6
20140,1729,20161,2016,14947.880000000001
21453,S1518,20161,2016,42.7
21452,S1517,20161,2016,1069.51
21451,S1516,20161,2016,388.48
23319,s434,20161,2016,43.96
20959,S1186,20161,2016,3174.64
20207,1827,20161,2016,177.42
22610,S467,20161,2016,91.1
20184,1793,20161,2016,4822.51
22630,S472,20161,2016,109.5
20220,1850,20161,2016,801.14
23112,S902,20161,2016,10813.32
22004,S1971,20161,2016,2222.4700000000003
22469,S326,20161,2016,6084.52
20177,1769,20161,2016,269.7
20230,1863,20161,2016,0.0
20227,1856,20161,2016,838.81
20247,1898,20161,2016,1524.82
20246,1885,20161,2016,67.0
20239,1882,20161,2016,777.1
21586,S158,20161,2016,557.88
21576,S1579,20161,2016,21.27
21575,S1577,20161,2016,143.68
20853,S1011,20161,2016,294.81
20841,S0001,20161,2016,0.0
20930,S1169,20161,2016,64.95
22053,S2004,20161,2016,24051.12
20863,S102,20161,2016,130.0
20879,S103,20161,2016,13.5
21209,S1434,20161,2016,66.96
22326,S236,20161,2016,2060.85
23007,S723,20161,2016,162.48
23018,S75,20161,2016,253.63
23029,S763,20161,2016,1368.89
22591,S460,20161,2016,611.03
22187,S2158,20161,2016,1082.32
22208,S2176,20161,2016,266.8
23350,s615,20161,2016,302.8
23340,s545,20161,2016,7617.4
23338,s538,20161,2016,269.0
22571,S453,20161,2016,266.68
20279,2,20161,2016,11417.35
20291,2031,20161,2016,381.9
20286,2011,20161,2016,284.72
21472,S1526,20161,2016,37.89
23374,s654,20161,2016,491.61
20368,388,20161,2016,1092.56
22574,S456,20161,2016,14179.35
20355,349,20161,2016,84.12
20320,30,20161,2016,9316.29
23104,S888,20161,2016,1223.28
23101,S877,20161,2016,74.47999999999999
23098,S870,20161,2016,127.1
22030,S1982,20161,2016,789.51
22026,S1981,20161,2016,140.5
20802,920,20161,2016,7271.2
22312,S2352,20161,2016,10744.7
21164,S1376,20161,2016,263.35
23090,S860,20161,2016,93.44
21198,S1432,20161,2016,474.5
21221,S1435,20161,2016,617.12
23079,S852,20161,2016,310.44
20332,323,20161,2016,454.56
20301,255,20161,2016,1799.8500000000001
20748,805,20161,2016,4582.04
20770,819,20161,2016,572.43
20338,327,20161,2016,3558.37
21553,S1553,20161,2016,101.09
21542,S1550,20161,2016,13.5
21570,S1575,20161,2016,106.0
21567,S1560,20161,2016,825.4000000000001
22561,S432,20161,2016,2478.96
20420,494,20161,2016,152.55
21173,S1378,20161,2016,257.0
23061,S824,20161,2016,67.1
23054,S816,20161,2016,254.13
23071,S84,20161,2016,94.92
21177,S1388,20161,2016,43.54
21150,S1364,20161,2016,998.26
20388,431,20161,2016,610.0
20909,S1145,20161,2016,23.5
21480,S1527,20161,2016,6740.0
22218,S2191,20161,2016,405.59000000000003
21511,S1539,20161,2016,277.65
22230,S2193,20161,2016,168.13
20434,507,20161,2016,275.4
20432,503,20161,2016,67.4
20410,477,20161,2016,4262.64
20738,801,20161,2016,23648.93
20731,791,20161,2016,1154.9
20518,563,20161,2016,437.23
20546,59,20162,2016,476.4
20918,S1160,20162,2016,2122.46
20453,526,20162,2016,3114.7799999999997
22562,S432,20162,2016,0.0
22565,S443,20162,2016,4976.25
20411,477,20162,2016,0.0
23040,S777,20162,2016,221.0
22338,S239,20162,2016,83.63
22512,S361,20162,2016,34.17
20526,567,20162,2016,3788.0
20528,569,20162,2016,580.8199999999999
20565,610,20162,2016,52.3
20569,618,20162,2016,1640.1
20510,562,20162,2016,1210.0
20495,550,20162,2016,2584.55
22447,S312,20162,2016,287.82
22219,S2191,20162,2016,81.98
21481,S1527,20162,2016,1751.98
20913,S1154,20162,2016,75.86
20914,S1155,20162,2016,92.72
20363,38,20162,2016,842.8
21159,S1367,20162,2016,28.89
22313,S2352,20162,2016,1494.4
21151,S1364,20162,2016,35.0
23072,S84,20162,2016,134.08
23055,S816,20162,2016,111.38
23062,S824,20162,2016,292.64
23359,s644,20162,2016,1520.0
23353,s618,20162,2016,16.0
20519,563,20162,2016,450.73
20739,801,20162,2016,2463.56
20441,509,20162,2016,289.4
21210,S1434,20162,2016,402.97
22005,S1971,20162,2016,734.3
23113,S902,20162,2016,2218.47
21240,S1438,20162,2016,551.78
22327,S236,20162,2016,490.58
23030,S763,20162,2016,912.13
23001,S717,20162,2016,2206.96
20347,328,20162,2016,300.0
20389,431,20162,2016,1911.8000000000002
22555,S41,20162,2016,1100.15
20771,819,20162,2016,108.05
20749,805,20162,2016,12257.0
20904,S1141,20162,2016,106.3
20302,255,20162,2016,692.61
20321,30,20162,2016,4300.67
22054,S2004,20162,2016,24072.86
20576,628,20162,2016,49100.0
20803,920,20162,2016,1778.4
23138,S940,20162,2016,257.16
22067,S2011,20162,2016,936.63
21992,S1940,20162,2016,247.74
21165,S1376,20162,2016,2666.05
23011,S749,20162,2016,99.62
22967,S67,20162,2016,6197.01
20356,349,20162,2016,220.19
22575,S456,20162,2016,6034.1
23375,s654,20162,2016,321.05
21465,S1523,20162,2016,188.94
21468,S1525,20162,2016,354.33
20292,2031,20162,2016,503.2
22592,S460,20162,2016,1580.71
22470,S326,20162,2016,1443.55
22241,S2206,20162,2016,2517.6
22356,S249,20162,2016,1764.1499999999999
23156,s0001,20162,2016,0.0
22085,S2024,20162,2016,313.61
21260,S1444,20162,2016,359.75
21222,S1435,20162,2016,404.1
22000,S1968,20162,2016,1050.0
21974,S1918,20162,2016,38.42
21139,S1361,20162,2016,14788.47
20280,2,20162,2016,22225.62
23341,s545,20162,2016,0.0
21587,S158,20162,2016,118.87
22209,S2176,20162,2016,318.92
21563,S156,20162,2016,1801.62
22589,S459,20162,2016,398.84000000000003
20231,1863,20162,2016,517.6
20178,1769,20162,2016,355.14
20221,1850,20162,2016,332.89
22627,S471,20162,2016,13.5
22611,S467,20162,2016,528.5699999999999
23144,S964,20162,2016,245.3
21948,S1897,20162,2016,1358.5
23153,S995,20162,2016,51.8
21126,S1348,20162,2016,286.79
21129,S1350,20162,2016,13.5
22493,S348,20162,2016,1939.8799999999999
20258,1903,20162,2016,2559.13
20923,S1166,20162,2016,256.23
20931,S1169,20162,2016,194.28
22188,S2158,20162,2016,590.22
20842,S0001,20162,2016,0.0
21494,S1532,20162,2016,1045.0
20161,1751,20162,2016,4606.0
20141,1729,20162,2016,8019.38
22622,S468,20162,2016,95.68
22911,S643,20162,2016,849.3000000000001
22916,S648,20162,2016,980.28
21100,S1322,20162,2016,224.0
21249,S1442,20162,2016,472.14
20632,670,20162,2016,250.0
22079,S2023,20162,2016,165.1
22933,S654,20162,2016,8240.82
22305,S2334,20162,2016,86.66
20941,S118,20162,2016,3913.6
20949,S1182,20162,2016,187.64
20208,1827,20162,2016,1430.8500000000001
20248,1898,20162,2016,209.43
22601,S462,20162,2016,89.1
22893,S629,20162,2016,14.26
22432,S302,20162,2016,88.6
21287,S1457,20162,2016,28.89
21912,S1868,20162,2016,377.22
22500,S36,20162,2016,322.14
20599,644,20162,2016,371.04
20604,647,20162,2016,502.71
20605,648,20162,2016,0.0
20720,767,20162,2016,804.5799999999999
22409,S299,20162,2016,373.66999999999996
22904,S642,20162,2016,32.879999999999995
20960,S1186,20162,2016,722.77
23320,s434,20162,2016,118.91
21614,S161,20162,2016,41.93
21615,S1613,20162,2016,727.81
21473,S1526,20162,2016,92.47999999999999
20971,S1190,20162,2016,1769.22
20786,84,20162,2016,37.55
22894,S630,20162,2016,77.7
21903,S1859,20162,2016,369.7
23168,s1075,20162,2016,110.2
21942,S189,20162,2016,290.62
21108,S1334,20162,2016,907.61
22624,S470,20162,2016,108.28
20153,1746,20162,2016,827.0999999999999
20196,1803,20162,2016,10912.18
21454,S1518,20162,2016,0.0
22231,S2193,20162,2016,633.6
21602,S1588,20162,2016,24.240000000000002
21606,S1597,20162,2016,365.76
23326,s488,20162,2016,0.0
21433,S1511,20162,2016,448.63
22195,S216,20162,2016,176.2
20074,1607,20162,2016,5413.8
22346,S243,20162,2016,262.36
22374,S252,20162,2016,100.38
21870,S1813,20162,2016,89.55
21879,S1818,20162,2016,368.11
21888,S185,20162,2016,1097.08
22308,S2341,20162,2016,448.64
21923,S1882,20162,2016,54.04
23186,s140,20162,2016,947.84
21441,S1513,20162,2016,360.0
22404,S289,20162,2016,185.88
22660,S479,20162,2016,206.1
20087,1616,20162,2016,284.8
20107,1704,20162,2016,254.02
22631,S472,20162,2016,216.64
21876,S1816,20162,2016,43.29
21864,S1798,20162,2016,595.04
23202,s1873,20162,2016,1514.08
22880,S609,20162,2016,3329.39
22855,S594,20162,2016,1300.0
20040,1551,20162,2016,2043.23
22650,S477,20162,2016,99.22
20058,1598,20162,2016,6260.0
20062,1602,20162,2016,14840.0
20017,1512,20162,2016,412.4
19987,1408,20162,2016,20200.0
22666,S48,20162,2016,513.4
20012,1506,20162,2016,1012.05
20099,1669,20162,2016,913.2
20100,170,20162,2016,11079.28
20124,1718,20162,2016,1824.0
20814,99,20162,2016,676.4599999999999
21081,S1292,20162,2016,71.9
21089,S1297,20162,2016,150.10000000000002
22863,S60,20162,2016,418.5
22867,S602,20162,2016,257.8
20709,75,20162,2016,2824.08
20642,675,20162,2016,1091.6
23313,s410,20162,2016,0.0
22171,S2143,20162,2016,50.92
21637,S1625,20162,2016,284.7
20829,IR39,20162,2016,1093.38
21649,S1629,20162,2016,463.99
22853,S591,20162,2016,341.64
21300,S1462,20162,2016,1982.94
21315,S1465,20162,2016,452.79
22281,S2314,20162,2016,13.5
22107,S2058,20162,2016,86.97
21821,S1756,20162,2016,327.7
21853,S1792,20162,2016,602.61
21070,S1269,20162,2016,3543.27
20761,81,20162,2016,1190.62
20993,S1198,20162,2016,140.0
20985,S1193,20162,2016,70.3
22687,S484,20162,2016,187.27
19930,1160,20162,2016,14579.259999999998
19981,136,20162,2016,1918.74
19968,13,20162,2016,59.3
20001,1504,20162,2016,2013.3500000000001
22453,S318,20162,2016,1562.78
22838,S585,20162,2016,1852.63
21832,S1759,20162,2016,137.31
21840,S1774,20162,2016,65.22
22822,S583,20162,2016,5044.73
22514,S364,20162,2016,4839.75
22127,S2081,20162,2016,94.35
23288,s293,20162,2016,2817.31
21447,S1514,20162,2016,39.3
21659,S1632,20162,2016,620.1
21660,S1637,20162,2016,91.1
21662,S1638,20162,2016,23.689999999999998
23300,s3,20162,2016,255.86
21428,S1505,20162,2016,76.72
21429,S151,20162,2016,208.68
21011,S1212,20162,2016,1165.31
21004,S1206,20162,2016,51.72
23235,s2022,20162,2016,449.20000000000005
22271,S2280,20162,2016,64.22
22290,S2321,20162,2016,67.57
23276,s260,20162,2016,122.55
23285,s286,20162,2016,43.43
19906,112,20162,2016,814.4
22750,S513,20162,2016,184.94
21782,S1736,20162,2016,9148.53
21756,S1723,20162,2016,495.0
21767,S1730,20162,2016,3417.62
20558,607,20162,2016,488.61
22803,S567,20162,2016,296.35
22784,S553,20162,2016,811.01
22776,S543,20162,2016,101.04
23254,s2276,20162,2016,41.3
21809,S1755,20162,2016,125.94
21794,S1737,20162,2016,294.2
23224,s2004,20162,2016,456.7
22816,S577,20162,2016,56.47
20873,S1022,20162,2016,56.64
22723,S508,20162,2016,129.51
22758,S524,20162,2016,143.81
22727,S510,20162,2016,0.0
22389,S259,20162,2016,264.88
20621,667,20162,2016,25.42
20622,669,20162,2016,0.0
20624,67,20162,2016,261.25
20649,676,20162,2016,99.66
22763,S526,20162,2016,5314.72
19956,1270,20162,2016,15.36
22710,S496,20162,2016,382.87
22247,S2223,20162,2016,43.480000000000004
22250,S223,20162,2016,475.0
21701,S1682,20162,2016,79.06
22176,S2144,20162,2016,4459.92
21344,S1484,20162,2016,70.75999999999999
22753,S516,20162,2016,153.45
19872,1079,20162,2016,47.1
21719,S1696,20162,2016,268.45
21374,S1494,20162,2016,340.5
22256,S2250,20162,2016,79.38
21392,S15,20162,2016,575.21
21023,S1219,20162,2016,369.09000000000003
21030,S1222,20162,2016,1355.48
21040,S1224,20162,2016,169.98
21043,S124,20162,2016,52.5
22420,S3,20162,2016,1109.82
19908,1130,20162,2016,2689.87
19887,11,20162,2016,468.87
22699,S488,20162,2016,12769.39
19895,1119,20162,2016,286.0
21682,S1670,20162,2016,252.0
23256,s2281,20162,2016,62.42
21708,S1694,20162,2016,124.65
21403,S1500,20162,2016,1462.11
21365,S1489,20162,2016,121.28
21381,S1498,20162,2016,485.09
19834,100,20162,2016,62.55
19841,1028,20162,2016,91750.62
19858,106,20162,2016,539.7
19861,1065,20162,2016,1468.84
22740,S512,20162,2016,168.33999999999997
21352,S1486,20162,2016,149.74
21355,S1487,20162,2016,62.55
22153,S2118,20162,2016,103.5
22157,S2120,20162,2016,207.84
20854,S1011,20162,2016,267.49
22027,S1981,20162,2016,286.8
22031,S1982,20162,2016,63.36
23124,S908,20162,2016,69.5
21199,S1432,20162,2016,272.5
23080,S852,20162,2016,4079.96
20366,384,20162,2016,3600.0
20402,471,20162,2016,570.0
20384,417,20162,2016,57.9
20387,430,20162,2016,432.95000000000005
21523,S1541,20162,2016,451.02
21527,S1542,20162,2016,523.93
20369,388,20162,2016,1196.49
20435,507,20162,2016,1425.0
20465,534,20162,2016,137.45999999999998
21512,S1539,20162,2016,27.86
23361,s650,20162,2016,2334.92
21517,S154,20162,2016,24.4
23360,s649,20162,2016,32.25
22041,S1993,20162,2016,1069.65
22543,S401,20163,2016,93.81
20547,59,20163,2016,405.44
20919,S1160,20163,2016,1066.0
20886,S108,20163,2016,142.83
20454,526,20163,2016,236.21
22539,S399,20163,2016,5.8
20412,477,20163,2016,0.0
20520,563,20163,2016,142.93
20474,535,20163,2016,4680.02
20483,536,20163,2016,663.13
20511,562,20163,2016,2650.0
22534,S389,20163,2016,79.3
20496,550,20163,2016,2521.82
22421,S3,20163,2016,1370.7
21723,S1706,20163,2016,252.0
22158,S2120,20163,2016,792.77
21705,S1693,20163,2016,431.82
21709,S1694,20163,2016,123.08000000000001
21404,S1500,20163,2016,427.57
21366,S1489,20163,2016,207.34
21732,S1712,20163,2016,211.74
21382,S1498,20163,2016,250.0
22276,S2286,20163,2016,464.87
22278,S2289,20163,2016,104.0
19859,106,20163,2016,539.7
22741,S512,20163,2016,750.63
21356,S1487,20163,2016,586.72
21393,S15,20163,2016,1063.83
21720,S1699,20163,2016,129.88
23277,s260,20163,2016,262.11
22257,S2250,20163,2016,488.82000000000005
21044,S124,20163,2016,2354.13
21024,S1219,20163,2016,171.94
19909,1130,20163,2016,4462.62
19888,11,20163,2016,338.54999999999995
22711,S496,20163,2016,389.67
22700,S488,20163,2016,16974.36
19896,1119,20163,2016,286.2
19931,1160,20163,2016,0.0
19842,1028,20163,2016,33184.88
22717,S498,20163,2016,195.8
22721,S506,20163,2016,84.48
19862,1065,20163,2016,1630.5
21031,S1222,20163,2016,929.28
22754,S516,20163,2016,123.0
22728,S510,20163,2016,446.04
22390,S259,20163,2016,1989.99
22265,S2252,20163,2016,155.5
21746,S1721,20163,2016,166.13
20625,67,20163,2016,1208.99
21056,S1265,20163,2016,824.57
19919,115,20163,2016,4234.15
19922,116,20163,2016,170.53
19951,121,20163,2016,1414.9
19957,1270,20163,2016,140.35
21430,S151,20163,2016,82.39
22252,S225,20163,2016,87.14
22177,S2144,20163,2016,1013.1899999999999
22771,S527,20163,2016,257.1
22772,S533,20163,2016,366.41
21783,S1736,20163,2016,13692.13
22137,S2090,20163,2016,0.0
23246,s2134,20163,2016,488.92
22124,S2080,20163,2016,26.939999999999998
21362,S1488,20163,2016,13.5
22516,S365,20163,2016,13.5
22804,S567,20163,2016,115.58000000000001
22782,S549,20163,2016,54.0
22785,S553,20163,2016,147.4
21768,S1730,20163,2016,6684.2300000000005
21795,S1737,20163,2016,75.66
23225,s2004,20163,2016,11648.470000000001
21090,S1297,20163,2016,62.75
20588,631,20163,2016,108.68
22454,S318,20163,2016,367.72
23289,s293,20163,2016,1985.0700000000002
23301,s3,20163,2016,60.0
21012,S1212,20163,2016,5508.21
21001,S1203,20163,2016,92.72
21005,S1206,20163,2016,526.4
22128,S2081,20163,2016,19.56
23236,s2022,20163,2016,356.48
22291,S2321,20163,2016,285.34
22294,S2330,20163,2016,23.95
21324,S1472,20163,2016,35.6
21810,S1755,20163,2016,1049.91
21822,S1756,20163,2016,316.25
21849,S1790,20163,2016,45.16
21854,S1792,20163,2016,1350.89
21650,S1629,20163,2016,12.92
20762,81,20163,2016,1433.06
20994,S1198,20163,2016,322.7
20986,S1193,20163,2016,98.69999999999999
22693,S485,20163,2016,1326.0
19982,136,20163,2016,0.0
19997,1424,20163,2016,370.0
21071,S1269,20163,2016,3006.95
22823,S583,20163,2016,35290.54
23215,s1977,20163,2016,92.65
21844,S1783,20163,2016,188.94
20839,IR81,20163,2016,97.85
22433,S302,20163,2016,71.55
21082,S1294,20163,2016,254.7
22868,S602,20163,2016,185.94
20710,75,20163,2016,1668.05
20643,675,20163,2016,9.01
23318,s414,20163,2016,205.8
21417,S1504,20163,2016,22.16
22172,S2143,20163,2016,574.49
20855,S1011,20163,2016,15.16
20830,IR39,20163,2016,101.6
21638,S1625,20163,2016,2623.86
21647,S1627,20163,2016,498.72
22839,S585,20163,2016,1063.3600000000001
21872,S1815,20163,2016,125.12
22109,S2069,20163,2016,92.72
22116,S2078,20163,2016,226.3
21898,S1858,20163,2016,467.83
22873,S607,20163,2016,52.17
22856,S594,20163,2016,177.04
20075,1607,20163,2016,21704.18
22677,S481,20163,2016,244.44
20041,1551,20163,2016,1351.1799999999998
22651,S477,20163,2016,409.54
20063,1602,20163,2016,3870.73
19988,1408,20163,2016,0.0
22667,S48,20163,2016,292.14
20033,1540,20163,2016,18341.5
22648,S476,20163,2016,452.34999999999997
20116,1712,20163,2016,745.21
20787,84,20163,2016,248.05
22398,S267,20163,2016,491.36
20654,677,20163,2016,42.62
20657,678,20163,2016,22180.39
20662,679,20163,2016,3967.7
22471,S326,20163,2016,2440.06
21607,S1597,20163,2016,668.02
21611,S1598,20163,2016,1668.26
20636,673,20163,2016,511.41999999999996
23203,s1873,20163,2016,0.0
21880,S1818,20163,2016,937.78
21889,S185,20163,2016,1407.72
21301,S1462,20163,2016,86.22
22309,S2341,20163,2016,130.74
21272,S1453,20163,2016,13.5
22282,S2316,20163,2016,1172.0
22283,S232,20163,2016,766.56
21434,S1511,20163,2016,1276.57
20673,683,20163,2016,450.52
22661,S479,20163,2016,92.72
20088,1616,20163,2016,4234.59
22642,S475,20163,2016,149.74
20108,1704,20163,2016,1668.9599999999998
20142,1729,20163,2016,17025.79
20125,1718,20163,2016,780.39
20972,S1190,20163,2016,887.1700000000001
21924,S1882,20163,2016,605.8
20781,829,20163,2016,2468.0
22888,S627,20163,2016,214.12
21904,S1859,20163,2016,2807.98
21944,S1892,20163,2016,94.95
22099,S2041,20163,2016,360.6
23173,s1212,20163,2016,1091.35
20666,681,20163,2016,54.45
20667,682,20163,2016,10699.59
21109,S1334,20163,2016,1637.97
22625,S470,20163,2016,124.5
20154,1746,20163,2016,700.02
20197,1803,20163,2016,12144.33
21455,S1518,20163,2016,181.18
21616,S1613,20163,2016,256.41
23327,s488,20163,2016,2953.72
21632,S1617,20163,2016,133.92000000000002
20633,671,20163,2016,455.48
22501,S36,20163,2016,1018.37
20600,644,20163,2016,91.18
20606,648,20163,2016,523.12
23169,s1075,20163,2016,1839.95
22612,S467,20163,2016,13804.45
22242,S2206,20163,2016,991.8
23321,s434,20163,2016,86.22
23323,s465,20163,2016,38.42
21442,S1513,20163,2016,1640.0
20162,1751,20163,2016,2303.0
20171,1758,20163,2016,352.0
20135,1726,20163,2016,297.45
22905,S642,20163,2016,113.38
22917,S648,20163,2016,589.1
21250,S1442,20163,2016,2995.4900000000002
21931,S1883,20163,2016,54.94
22357,S249,20163,2016,600.58
22929,S653,20163,2016,456.5
22934,S654,20163,2016,9912.53
21140,S1361,20163,2016,14205.76
20950,S1182,20163,2016,74.08
20209,1827,20163,2016,523.31
20240,1882,20163,2016,18.1
20228,1856,20163,2016,392.6
20179,1769,20163,2016,171.92
20185,1793,20163,2016,209.5
22602,S462,20163,2016,89.1
21245,S1441,20163,2016,118.02
21967,S1916,20163,2016,928.88
21949,S1897,20163,2016,218.82
21951,S19,20163,2016,55.2
21955,S1902,20163,2016,91.82
21958,S1905,20163,2016,239.78
20577,628,20163,2016,5562.04
22946,S659,20163,2016,348.79999999999995
21128,S1349,20163,2016,253.87
22944,S657,20163,2016,215.37
20270,1991,20163,2016,5240.75
20249,1898,20163,2016,125.6
20924,S1166,20163,2016,284.7
22189,S2158,20163,2016,587.8299999999999
20843,S0001,20163,2016,0.0
21577,S1579,20163,2016,73.06
22232,S2193,20163,2016,312.19
21495,S1532,20163,2016,1532.6599999999999
20961,S1186,20163,2016,598.55
22926,S652,20163,2016,5855.18
23157,s0001,20163,2016,0.0
22055,S2004,20163,2016,29702.14
22080,S2023,20163,2016,333.52
22086,S2024,20163,2016,1601.4
21223,S1435,20163,2016,388.9
22951,S660,20163,2016,34.67
22954,S662,20163,2016,399.65
22593,S460,20163,2016,348.7
20312,257,20163,2016,153.9
20297,205,20163,2016,38.379999999999995
23342,s545,20163,2016,675.0
21588,S158,20163,2016,459.25
22210,S2176,20163,2016,123.73
22211,S2177,20163,2016,624.46
22590,S459,20163,2016,391.2
20237,1877,20163,2016,680.0
20570,618,20163,2016,601.95
21990,S1932,20163,2016,269.06
22017,S1979,20163,2016,662.0799999999999
20804,920,20163,2016,6917.34
22065,S2007,20163,2016,243.65
21166,S1376,20163,2016,106.75
23010,S745,20163,2016,259.0
23012,S749,20163,2016,690.42
20357,349,20163,2016,490.9
22576,S456,20163,2016,7956.700000000001
23376,s654,20163,2016,1263.32
21463,S1521,20163,2016,31.959999999999997
21466,S1523,20163,2016,139.16
20932,S1169,20163,2016,0.0
20259,1903,20163,2016,399.68
20287,2011,20163,2016,275.76
20293,2031,20163,2016,352.24
22968,S67,20163,2016,894.06
21211,S1434,20163,2016,596.9399999999999
22001,S1968,20163,2016,97.5
22006,S1971,20163,2016,2462.35
23114,S902,20163,2016,12908.41
22328,S236,20163,2016,892.16
20880,S103,20163,2016,92.9
20864,S102,20163,2016,199.9
20370,388,20163,2016,782.81
20339,327,20163,2016,675.15
20772,819,20163,2016,91.08
20750,805,20163,2016,1011.4
20936,S1179,20163,2016,861.38
20303,255,20163,2016,2391.74
20322,30,20163,2016,3125.11
20349,338,20163,2016,284.09000000000003
23125,S91,20163,2016,302.8
23126,S92,20163,2016,157.41
22032,S1982,20163,2016,365.76
23099,S870,20163,2016,0.0
21197,S143,20163,2016,92.76
21200,S1432,20163,2016,536.61
23081,S852,20163,2016,4752.63
23063,S824,20163,2016,171.94
23069,S837,20163,2016,80.17
22339,S239,20163,2016,704.85
20399,460,20163,2016,885.7
20403,471,20163,2016,937.95
21482,S1527,20163,2016,4616.0599999999995
23362,s650,20163,2016,5933.74
23364,s652,20163,2016,130.9
21528,S1542,20163,2016,168.79
22410,S299,20163,2016,830.99
21549,S1551,20163,2016,167.15
21552,S1552,20163,2016,26.67
20442,509,20163,2016,746.0
20426,497,20163,2016,2285.37
20466,534,20163,2016,39.5
21513,S1539,20163,2016,1470.2
22220,S2191,20163,2016,1504.18
20905,S1141,20163,2016,76.42
22558,S42,20163,2016,194.54
22314,S2352,20163,2016,8662.49
23041,S777,20163,2016,758.03
20815,99,20163,2016,32882.0
21152,S1364,20163,2016,249.83999999999997
21176,S1382,20163,2016,184.94
21181,S139,20163,2016,798.56
23050,S798,20163,2016,218.75
23056,S816,20163,2016,22.99
22489,S337,20163,2016,420.8
23031,S763,20163,2016,573.72
23354,s618,20163,2016,46.66
22448,S312,20163,2016,384.85
23351,s615,20163,2016,302.8
21503,S1533,20163,2016,151.5
20529,569,20163,2016,33.11
22527,S384,20163,2016,38.97
20505,56,20163,2016,26.439999999999998
20740,801,20163,2016,2858.1099999999997
20729,771,20164,2016,106.75
22511,S360,20164,2016,41.9
20521,563,20164,2016,31.99
20548,59,20164,2016,9462.7
20920,S1160,20164,2016,0.0
20933,S1169,20164,2016,66.67
20906,S1141,20164,2016,99.72
20925,S1166,20164,2016,284.7
22391,S259,20164,2016,43.58
20951,S1182,20164,2016,802.11
20995,S1198,20164,2016,112.94
20998,S120,20164,2016,76.47999999999999
20962,S1186,20164,2016,794.35
20973,S1190,20164,2016,716.22
22455,S318,20164,2016,1225.99
21013,S1212,20164,2016,4077.8700000000003
20987,S1193,20164,2016,45.43
21006,S1206,20164,2016,76.74
22422,S3,20164,2016,1356.78
20874,S1022,20164,2016,46.46
21025,S1219,20164,2016,265.83000000000004
22375,S252,20164,2016,434.4
21065,S1268,20164,2016,300.0
21032,S1222,20164,2016,837.6800000000001
21045,S124,20164,2016,2046.0
21057,S1265,20164,2016,325.98
21091,S1297,20164,2016,2004.79
21072,S1269,20164,2016,724.0899999999999
22347,S243,20164,2016,1286.6299999999999
21083,S1294,20164,2016,82.16
21120,S1347,20164,2016,251.2
21110,S1334,20164,2016,858.03
21141,S1361,20164,2016,12155.56
20721,767,20164,2016,435.98
20677,684,20164,2016,470.52
20678,685,20164,2016,1766.56
20679,686,20164,2016,0.0
20681,688,20164,2016,226.64
22353,S247,20164,2016,438.6
22358,S249,20164,2016,1269.13
22329,S236,20164,2016,825.4
21131,S1354,20164,2016,174.95999999999998
21167,S1376,20164,2016,1725.6299999999999
21188,S1402,20164,2016,1043.6
21193,S1413,20164,2016,33.18
22315,S2352,20164,2016,133.03
21174,S1378,20164,2016,256.23
21201,S1432,20164,2016,1070.47
21241,S1438,20164,2016,112.56
20881,S103,20164,2016,13.5
20883,S1069,20164,2016,181.5
20867,S1021,20164,2016,689.7
20711,75,20164,2016,1650.25
21212,S1434,20164,2016,37.36
21224,S1435,20164,2016,587.27
22306,S2334,20164,2016,86.66
21251,S1442,20164,2016,806.74
20668,682,20164,2016,0.0
21283,S1456,20164,2016,130.75
21265,S1448,20164,2016,86.0
22295,S2330,20164,2016,312.3
21302,S1462,20164,2016,315.9
22284,S232,20164,2016,873.58
21294,S1459,20164,2016,166.1
21332,S1478,20164,2016,1280.1200000000001
21307,S1463,20164,2016,188.57999999999998
21316,S1465,20164,2016,129.47
21317,S1467,20164,2016,43.129999999999995
22292,S2321,20164,2016,142.59
21379,S1497,20164,2016,86.0
21353,S1486,20164,2016,118.5
21405,S1500,20164,2016,38.099999999999994
21394,S15,20164,2016,727.24
21431,S151,20164,2016,208.68
21418,S1504,20164,2016,206.88000000000002
21435,S1511,20164,2016,109.0
20658,678,20164,2016,1904.4
22472,S326,20164,2016,1994.6799999999998
21443,S1513,20164,2016,1400.0
21474,S1526,20164,2016,378.64
21456,S1518,20164,2016,183.9
21496,S1532,20164,2016,2692.16
22411,S299,20164,2016,5838.45
20844,S0001,20164,2016,0.0
22243,S2206,20164,2016,1162.8
21469,S1525,20164,2016,538.58
22221,S2191,20164,2016,194.94
21483,S1527,20164,2016,658.3299999999999
21493,S1531,20164,2016,840.98
23377,s654,20164,2016,156.76999999999998
21505,S1534,20164,2016,231.0
21514,S1539,20164,2016,27.64
23365,s652,20164,2016,398.84
22199,S2161,20164,2016,107.25
22205,S2165,20164,2016,80.58
21524,S1541,20164,2016,696.61
21529,S1542,20164,2016,364.3
21568,S1564,20164,2016,224.35
21571,S1575,20164,2016,4105.0599999999995
21543,S1550,20164,2016,262.5
21554,S1553,20164,2016,53.7
21556,S1555,20164,2016,82.06
21589,S158,20164,2016,438.36
22190,S2158,20164,2016,83.5
21578,S1579,20164,2016,23.33
23324,s47,20164,2016,145.78
21617,S1613,20164,2016,713.32
21597,S1585,20164,2016,259.32
21603,S1588,20164,2016,199.86
23328,s488,20164,2016,3507.51
21633,S1617,20164,2016,396.43
20640,674,20164,2016,517.72
23309,s40,20164,2016,459.27
21626,S1614,20164,2016,265.78000000000003
22173,S2143,20164,2016,84.92
20825,IR11,20164,2016,5162.61
20831,IR39,20164,2016,1959.3799999999999
21639,S1625,20164,2016,3629.3
21648,S1627,20164,2016,30.88
23290,s293,20164,2016,1584.65
21664,S1646,20164,2016,13.5
22178,S2144,20164,2016,4213.38
21671,S1664,20164,2016,92.76
21674,S1668,20164,2016,1153.82
21681,S1669,20164,2016,32.879999999999995
22159,S2120,20164,2016,301.75
21703,S1691,20164,2016,59.48
21706,S1693,20164,2016,19.63
21710,S1694,20164,2016,41.3
23267,s236,20164,2016,889.46
21726,S1709,20164,2016,256.23
21733,S1712,20164,2016,64.06
22143,S2108,20164,2016,150.84
22164,S213,20164,2016,251.56
21747,S1721,20164,2016,609.89
20615,658,20164,2016,1025.33
20618,664,20164,2016,0.0
23247,s2261,20164,2016,184.94
21778,S1735,20164,2016,422.64
21784,S1736,20164,2016,7785.13
21757,S1723,20164,2016,407.0
22146,S2116,20164,2016,420.88
21769,S1730,20164,2016,3420.67
23226,s2004,20164,2016,7485.0
22129,S2081,20164,2016,110.2
23237,s2022,20164,2016,385.36
21811,S1755,20164,2016,1107.0900000000001
21823,S1756,20164,2016,424.65
22434,S302,20164,2016,223.11
23191,s148,20164,2016,168.99
23216,s1977,20164,2016,536.1600000000001
23222,s199,20164,2016,1351.92
22111,S2070,20164,2016,187.03
21899,S1858,20164,2016,66.9
21855,S1792,20164,2016,1126.4599999999998
23199,s178,20164,2016,126.06
23204,s1873,20164,2016,782.4000000000001
23184,s1361,20164,2016,448.51
21881,S1818,20164,2016,367.96000000000004
21890,S185,20164,2016,560.88
21905,S1859,20164,2016,3169.7799999999997
22102,S2046,20164,2016,28.89
23174,s1212,20164,2016,471.94
21913,S1868,20164,2016,1598.0900000000001
22502,S36,20164,2016,418.19
22073,S2014,20164,2016,368.81
21925,S1882,20164,2016,547.75
21932,S1883,20164,2016,98.7
21968,S1916,20164,2016,306.06
21950,S1897,20164,2016,503.49
21952,S19,20164,2016,1358.1
23154,S995,20164,2016,18.0
23158,s0001,20164,2016,0.0
22056,S2004,20164,2016,33127.43
21959,S1905,20164,2016,118.8
21998,S1957,20164,2016,56.8
23127,S92,20164,2016,43.06
22018,S1979,20164,2016,956.11
20805,920,20164,2016,23575.34
23135,S933,20164,2016,94.72
23139,S940,20164,2016,136.26
22066,S2007,20164,2016,124.75
22068,S2011,20164,2016,1026.06
22002,S1968,20164,2016,97.5
22007,S1971,20164,2016,7142.51
23115,S902,20164,2016,2706.2400000000002
23082,S852,20164,2016,2120.15
23092,S866,20164,2016,795.6800000000001
23064,S824,20164,2016,599.02
23073,S84,20164,2016,51.72
23051,S798,20164,2016,328.4
23057,S816,20164,2016,189.8
20609,649,20164,2016,16858.71
22491,S34,20164,2016,31.34
23032,S763,20164,2016,1190.94
23042,S777,20164,2016,394.98
20816,99,20164,2016,18696.48
23027,S751,20164,2016,224.0
22969,S67,20164,2016,1341.46
22952,S661,20164,2016,2367.2
22958,S664,20164,2016,133.12
22935,S654,20164,2016,8775.88
20578,628,20164,2016,22267.08
22945,S657,20164,2016,215.37
22927,S652,20164,2016,3804.91
22930,S653,20164,2016,431.05
22906,S642,20164,2016,62.92
22912,S643,20164,2016,60.81
22918,S648,20164,2016,556.0
20773,819,20164,2016,219.63
20782,829,20164,2016,0.0
22889,S627,20164,2016,63.03
22896,S633,20164,2016,54.8
22898,S637,20164,2016,167.41
22874,S607,20164,2016,480.77
22857,S594,20164,2016,1645.2
22840,S585,20164,2016,1927.0800000000002
22832,S584,20164,2016,419.70000000000005
20589,631,20164,2016,2363.58
22805,S567,20164,2016,144.56
22786,S553,20164,2016,387.01
22764,S526,20164,2016,69.6
22751,S513,20164,2016,469.5
22729,S510,20164,2016,545.16
19838,102,20164,2016,43188.479999999996
19853,1039,20164,2016,784.1500000000001
22742,S512,20164,2016,2404.16
19873,1079,20164,2016,715.06
19881,1082,20164,2016,92.7
19843,1028,20164,2016,25146.22
19863,1065,20164,2016,1494.51
19910,1130,20164,2016,4863.27
19889,11,20164,2016,5336.139999999999
22701,S488,20164,2016,17662.0
19897,1119,20164,2016,1607.84
19932,1160,20164,2016,63190.88
19923,116,20164,2016,52.87
19958,1270,20164,2016,15.36
19943,1187,20164,2016,1485.2
19947,12000,20164,2016,39891.090000000004
19983,136,20164,2016,321.9
19969,13,20164,2016,780.44
20002,1504,20164,2016,681.01
22685,S482,20164,2016,8.0
20763,81,20164,2016,815.6199999999999
20024,1515,20164,2016,522.0
19984,1368,20164,2016,4865.68
19989,1408,20164,2016,40400.0
22668,S48,20164,2016,320.36
20013,1506,20164,2016,61.8
20076,1607,20164,2016,7089.85
22678,S481,20164,2016,1455.3600000000001
20042,1551,20164,2016,1287.37
20064,1602,20164,2016,12932.0
20085,1609,20164,2016,2395.0
20117,1712,20164,2016,3166.62
20788,84,20164,2016,388.90000000000003
22662,S479,20164,2016,92.72
20089,1616,20164,2016,55914.3
22632,S472,20164,2016,50.86
20109,1704,20164,2016,288.8
20143,1729,20164,2016,11222.16
20126,1718,20164,2016,771.54
20163,1751,20164,2016,4606.0
20155,1746,20164,2016,400.62
20198,1803,20164,2016,3492.69
20219,1830,20164,2016,1363.54
22626,S470,20164,2016,52.66
20186,1793,20164,2016,415.2
22603,S462,20164,2016,87.66
20210,1827,20164,2016,38.61
20222,1850,20164,2016,620.15
20260,1903,20164,2016,545.8800000000001
22586,S458,20164,2016,295.34000000000003
22613,S467,20164,2016,8362.37
20268,1931,20164,2016,1592.46
20250,1898,20164,2016,107.09
20288,2011,20164,2016,297.2
20294,2031,20164,2016,31.42
22594,S460,20164,2016,2381.46
20313,257,20164,2016,1184.4
20276,1995,20164,2016,732.0
20281,2,20164,2016,0.0
20304,255,20164,2016,1846.86
20333,323,20164,2016,14.64
20323,30,20164,2016,637.8
20350,338,20164,2016,2981.16
20358,349,20164,2016,127.44
22577,S456,20164,2016,7178.97
20371,388,20164,2016,291.97
20751,805,20164,2016,1719.5
22442,S305,20164,2016,213.3
20400,460,20164,2016,361.34
20421,494,20164,2016,139.05
22566,S443,20164,2016,130.78
20393,44,20164,2016,4003.23
20436,507,20164,2016,480.66
22537,S393,20164,2016,183.9
20413,477,20164,2016,0.0
20443,509,20164,2016,664.4
20450,518,20164,2016,192.54
20431,499,20164,2016,400.14
20467,534,20164,2016,247.92
20484,536,20164,2016,47.42999999999999
20455,526,20164,2016,1519.77
20497,550,20164,2016,84.02
20475,535,20164,2016,100.83
20512,562,20164,2016,4520.0
22530,S385,20164,2016,13.5
20530,569,20164,2016,409.22999999999996
22449,S312,20164,2016,704.24
22042,S1993,20164,2016,313.48
19948,12000,20165,2016,28237.18
22138,S2090,20165,2016,132.4
22806,S567,20165,2016,3651.2400000000002
20414,477,20165,2016,0.0
23378,s654,20165,2016,753.81
19970,13,20165,2016,412.24
21515,S1539,20165,2016,1188.72
22222,S2191,20165,2016,32.25
21541,S1549,20165,2016,386.22
23355,s618,20165,2016,44.34
21536,S1546,20165,2016,153.18
20741,801,20165,2016,26115.91
21758,S1723,20165,2016,2934.58
22069,S2011,20165,2016,238.4
20887,S108,20165,2016,56.61
22841,S585,20165,2016,1611.24
20685,691,20165,2016,5239.0
20683,689,20165,2016,164.99
21121,S1347,20165,2016,136.16
23205,s1873,20165,2016,2612.79
23217,s1977,20165,2016,60.01
23195,s1721,20165,2016,857.0
20682,688,20165,2016,0.0
22465,S322,20165,2016,98.64
21142,S1361,20165,2016,3001.7400000000002
21711,S1694,20165,2016,8266.07
20522,563,20165,2016,51.06
22503,S36,20165,2016,403.52000000000004
20538,586,20165,2016,321.5
20601,644,20165,2016,277.88
22050,S2003,20165,2016,67.7
20752,805,20165,2016,3227.26
22722,S506,20165,2016,55.17
22718,S498,20165,2016,157.88
23278,s260,20165,2016,908.04
21722,S1702,20165,2016,92.94
20764,81,20165,2016,1170.8200000000002
22450,S312,20165,2016,467.1
20531,569,20165,2016,46.34
20559,607,20165,2016,734.1899999999999
23257,s2281,20165,2016,13.5
21153,S1364,20165,2016,396.48
22604,S462,20165,2016,56.47
20187,1793,20165,2016,38.620000000000005
20211,1827,20165,2016,72.45
21092,S1297,20165,2016,213.34
20127,1718,20165,2016,77.28
21073,S1269,20165,2016,841.13
22117,S2078,20165,2016,432.81
22970,S67,20165,2016,1384.57
22702,S488,20165,2016,17184.31
19959,1270,20165,2016,1358.53
19844,1028,20165,2016,59035.75
23116,S902,20165,2016,755.33
22008,S1971,20165,2016,4640.89
22003,S1968,20165,2016,184.56
21160,S1367,20165,2016,435.69
22760,S525,20165,2016,1674.67
21960,S1905,20165,2016,389.88
22057,S2004,20165,2016,5987.79
21841,S1777,20165,2016,98.69
23212,s1972,20165,2016,196.5
21058,S1265,20165,2016,1096.94
19864,1065,20165,2016,267.28
20232,1863,20165,2016,395.0
22614,S467,20165,2016,662.84
20261,1903,20165,2016,284.03000000000003
23302,s3,20165,2016,2411.27
19882,1082,20165,2016,1016.5
19874,1079,20165,2016,278.85
19854,1039,20165,2016,672.98
21672,S1664,20165,2016,44.230000000000004
21914,S1868,20165,2016,485.31
20498,550,20165,2016,3468.01
20090,1616,20165,2016,2161.4
21182,S139,20165,2016,49.34
21178,S1388,20165,2016,137.31
22316,S2352,20165,2016,3434.09
20144,1729,20165,2016,37412.189999999995
22712,S496,20165,2016,42.06
21261,S1444,20165,2016,139.32
21850,S1790,20165,2016,164.97
21812,S1755,20165,2016,748.67
22919,S648,20165,2016,847.22
19898,1119,20165,2016,3838.9399999999996
20774,819,20165,2016,1215.08
22532,S386,20165,2016,89.93
22528,S384,20165,2016,13.5
20513,562,20165,2016,5310.0
20476,535,20165,2016,7250.639999999999
22179,S2144,20165,2016,1210.98
20241,1882,20165,2016,1577.53
21033,S1222,20165,2016,1052.16
21202,S1432,20165,2016,751.89
21194,S1422,20165,2016,240.5
21046,S124,20165,2016,812.44
20101,170,20165,2016,0.0
21041,S1224,20165,2016,80.52
22595,S460,20165,2016,479.02
20251,1898,20165,2016,1115.78
21235,S1437,20165,2016,137.31
22423,S3,20165,2016,1079.17
20817,99,20165,2016,15.18
20783,829,20165,2016,12852.67
21675,S1668,20165,2016,275.09000000000003
23009,S73,20165,2016,416.82
20118,1712,20165,2016,30.87
20065,1602,20165,2016,2538.23
20059,1598,20165,2016,11046.5
21213,S1434,20165,2016,1025.06
22321,S2355,20165,2016,52.46
21225,S1435,20165,2016,384.61
23175,s1212,20165,2016,95.46000000000001
21252,S1442,20165,2016,5535.81
23002,S717,20165,2016,261.86
21856,S1792,20165,2016,1166.27
22381,S256,20165,2016,949.0
23291,s293,20165,2016,1934.25
21640,S1625,20165,2016,858.11
21631,S1616,20165,2016,862.2
20626,67,20165,2016,544.08
20616,663,20165,2016,356.0
22812,S573,20165,2016,451.31
22817,S577,20165,2016,459.57
22743,S512,20165,2016,826.56
22652,S477,20165,2016,149.51999999999998
20271,1991,20165,2016,7113.360000000001
20077,1607,20165,2016,14244.86
20277,1995,20165,2016,6624.5
20314,257,20165,2016,710.64
23128,S92,20165,2016,13.5
23238,s2022,20165,2016,622.24
20988,S1193,20165,2016,136.62
21014,S1212,20165,2016,2075.45
22903,S641,20165,2016,180.69
20722,767,20165,2016,692.35
21618,S1613,20165,2016,734.53
20456,526,20165,2016,5170.05
22523,S38,20165,2016,227.4
22483,S334,20165,2016,871.0
22296,S2330,20165,2016,100.5
21266,S1448,20165,2016,258.0
21284,S1456,20165,2016,68.19
20305,255,20165,2016,1715.1499999999999
22456,S318,20165,2016,808.1
20974,S1190,20165,2016,52.98
21288,S1457,20165,2016,2012.32
22285,S232,20165,2016,357.8
21279,S1455,20165,2016,104.16
20644,675,20165,2016,841.54
20637,673,20165,2016,2226.76
22833,S584,20165,2016,173.03
22435,S302,20165,2016,33.05
23310,s40,20165,2016,57.86
23306,s367,20165,2016,137.31
23028,S751,20165,2016,1204.04
21303,S1462,20165,2016,421.2
20295,2031,20165,2016,961.8
22572,S453,20165,2016,165.21
20283,2000,20165,2016,50.48
22787,S553,20165,2016,478.68
22777,S543,20165,2016,1185.54
23033,S763,20165,2016,874.19
23109,S90,20165,2016,150.0
21635,S1624,20165,2016,146.0
21612,S1598,20165,2016,434.7
21608,S1597,20165,2016,645.1
22679,S481,20165,2016,601.8299999999999
20468,534,20165,2016,528.96
20448,512,20165,2016,765.0600000000001
21275,S1454,20165,2016,393.8
22669,S48,20165,2016,30.07
21308,S1463,20165,2016,1097.42
21333,S1478,20165,2016,35.39
20963,S1186,20165,2016,709.9100000000001
21865,S1798,20165,2016,74.38
22402,S287,20165,2016,244.89999999999998
22399,S267,20165,2016,454.92999999999995
21345,S1484,20165,2016,13.5
21598,S1585,20165,2016,98.7
19839,102,20165,2016,117.82
20832,IR39,20165,2016,447.24
20828,IR18,20165,2016,121.0
22196,S216,20165,2016,1390.8
20052,1561,20165,2016,11960.0
22752,S513,20165,2016,40.3
23043,S777,20165,2016,2268.26
20324,30,20165,2016,885.9
20334,323,20165,2016,29.4
20952,S1182,20165,2016,131.56
20043,1551,20165,2016,424.04999999999995
20996,S1198,20165,2016,254.4
20351,338,20165,2016,307.21999999999997
22858,S594,20165,2016,934.85
22019,S1979,20165,2016,134.81
22824,S583,20165,2016,0.0
20845,S0001,20165,2016,0.0
22412,S299,20165,2016,1437.1
23329,s488,20165,2016,1721.99
21336,S1480,20165,2016,49.06
22277,S2286,20165,2016,174.85000000000002
21383,S1498,20165,2016,222.0
22488,S336,20165,2016,332.7
22899,S637,20165,2016,112.6
22884,S612,20165,2016,186.3
22881,S609,20165,2016,125.0
22130,S2081,20165,2016,41.3
23227,s2004,20165,2016,411.67
23058,S816,20165,2016,189.8
22392,S259,20165,2016,859.9
21406,S1500,20165,2016,675.98
22258,S2250,20165,2016,92.72
21796,S1737,20165,2016,441.3
21785,S1736,20165,2016,6634.06
20942,S118,20165,2016,2875.6
23105,S888,20165,2016,276.34000000000003
19940,1186,20165,2016,1411.5
19933,1160,20165,2016,280.23
21559,S1557,20165,2016,13.5
19835,100,20165,2016,95.25
22578,S456,20165,2016,12787.970000000001
21375,S1494,20165,2016,261.06
21372,S149,20165,2016,360.45
20590,631,20165,2016,2352.8
23145,S964,20165,2016,51.760000000000005
21933,S1883,20165,2016,892.44
19890,11,20165,2016,1593.3400000000001
19911,1130,20165,2016,995.65
23159,s0001,20165,2016,0.0
22087,S2024,20165,2016,130.12
21906,S1859,20165,2016,2537.25
21900,S1858,20165,2016,195.3
23187,s140,20165,2016,90.81
21921,S1873,20165,2016,278.41
21590,S158,20165,2016,1246.6799999999998
23349,s571,20165,2016,8.0
20372,388,20165,2016,324.58
21969,S1916,20165,2016,859.51
22688,S484,20165,2016,277.06
20003,1504,20165,2016,1255.6000000000001
22244,S2206,20165,2016,547.2
21557,S1555,20165,2016,101.22
22538,S397,20165,2016,87.96000000000001
22536,S390,20165,2016,66.43
20437,507,20165,2016,114.0
20419,488,20165,2016,1781.68
22730,S510,20165,2016,27.0
21444,S1513,20165,2016,3200.0
20669,682,20165,2016,0.0
22473,S326,20165,2016,1092.48
22556,S412,20165,2016,272.16
20390,431,20165,2016,366.0
23248,s2265,20165,2016,24.92
21770,S1730,20165,2016,10672.99
21419,S1504,20165,2016,206.6
21448,S1514,20165,2016,2729.1800000000003
21891,S185,20165,2016,1322.9
21882,S1818,20165,2016,1077.34
20892,S1101,20165,2016,47.33
21497,S1532,20165,2016,2069.1400000000003
21484,S1527,20165,2016,396.65000000000003
23387,s674,20165,2016,2445.29
20361,353,20165,2016,146.28
21525,S1541,20165,2016,29.61
23366,s652,20165,2016,29.53
23083,S852,20165,2016,2020.1799999999998
20712,75,20165,2016,579.13
20404,471,20165,2016,1140.0
23343,s545,20165,2016,5214.2
22147,S2116,20165,2016,596.85
19998,1424,20165,2016,430.0
21470,S1525,20165,2016,94.18
22765,S526,20165,2016,0.0
21683,S1670,20165,2016,66.56
22795,S557,20165,2016,133.38
23268,s236,20165,2016,667.2
22962,S667,20165,2016,67.64
22959,S664,20165,2016,66.56
22955,S662,20165,2016,284.7
22953,S661,20165,2016,67.3
22978,S672,20165,2016,53.2
22330,S236,20165,2016,3283.1800000000003
22464,S321,20165,2016,52.68
21084,S1294,20165,2016,89.16
22368,S25,20165,2016,16.67
22359,S249,20165,2016,1044.21
20579,628,20165,2016,57092.130000000005
20571,618,20165,2016,165.66
20549,59,20165,2016,8498.4
21748,S1721,20165,2016,555.6800000000001
23264,s2311,20165,2016,386.7
23265,s2320,20165,2016,162.55
22139,S21,20165,2016,207.5
22144,S2108,20165,2016,146.84
22165,S213,20165,2016,1256.5
21877,S1816,20165,2016,82.22
20156,1746,20165,2016,2484.44
20199,1803,20165,2016,48902.62
20172,1758,20165,2016,1346.4
22936,S654,20165,2016,16138.94
22964,S669,20165,2016,259.08
22043,S1993,20165,2016,262.38
19949,12000,20166,2016,706.5
22694,S485,20166,2016,52.0
21741,S1713,20166,2016,153.5
21749,S1721,20166,2016,2999.5
23263,s2307,20166,2016,47.58
21734,S1712,20166,2016,650.1
22154,S2118,20166,2016,124.57
22474,S326,20166,2016,1064.49
22436,S302,20166,2016,147.56
22834,S584,20166,2016,919.6
20645,675,20166,2016,4569.64
21280,S1455,20166,2016,59.5
22286,S232,20166,2016,120.66
21289,S1457,20166,2016,122.62
21295,S1459,20166,2016,357.83
22457,S318,20166,2016,1737.6799999999998
21759,S1723,20166,2016,1129.94
20742,801,20166,2016,0.0
20897,S1106,20166,2016,91.17
20875,S1022,20166,2016,90.3
22223,S2191,20166,2016,365.96000000000004
23379,s654,20166,2016,92.34
21508,S1537,20166,2016,50.8
20157,1746,20166,2016,1019.0999999999999
20627,67,20166,2016,13.5
20730,771,20166,2016,803.0
22344,S24,20166,2016,350.0
22937,S654,20166,2016,7285.43
20732,791,20166,2016,43445.06
22963,S667,20166,2016,75.45
22044,S1993,20166,2016,190.21
21516,S1539,20166,2016,339.42
21498,S1532,20166,2016,2154.15
23388,s674,20166,2016,6293.2300000000005
23074,S84,20166,2016,346.70000000000005
23389,s675,20166,2016,70.62
21953,S19,20166,2016,148.56
22095,S2026,20166,2016,298.06
21485,S1527,20166,2016,13056.31
21111,S1334,20166,2016,429.6
20580,628,20166,2016,11372.14
20128,1718,20166,2016,160.82
20180,1769,20166,2016,146.42
22615,S467,20166,2016,9932.51
22331,S236,20166,2016,1628.72
23269,s236,20166,2016,517.16
22796,S557,20166,2016,2214.3
22800,S565,20166,2016,4602.42
20882,S1039,20166,2016,156.36
20713,75,20166,2016,422.76
22200,S2161,20166,2016,588.41
21526,S1541,20166,2016,617.1800000000001
20934,S1169,20166,2016,93.21000000000001
23279,s260,20166,2016,487.11
21686,S1672,20166,2016,250.10000000000002
21693,S1679,20166,2016,1321.1200000000001
22160,S2120,20166,2016,493.53000000000003
21168,S1376,20166,2016,261.45
20200,1803,20166,2016,18754.94
22766,S526,20166,2016,1400.0
21093,S1297,20166,2016,91.02
21074,S1269,20166,2016,985.13
20367,384,20166,2016,5310.0
22731,S510,20166,2016,37.59
20532,569,20166,2016,79.1
20789,84,20166,2016,841.71
20765,81,20166,2016,183.7
22033,S1982,20166,2016,301.91
19865,1065,20166,2016,1755.8600000000001
22058,S2004,20166,2016,12431.03
21961,S1905,20166,2016,204.51
21161,S1367,20166,2016,26.34
20212,1827,20166,2016,239.79
20188,1793,20166,2016,2014.66
21189,S1402,20166,2016,847.9
20164,1751,20166,2016,2303.0
20136,1726,20166,2016,297.45
23239,s2022,20166,2016,126.25
22125,S2080,20166,2016,17.9
20405,471,20166,2016,1189.77
22552,S406,20166,2016,55.39
22554,S409,20166,2016,232.65
20655,677,20166,2016,4658.96
20659,678,20166,2016,1184.01
21475,S1526,20166,2016,45.39
23160,s0001,20166,2016,0.0
22564,S441,20166,2016,626.52
22540,S399,20166,2016,321.65
21530,S1542,20166,2016,575.47
23337,s532,20166,2016,83.01
20385,417,20166,2016,46.8
20915,S1155,20166,2016,13.5
23252,s227,20166,2016,344.8
21771,S1730,20166,2016,1694.19
21457,S1519,20166,2016,62.56
20560,607,20166,2016,2740.79
21907,S1859,20166,2016,2093.43
22088,S2024,20166,2016,52.92
20670,682,20166,2016,500.8
21934,S1883,20166,2016,92.72
22009,S1971,20166,2016,551.62
22818,S577,20166,2016,329.28
19845,1028,20166,2016,146835.72
19920,115,20166,2016,4587.12
19952,1225,20166,2016,954.0
21054,S1259,20166,2016,280.71
22118,S2078,20166,2016,269.52
20145,1729,20166,2016,10206.94
21184,S1392,20166,2016,99.4
23146,S964,20166,2016,195.0
21420,S1504,20166,2016,926.7
22233,S2193,20166,2016,206.81
22703,S488,20166,2016,13298.85
21940,S1886,20166,2016,99.08
21945,S1892,20166,2016,40.269999999999996
21915,S1868,20166,2016,32.58
23274,s26,20166,2016,124.8
21665,S1646,20166,2016,36.97
20262,1903,20166,2016,1031.05
22587,S458,20166,2016,96.5
20235,1871,20166,2016,1620.24
22360,S249,20166,2016,111.47999999999999
19990,1408,20166,2016,40400.0
21432,S151,20166,2016,200.23
23106,S888,20166,2016,84.08
21591,S158,20166,2016,3240.72
22212,S2177,20166,2016,127.9
23188,s140,20166,2016,370.98
21034,S1222,20166,2016,23039.46
21786,S1736,20166,2016,9895.53
23228,s2004,20166,2016,7528.98
21384,S1498,20166,2016,369.11
21407,S1500,20166,2016,785.51
22393,S259,20166,2016,1117.6
20927,S1168,20166,2016,1681.69
23059,S816,20166,2016,20.27
20004,1504,20166,2016,550.59
20018,1512,20166,2016,1126.3200000000002
21970,S1916,20166,2016,64.22999999999999
22579,S456,20166,2016,19374.72
20373,388,20166,2016,878.53
20340,327,20166,2016,1154.76
20027,1530,20166,2016,3536.63
20091,1616,20166,2016,2757.89
20943,S118,20166,2016,266.57
20223,1850,20166,2016,278.7
22169,S2133,20166,2016,13.5
22180,S2144,20166,2016,1945.18
20477,535,20166,2016,337.19
20514,562,20166,2016,3070.0
22020,S1979,20166,2016,124.94
22920,S648,20166,2016,3738.25
21059,S1265,20166,2016,485.72
22643,S475,20166,2016,34.14
20110,1704,20166,2016,311.0
21214,S1434,20166,2016,76.56
21195,S1425,20166,2016,166.01
21203,S1432,20166,2016,106.16
22990,S70,20166,2016,568.5
22994,S707,20166,2016,13.5
20352,338,20166,2016,2496.8999999999996
22573,S453,20166,2016,123.81
20591,631,20166,2016,813.51
22103,S2046,20166,2016,58.3
21813,S1755,20166,2016,498.90999999999997
22971,S67,20166,2016,763.11
21226,S1435,20166,2016,395.79
21026,S1219,20166,2016,290.0
22376,S252,20166,2016,238.32
21367,S1489,20166,2016,74.47999999999999
21579,S1579,20166,2016,9.02
23344,s545,20166,2016,5601.15
19899,1119,20166,2016,282.3
19934,1160,20166,2016,2583.5
19912,1130,20166,2016,5287.46
23134,S921,20166,2016,115.56
22882,S609,20166,2016,42.09
22272,S2280,20166,2016,701.98
23330,s488,20166,2016,27.37
22413,S299,20166,2016,634.17
22028,S1981,20166,2016,1953.7
23117,S902,20166,2016,2307.3
21676,S1668,20166,2016,1899.38
20818,99,20166,2016,9467.199999999999
20806,920,20166,2016,3844.4
22744,S512,20166,2016,1097.5
22774,S539,20166,2016,205.18
20846,S0001,20166,2016,0.0
22825,S583,20166,2016,12729.61
21564,S156,20166,2016,200.32
21572,S1575,20166,2016,13.5
21395,S15,20166,2016,171.18
21641,S1625,20166,2016,2.5
21892,S185,20166,2016,613.2
20856,S1011,20166,2016,969.01
20833,IR39,20166,2016,15.16
23322,s434,20166,2016,15.21
22890,S627,20166,2016,329.18
20975,S1190,20166,2016,893.58
22596,S460,20166,2016,881.87
20102,170,20166,2016,968.1
20078,1607,20166,2016,1049.05
23176,s1212,20166,2016,165.15
20272,1991,20166,2016,396.85
22761,S525,20166,2016,457.94
23129,S92,20166,2016,0.0
22649,S476,20166,2016,26.34
21824,S1756,20166,2016,943.7
20050,1556,20166,2016,217.5
22266,S2252,20166,2016,92.76
21857,S1792,20166,2016,221.61
23003,S717,20166,2016,1542.57
22302,S2332,20166,2016,85.06
20306,255,20166,2016,292.40999999999997
22907,S642,20166,2016,269.64
22297,S2330,20166,2016,99.0
21253,S1442,20166,2016,1650.26
23022,S750,20166,2016,29.33
22653,S477,20166,2016,127.1
22424,S3,20166,2016,1072.48
22807,S567,20166,2016,2689.92
20650,676,20166,2016,2151.2
20619,664,20166,2016,0.0
23314,s410,20166,2016,243.3
23110,S90,20166,2016,150.0
21325,S1473,20166,2016,4142.85
22788,S553,20166,2016,80.45
23292,s293,20166,2016,1388.0500000000002
22520,S370,20166,2016,128.16
22521,S372,20166,2016,129.57999999999998
20457,526,20166,2016,1743.66
21619,S1613,20166,2016,400.62
21627,S1614,20166,2016,123.4
23303,s3,20166,2016,40.18
20034,1540,20166,2016,18084.58
22670,S48,20166,2016,273.67
20044,1551,20166,2016,242.54
20953,S1182,20166,2016,291.52
23044,S777,20166,2016,441.36
23034,S763,20166,2016,262.84000000000003
21871,S1813,20166,2016,75.45
20999,S120,20166,2016,61.5
20964,S1186,20166,2016,1832.45
21309,S1463,20166,2016,4222.0599999999995
20723,767,20166,2016,105.12
21015,S1212,20166,2016,2050.75
21995,S1952,20166,2016,290.64
21980,S1926,20166,2016,263.82
20989,S1193,20166,2016,512.64
20325,30,20166,2016,2087.57
22567,S443,20166,2016,19.16
20066,1602,20166,2016,13420.45
21276,S1454,20166,2016,3676.8
20444,509,20166,2016,44.7
20469,534,20166,2016,199.44
22680,S481,20166,2016,281.1
23367,s652,20166,2016,5795.63
23094,S869,20166,2016,0.0
19960,1270,20166,2016,338.62
20921,S1160,20166,2016,1194.24
20884,S1069,20166,2016,148.38
20885,S107,20166,2016,180.73000000000002
20889,S1087,20166,2016,42.85
21143,S1361,20166,2016,5761.26
21963,S1915,20166,2016,165.18
23192,s149,20166,2016,33.5
21873,S1815,20166,2016,70.75999999999999
23206,s1873,20166,2016,927.0
22494,S348,20166,2016,272.40999999999997
20686,693,20166,2016,36.39
20687,694,20166,2016,603.98
21993,S1940,20166,2016,94.0
22842,S585,20166,2016,2344.35
21712,S1694,20166,2016,0.0
22163,S2125,20166,2016,144.3
22504,S36,20166,2016,1228.76
20550,59,20166,2016,52324.64
20499,550,20166,2016,2170.96
20753,805,20166,2016,893.56
21926,S1882,20166,2016,50.2
20539,586,20166,2016,449.32
22045,S1993,20167,2016,396.93
20754,805,20167,2016,5419.6
20500,550,20167,2016,194.98000000000002
20506,56,20167,2016,92.82000000000001
22505,S36,20167,2016,1027.21
20523,563,20167,2016,68.97
23258,s2281,20167,2016,13.5
23260,s2292,20167,2016,465.31
21713,S1694,20167,2016,1330.4
22843,S585,20167,2016,707.51
19944,1187,20167,2016,1970.4
19977,131,20167,2016,213.7
21735,S1712,20167,2016,942.12
20540,586,20167,2016,45.870000000000005
21727,S1709,20167,2016,75.0
22112,S2070,20167,2016,78.8
21273,S1453,20167,2016,52.21
20053,1561,20167,2016,1043.7
22475,S326,20167,2016,2661.43
20458,526,20167,2016,1568.61
22437,S302,20167,2016,164.83999999999997
20807,920,20167,2016,34034.549999999996
21651,S1629,20167,2016,520.78
22835,S584,20167,2016,459.8
21281,S1455,20167,2016,92.58
21290,S1457,20167,2016,254.87
21296,S1459,20167,2016,118.28999999999999
20965,S1186,20167,2016,113.58
22458,S318,20167,2016,1854.31
20307,255,20167,2016,275.82
23177,s1212,20167,2016,97.1
22089,S2024,20167,2016,328.74
21000,S120,20167,2016,65.36
21326,S1473,20167,2016,265.44
21310,S1463,20167,2016,1343.79
20035,1540,20167,2016,39289.9
20724,767,20167,2016,151.5
21016,S1212,20167,2016,1571.7
23234,s2007,20167,2016,129.29000000000002
20278,1995,20167,2016,2233.0
20326,30,20167,2016,1238.43
22568,S443,20167,2016,1177.5
20067,1602,20167,2016,3602.34
20427,497,20167,2016,17.6
20464,530,20167,2016,25.1
19971,13,20167,2016,186.44
22681,S481,20167,2016,82.83
23331,s488,20167,2016,23.17
21322,S1470,20167,2016,178.22
23038,S766,20167,2016,17.0
22891,S627,20167,2016,232.26999999999998
22789,S553,20167,2016,999.88
20690,698,20167,2016,96.06
20663,679,20167,2016,95.48
22548,S402,20167,2016,338.52
20485,536,20167,2016,254.06
21655,S1630,20167,2016,251.10000000000002
21620,S1613,20167,2016,636.36
21628,S1614,20167,2016,16.98
23304,s3,20167,2016,8.6
22671,S48,20167,2016,49.230000000000004
20005,1504,20167,2016,877.48
20045,1551,20167,2016,614.6700000000001
20954,S1182,20167,2016,416.46
20315,257,20167,2016,212.54
20316,262,20167,2016,26.25
23045,S777,20167,2016,411.99
22287,S232,20167,2016,340.02
22197,S216,20167,2016,149.95999999999998
21858,S1792,20167,2016,751.53
22307,S2334,20167,2016,159.82
21242,S1438,20167,2016,41.0
21246,S1441,20167,2016,318.16
20990,S1193,20167,2016,360.54
21285,S1456,20167,2016,26.34
21267,S1448,20167,2016,126.0
20688,696,20167,2016,12555.76
22654,S477,20167,2016,96.03
21227,S1435,20167,2016,54.69
22808,S567,20167,2016,14177.300000000001
23293,s293,20167,2016,1877.67
20646,675,20167,2016,23136.04
22377,S252,20167,2016,0.0
22382,S256,20167,2016,57.96
21893,S185,20167,2016,1700.48
20470,534,20167,2016,324.9
22541,S399,20167,2016,173.7
20857,S1011,20167,2016,209.96
20834,IR39,20167,2016,279.69
21613,S1598,20167,2016,75.0
21592,S158,20167,2016,1614.87
21599,S1585,20167,2016,166.7
21337,S1480,20167,2016,47.16
21346,S1484,20167,2016,96.7
20976,S1190,20167,2016,99.88
20982,S1192,20167,2016,139.59
20263,1903,20167,2016,384.57
20079,1607,20167,2016,11954.83
21254,S1442,20167,2016,2620.77
21002,S1203,20167,2016,690.36
21007,S1206,20167,2016,25.58
20273,1991,20167,2016,86.18
19924,116,20167,2016,1917.3899999999999
23130,S92,20167,2016,0.0
22397,S266,20167,2016,30.63
20607,648,20167,2016,720.0
21825,S1756,20167,2016,300.03
22131,S2081,20167,2016,137.72
22900,S637,20167,2016,107.74
22902,S639,20167,2016,282.97
22490,S337,20167,2016,257.85
22273,S2280,20167,2016,159.06
21803,S1742,20167,2016,180.69
21804,S1745,20167,2016,100.71
21357,S1487,20167,2016,325.6
22021,S1979,20167,2016,610.24
22029,S1981,20167,2016,255.0
23118,S902,20167,2016,2214.19
21677,S1668,20167,2016,60.45
20784,829,20167,2016,35.52
20819,99,20167,2016,4627.049999999999
20801,916,20167,2016,236.25
22745,S512,20167,2016,279.98
20252,1898,20167,2016,279.43
22414,S299,20167,2016,4794.55
20847,S0001,20167,2016,0.0
22826,S583,20167,2016,7975.780000000001
23140,S940,20167,2016,154.5
21573,S1575,20167,2016,0.0
21396,S15,20167,2016,1636.1
22859,S594,20167,2016,111.1
20610,649,20167,2016,1531.6399999999999
21204,S1432,20167,2016,141.06
22105,S2050,20167,2016,156.36
21814,S1755,20167,2016,13442.53
21833,S1759,20167,2016,61.5
22972,S67,20167,2016,1222.19
22317,S2352,20167,2016,225.6
20092,1616,20167,2016,12198.15
20119,1712,20167,2016,719.2
23008,S723,20167,2016,69.39
23013,S749,20167,2016,87.4
20592,631,20167,2016,295.1
21368,S1489,20167,2016,74.47999999999999
21580,S1579,20167,2016,183.74
22849,S587,20167,2016,571.5
22852,S590,20167,2016,92.15
19900,1119,20167,2016,145.76
23102,S877,20167,2016,79.43
20019,1512,20167,2016,744.71
20224,1850,20167,2016,259.56
22181,S2144,20167,2016,183.76
22529,S384,20167,2016,329.15
22531,S385,20167,2016,66.86
20775,819,20167,2016,1912.06
21236,S1437,20167,2016,35.85
22921,S648,20167,2016,847.2
21060,S1265,20167,2016,770.1800000000001
21047,S124,20167,2016,1211.1
22633,S472,20167,2016,376.02
22638,S473,20167,2016,27.7
20103,170,20167,2016,689.88
21215,S1434,20167,2016,437.11
21066,S1268,20167,2016,497.97
21035,S1222,20167,2016,742.6700000000001
20242,1882,20167,2016,190.1
20944,S118,20167,2016,7709.04
21772,S1730,20167,2016,3272.88
21787,S1736,20167,2016,6768.21
23229,s2004,20167,2016,709.97
21797,S1737,20167,2016,750.0
22259,S2250,20167,2016,607.46
21385,S1498,20167,2016,215.87
21408,S1500,20167,2016,449.89
21445,S1513,20167,2016,1000.0
22394,S259,20167,2016,923.9300000000001
20928,S1168,20167,2016,49.07
22689,S484,20167,2016,105.87
22234,S2193,20167,2016,296.05
23147,S964,20167,2016,170.12
22580,S456,20167,2016,10916.36
20374,388,20167,2016,592.38
20341,327,20167,2016,78.52000000000001
20348,328,20167,2016,300.0
22704,S488,20167,2016,8948.01
21916,S1868,20167,2016,397.62
21666,S1646,20167,2016,22.3
20236,1871,20167,2016,0.0
22361,S249,20167,2016,207.51
19991,1408,20167,2016,20200.0
23345,s545,20167,2016,3126.87
21922,S1880,20167,2016,13.5
20671,682,20167,2016,75.2
19891,11,20167,2016,157.16
21935,S1883,20167,2016,48.6
22010,S1971,20167,2016,2894.21
20766,81,20167,2016,1298.1399999999999
22425,S3,20167,2016,2170.89
23286,s288,20167,2016,63.18
20111,1704,20167,2016,1861.2
21847,S1784,20167,2016,79.00999999999999
19846,1028,20167,2016,24132.09
21449,S1514,20167,2016,1800.38
21421,S1504,20167,2016,952.99
22869,S602,20167,2016,507.11
23052,S798,20167,2016,615.75
21436,S1511,20167,2016,431.44
23161,s0001,20167,2016,0.0
20415,477,20167,2016,879.24
20422,494,20167,2016,81.3
21531,S1542,20167,2016,1100.48
21544,S1550,20167,2016,551.1899999999999
21558,S1555,20167,2016,25.7
20380,393,20167,2016,0.0
21476,S1526,20167,2016,152.88
21460,S1520,20167,2016,43.0
20533,569,20167,2016,137.53
20790,84,20167,2016,643.4100000000001
22451,S312,20167,2016,258.57
22034,S1982,20167,2016,1282.3300000000002
22059,S2004,20167,2016,21904.98
21162,S1367,20167,2016,26.84
22040,S1984,20167,2016,349.4
21075,S1269,20167,2016,40.96
22332,S236,20167,2016,2486.5
21127,S1348,20167,2016,671.0799999999999
21132,S1354,20167,2016,77.19
20146,1729,20167,2016,32091.33
20213,1827,20167,2016,110.2
22605,S462,20167,2016,89.1
21154,S1364,20167,2016,287.5
20129,1718,20167,2016,0.0
20165,1751,20167,2016,6909.0
20137,1726,20167,2016,397.6
23240,s2022,20167,2016,690.6800000000001
22119,S2078,20167,2016,549.09
20406,471,20167,2016,1105.9
20868,S1021,20167,2016,37.7
20743,801,20167,2016,4532.0
23084,S852,20167,2016,1030.0700000000002
20714,75,20167,2016,2452.0
20937,S1179,20167,2016,25.77
20551,59,20167,2016,729.1
21684,S1670,20167,2016,184.83
21687,S1672,20167,2016,0.0
21694,S1679,20167,2016,541.3
22982,S678,20167,2016,102.2
20201,1803,20167,2016,19577.94
22767,S526,20167,2016,69.82
20907,S1141,20167,2016,138.75
20359,349,20167,2016,77.22
23075,S84,20167,2016,411.6
23390,s675,20167,2016,584.56
21760,S1723,20167,2016,220.18
21971,S1916,20167,2016,112.88
22096,S2026,20167,2016,13.5
21144,S1361,20167,2016,5446.7
21112,S1334,20167,2016,2184.42
20572,618,20167,2016,5263.25
22960,S664,20167,2016,90.6
22947,S659,20167,2016,1356.5300000000002
23270,s236,20167,2016,473.31
22797,S557,20167,2016,60.86
21486,S1527,20167,2016,4399.08
21492,S153,20167,2016,7560.0
23368,s652,20167,2016,1813.58
23065,S824,20167,2016,554.54
20895,S1104,20167,2016,229.8
19979,1320,20167,2016,19416.6
19961,1270,20167,2016,773.92
20890,S1087,20167,2016,964.72
21991,S1939,20167,2016,19.98
20581,628,20167,2016,96639.56
21964,S1915,20167,2016,183.23000000000002
23207,s1873,20167,2016,601.11
23193,s149,20167,2016,33.5
23218,s1977,20167,2016,127.5
22496,S354,20167,2016,62.56
21122,S1347,20167,2016,94.0
22616,S467,20167,2016,6506.139999999999
19913,1130,20167,2016,145.36
22216,S2179,20167,2016,514.32
23356,s618,20167,2016,31.9
22224,S2191,20167,2016,265.42
23380,s654,20167,2016,141.77
21518,S1540,20167,2016,162.56
21499,S1532,20167,2016,2308.08
21509,S1537,20167,2016,88.1
20189,1793,20167,2016,125.45
20173,1758,20167,2016,609.9
20733,791,20167,2016,28593.84
22938,S654,20167,2016,9546.12
20561,607,20167,2016,31.57
20767,81,20168,2016,112.58
20755,805,20168,2016,2462.9
21927,S1882,20168,2016,326.1
20501,550,20168,2016,1874.66
20507,56,20168,2016,106.86
22506,S36,20168,2016,3236.52
21097,S1308,20168,2016,380.0
21101,S1325,20168,2016,1532.06
22939,S654,20168,2016,7944.88
20524,563,20168,2016,54.54
20566,610,20168,2016,72.58
20734,791,20168,2016,44672.79
20394,44,20168,2016,7345.7
21859,S1792,20168,2016,1572.2
23004,S717,20168,2016,36.42
21243,S1438,20168,2016,40.67
21386,S1498,20168,2016,13.5
21798,S1737,20168,2016,385.91999999999996
22690,S484,20168,2016,330.4
20020,1512,20168,2016,12.25
20955,S1182,20168,2016,522.91
22886,S621,20168,2016,43.0
19992,1408,20168,2016,36360.0
21409,S1500,20168,2016,774.26
22395,S259,20168,2016,625.14
20680,687,20168,2016,217.95999999999998
22617,S467,20168,2016,412.68
22623,S468,20168,2016,270.4
23219,s1977,20168,2016,257.15999999999997
20158,1746,20168,2016,509.55
20190,1793,20168,2016,9.0
21736,S1712,20168,2016,123.59
21936,S1883,20168,2016,143.69
21450,S1514,20168,2016,0.0
21415,S1502,20168,2016,99.03
21422,S1504,20168,2016,1026.14
22235,S2193,20168,2016,582.85
23148,S964,20168,2016,886.89
20375,388,20168,2016,386.3
20342,327,20168,2016,3763.83
22973,S67,20168,2016,578.5
22979,S672,20168,2016,591.4
20552,59,20168,2016,1017.6500000000001
22011,S1971,20168,2016,2213.21
23280,s260,20168,2016,45.51
21688,S1672,20168,2016,1933.95
20791,84,20168,2016,369.96
22705,S488,20168,2016,9744.81
22240,S2202,20168,2016,28.29
21437,S1511,20168,2016,287.26
22090,S2024,20168,2016,361.97
20611,649,20168,2016,3454.3599999999997
21369,S1489,20168,2016,18.990000000000002
22895,S632,20168,2016,305.75
22875,S607,20168,2016,95.32
22560,S430,20168,2016,38.67
22098,S2033,20168,2016,189.0
22035,S1982,20168,2016,5182.7
22333,S236,20168,2016,1956.17
21133,S1354,20168,2016,244.46
20147,1729,20168,2016,29022.43
21076,S1269,20168,2016,43.5
22348,S243,20168,2016,271.34000000000003
21397,S15,20168,2016,1360.9099999999999
23241,s2022,20168,2016,1062.94
22120,S2078,20168,2016,662.68
22148,S2116,20168,2016,496.48
23249,s2265,20168,2016,337.5
22864,S60,20168,2016,13.5
22870,S602,20168,2016,135.66
22275,S2282,20168,2016,87.33
21477,S1526,20168,2016,46.72
20166,1751,20168,2016,2303.0
22644,S475,20168,2016,59.65
20202,1803,20168,2016,2036.6
22497,S357,20168,2016,83.5
21094,S1297,20168,2016,42.3
21067,S1268,20168,2016,317.17
22426,S3,20168,2016,638.79
19953,1225,20168,2016,521.2
22217,S2179,20168,2016,57.08
23076,S84,20168,2016,86.0
23386,s659,20168,2016,195.29
20401,463,20168,2016,348.36
20381,393,20168,2016,224.25
20908,S1141,20168,2016,184.66
22340,S239,20168,2016,48.5
21917,S1868,20168,2016,259.52
22182,S2144,20168,2016,4844.65
19855,1039,20168,2016,1156.2
22732,S510,20168,2016,480.8
22737,S511,20168,2016,138.5
19875,1079,20168,2016,54.93
20130,1718,20168,2016,13.5
20651,676,20168,2016,343.8
20660,678,20168,2016,2092.98
22581,S456,20168,2016,5260.04
20362,356,20168,2016,368.2
20364,38,20168,2016,37.58
20515,562,20168,2016,1070.0
22526,S380,20168,2016,57.39
20776,819,20168,2016,0.0
22022,S1979,20168,2016,707.14
21163,S1367,20168,2016,34.89
20214,1827,20168,2016,834.1999999999999
21169,S1376,20168,2016,684.72
21145,S1361,20168,2016,9185.02
21155,S1364,20168,2016,1250.68
21185,S1392,20168,2016,14.42
21338,S1480,20168,2016,41.08
21347,S1484,20168,2016,197.16000000000003
20977,S1190,20168,2016,1506.97
23046,S777,20168,2016,1841.08
22755,S519,20168,2016,92.58
21883,S1818,20168,2016,875.5
21487,S1527,20168,2016,1501.19
23093,S866,20168,2016,16.9
23213,s1972,20168,2016,216.96
21837,S1761,20168,2016,2526.25
21842,S1777,20168,2016,274.53
22759,S524,20168,2016,10.83
21667,S1646,20168,2016,71.91
21695,S1679,20168,2016,1421.32
23271,s236,20168,2016,309.53999999999996
23035,S763,20168,2016,767.0600000000001
20608,648,20168,2016,234.82
21826,S1756,20168,2016,339.4
20298,205,20168,2016,606.27
22778,S543,20168,2016,99.22
22790,S553,20168,2016,470.6
22913,S647,20168,2016,114.5
20888,S108,20168,2016,78.0
23068,S832,20168,2016,56.78
23085,S852,20168,2016,1258.2
22060,S2004,20168,2016,2613.9900000000002
19847,1028,20168,2016,55112.79
22713,S496,20168,2016,87.54
20120,1712,20168,2016,4143.23
21678,S1668,20168,2016,2023.66
20797,90,20168,2016,26.06
20397,440,20168,2016,58.74
23369,s652,20168,2016,1540.28
20327,30,20168,2016,1164.17
20317,262,20168,2016,0.0
20006,1504,20168,2016,344.94
20014,1506,20168,2016,1179.4
23178,s1212,20168,2016,187.57
21868,S1810,20168,2016,137.31
21761,S1723,20168,2016,258.9
22640,S474,20168,2016,124.62
20112,1704,20168,2016,150.28
21048,S124,20168,2016,48.0
22113,S2070,20168,2016,261.55999999999995
20491,540,20168,2016,99.3
23294,s293,20168,2016,946.21
20647,675,20168,2016,16.8
19925,116,20168,2016,1199.22
20935,S1169,20168,2016,158.16
20903,S1140,20168,2016,139.48
21323,S1470,20168,2016,95.86
21311,S1463,20168,2016,110.79
22663,S479,20168,2016,127.02
21291,S1457,20168,2016,12.23
21297,S1459,20168,2016,296.57
20966,S1186,20168,2016,1093.0
22549,S402,20168,2016,23.009999999999998
21216,S1434,20168,2016,480.5
22984,S680,20168,2016,1753.7
21036,S1222,20168,2016,3806.21
20243,1882,20168,2016,101.5
20233,1863,20168,2016,517.6
22362,S249,20168,2016,112.6
22634,S472,20168,2016,274.68
22070,S2011,20168,2016,175.06
19914,1130,20168,2016,1221.01
20891,S1087,20168,2016,32.36
20284,2000,20168,2016,46.730000000000004
22569,S443,20168,2016,5742.0
21500,S1532,20168,2016,800.98
21506,S1534,20168,2016,98.4
22922,S648,20168,2016,814.51
22995,S707,20168,2016,58.66
21815,S1755,20168,2016,7617.04
21834,S1759,20168,2016,458.39
23315,s410,20168,2016,1278.0
21629,S1614,20168,2016,25.35
21642,S1625,20168,2016,633.62
20835,IR39,20168,2016,9.75
22682,S481,20168,2016,1093.06
19962,1270,20168,2016,615.97
20582,628,20168,2016,28320.12
21327,S1473,20168,2016,337.5
21537,S1546,20168,2016,662.6299999999999
22836,S584,20168,2016,574.75
20445,509,20168,2016,481.41999999999996
23208,s1873,20168,2016,458.06
23014,S749,20168,2016,13.5
20269,1942,20168,2016,249.7
20486,536,20168,2016,138.95999999999998
21656,S1630,20168,2016,133.1
21621,S1613,20168,2016,559.9
23311,s40,20168,2016,243.14
20459,526,20168,2016,19.77
22438,S302,20168,2016,51.66
20808,920,20168,2016,24081.309999999998
20725,767,20168,2016,50.82
22459,S318,20168,2016,1748.22
20308,255,20168,2016,357.39
20264,1903,20168,2016,648.34
21237,S1437,20168,2016,24.490000000000002
22318,S2352,20168,2016,3805.65
22322,S2355,20168,2016,257.8
23119,S902,20168,2016,145.4
23095,S869,20168,2016,565.52
23100,S870,20168,2016,162.09
20638,673,20168,2016,844.64
21652,S1629,20168,2016,243.0
22844,S585,20168,2016,1177.79
20068,1602,20168,2016,8866.54
21304,S1462,20168,2016,101.44
21274,S1453,20168,2016,288.7
22415,S299,20168,2016,2180.4
20876,S1022,20168,2016,133.8
23357,s618,20168,2016,18.31
22225,S2191,20168,2016,211.81
23381,s654,20168,2016,495.36
20028,1530,20168,2016,801.8199999999999
20036,1540,20168,2016,7156.0
21017,S1212,20168,2016,3210.22
20744,801,20168,2016,24906.14
22201,S2161,20168,2016,140.4
20715,75,20168,2016,13077.880000000001
21028,S122,20168,2016,510.39
22931,S653,20168,2016,486.1
20451,518,20168,2016,207.1
19972,13,20168,2016,461.36
21609,S1597,20168,2016,539.99
22476,S326,20168,2016,1451.75
22480,S329,20168,2016,13.5
23332,s488,20168,2016,1068.55
20689,696,20168,2016,25.37
20692,701,20168,2016,0.0
22482,S33,20168,2016,65.54
20983,S1192,20168,2016,23.56
21999,S1957,20168,2016,23.33
21972,S1916,20168,2016,660.96
21976,S1920,20168,2016,120.21000000000001
21987,S193,20168,2016,244.65
21532,S1542,20168,2016,2997.8500000000004
21569,S1567,20168,2016,23.77
22768,S526,20168,2016,324.5
20253,1898,20168,2016,329.34000000000003
22597,S460,20168,2016,21.57
20093,1616,20168,2016,2855.49
20080,1607,20168,2016,32550.31
21255,S1442,20168,2016,5023.66
21901,S1858,20168,2016,238.78
21908,S1859,20168,2016,12.43
23162,s0001,20168,2016,0.0
20423,494,20168,2016,65.41
21593,S158,20168,2016,110.83
20848,S0001,20168,2016,0.0
21228,S1435,20168,2016,3330.39
22746,S512,20168,2016,2702.94
22191,S2158,20168,2016,171.84
23108,S89,20168,2016,66.95
22544,S401,20168,2016,4007.96
20858,S1011,20168,2016,589.38
20820,99,20168,2016,12706.81
23339,s538,20168,2016,1481.31
20865,S102,20168,2016,279.6
22407,S297,20168,2016,15.0
21247,S1441,20168,2016,38.7
22383,S256,20168,2016,1441.9699999999998
21003,S1203,20168,2016,690.36
19901,1119,20168,2016,1131.8
19935,1160,20168,2016,16674.55
23136,S933,20168,2016,349.6
20274,1991,20168,2016,366.75
23131,S92,20168,2016,13.5
23142,S95,20168,2016,83.28
21581,S1579,20168,2016,67.13
22827,S583,20168,2016,11496.66
22484,S334,20168,2016,277.88
22378,S252,20168,2016,238.32
19866,1065,20168,2016,533.0799999999999
23346,s545,20168,2016,0.0
22213,S2177,20168,2016,225.8
22801,S565,20168,2016,362.97
22948,S659,20168,2016,2430.15
21123,S1347,20168,2016,296.06
20684,689,20168,2016,433.98
20138,1726,20168,2016,297.45
21113,S1334,20168,2016,445.83
20573,618,20168,2016,97.1
22466,S322,20168,2016,13.5
20929,S1168,20168,2016,30.58
20938,S1179,20168,2016,79.98
20945,S118,20168,2016,134.82
21773,S1730,20168,2016,3968.04
21805,S1745,20168,2016,97.07
21788,S1736,20168,2016,9206.7
23230,s2004,20168,2016,68.42
22260,S2250,20168,2016,1212.62
22074,S2014,20168,2016,254.05
20628,67,20168,2016,536.0
20602,644,20168,2016,590.16
21750,S1721,20168,2016,926.98
22075,S2014,20169,2016,855.89
22443,S309,20169,2016,93.5
21737,S1712,20169,2016,3469.7700000000004
21743,S1720,20169,2016,155.96
20541,586,20169,2016,14689.39
20768,81,20169,2016,869.5799999999999
20756,805,20169,2016,1737.04
22051,S2003,20169,2016,26.84
22048,S2001,20169,2016,118.5
20502,550,20169,2016,131.34
20174,1758,20169,2016,2166.9
21095,S1297,20169,2016,685.01
21102,S1325,20169,2016,507.38
22940,S654,20169,2016,13694.22
22498,S357,20169,2016,593.28
20735,791,20169,2016,0.0
21860,S1792,20169,2016,4190.64
23198,s1730,20169,2016,400.0
22303,S2332,20169,2016,85.06
21008,S1206,20169,2016,40.37
22214,S2177,20169,2016,37.2
21561,S1559,20169,2016,80.26
19936,1160,20169,2016,3628.49
19941,1186,20169,2016,1395.4
22012,S1971,20169,2016,3278.59
21988,S193,20169,2016,8725.37
22183,S2144,20169,2016,8130.3
21582,S1579,20169,2016,240.18
19836,100,20169,2016,29.99
22828,S583,20169,2016,7539.73
20849,S0001,20169,2016,0.0
20407,471,20169,2016,1362.3
23325,s47,20169,2016,283.36
22485,S334,20169,2016,296.61
22486,S335,20169,2016,85.87
19867,1065,20169,2016,1777.6000000000001
21894,S185,20169,2016,169.99
23167,s1009,20169,2016,282.59
20418,487,20169,2016,986.4
20391,431,20169,2016,135.5
21594,S158,20169,2016,266.65999999999997
20840,IR84,20169,2016,2306.24
22747,S512,20169,2016,1142.06
23333,s488,20169,2016,1943.2
22192,S2158,20169,2016,158.9
20821,99,20169,2016,2023.8400000000001
20826,IR12,20169,2016,472.86999999999995
20859,S1011,20169,2016,406.81
20869,S1021,20169,2016,80.17
22908,S642,20169,2016,134.74
20664,679,20169,2016,0.0
21262,S1445,20169,2016,171.34
21270,S1452,20169,2016,297.66
22298,S2330,20169,2016,2569.9700000000003
23015,S749,20169,2016,225.64
20691,699,20169,2016,0.0
22481,S329,20169,2016,13.5
20716,75,20169,2016,3735.42
20898,S1106,20169,2016,158.16
23231,s2004,20169,2016,1099.8
21996,S1952,20169,2016,39.3
21981,S1926,20169,2016,449.14
20991,S1193,20169,2016,537.9
22535,S389,20169,2016,95.8
21533,S1542,20169,2016,401.1
21545,S1550,20169,2016,752.88
22769,S526,20169,2016,42.94
22773,S533,20169,2016,277.71
21229,S1435,20169,2016,1033.11
21233,S1436,20169,2016,23.380000000000003
20254,1898,20169,2016,1016.22
20285,2000,20169,2016,5.85
22598,S460,20169,2016,215.0
21018,S1212,20169,2016,1577.6
20094,1616,20169,2016,3773.3199999999997
20081,1607,20169,2016,833.33
22226,S2191,20169,2016,495.71000000000004
19963,1270,20169,2016,136.06
23023,S750,20169,2016,97.83
20029,1530,20169,2016,3366.01
20037,1540,20169,2016,0.0
20745,801,20169,2016,901.87
23363,s650,20169,2016,350.0
22202,S2161,20169,2016,671.46
21256,S1442,20169,2016,3358.82
22928,S652,20169,2016,53.0
20446,509,20169,2016,67.44
20428,497,20169,2016,88.0
20433,503,20169,2016,107.8
20460,526,20169,2016,13977.560000000001
19973,13,20169,2016,1587.5
22477,S326,20169,2016,1974.8
21238,S1437,20169,2016,175.01999999999998
22323,S2355,20169,2016,179.72
22655,S477,20169,2016,155.88
20054,1561,20169,2016,1964.82
23120,S902,20169,2016,647.11
23096,S869,20169,2016,136.3
21653,S1629,20169,2016,22.22
22845,S585,20169,2016,1051.04
22570,S443,20169,2016,785.49
20069,1602,20169,2016,10020.51
22672,S48,20169,2016,257.45
21305,S1462,20169,2016,549.89
20900,S1117,20169,2016,46.66
22416,S299,20169,2016,1667.87
21538,S1546,20169,2016,790.53
21205,S1432,20169,2016,781.4
22524,S38,20169,2016,86.15
20452,518,20169,2016,0.0
21622,S1613,20169,2016,1060.74
20726,767,20169,2016,273.69
20693,702,20169,2016,479.18
20697,706,20169,2016,14689.39
22460,S318,20169,2016,354.87
20309,255,20169,2016,16.17
23382,s654,20169,2016,181.5
21519,S1540,20169,2016,0.0
21501,S1532,20169,2016,50.480000000000004
21510,S1537,20169,2016,552.16
20809,920,20169,2016,13813.54
22923,S648,20169,2016,1314.05
21061,S1265,20169,2016,1284.5900000000001
21816,S1755,20169,2016,1560.85
21630,S1614,20169,2016,18.48
22170,S2141,20169,2016,28.05
22174,S2143,20169,2016,51.78
21643,S1625,20169,2016,187.22
22683,S481,20169,2016,63.07
19945,1187,20169,2016,1133.9
20583,628,20169,2016,80872.76
19902,1119,20169,2016,561.3
21312,S1463,20169,2016,2480.45
22280,S2313,20169,2016,13.89
20967,S1186,20169,2016,2599.67
20836,IR39,20169,2016,49.0
22545,S401,20169,2016,94.4
21217,S1434,20169,2016,486.19000000000005
22384,S256,20169,2016,598.8
21037,S1222,20169,2016,813.51
20229,1856,20169,2016,100.92
22363,S249,20169,2016,54.16
22635,S472,20169,2016,214.62
20893,S1101,20169,2016,88.67
21954,S19,20169,2016,0.0
21956,S1902,20169,2016,529.38
20007,1504,20169,2016,1390.1200000000001
20015,1506,20169,2016,862.35
20046,1551,20169,2016,713.22
23182,s1222,20169,2016,3911.06
21762,S1723,20169,2016,6226.85
20113,1704,20169,2016,298.66
21049,S124,20169,2016,1009.25
21052,S1252,20169,2016,3513.5299999999997
22114,S2070,20169,2016,346.53999999999996
21848,S1784,20169,2016,214.44
22809,S567,20169,2016,2040.56
20487,536,20169,2016,323.96000000000004
20648,675,20169,2016,0.0
21918,S1868,20169,2016,286.66
22267,S2252,20169,2016,155.5
22269,S226,20169,2016,250.74
22288,S232,20169,2016,297.88
23086,S852,20169,2016,2347.0299999999997
22061,S2004,20169,2016,14677.25
19926,116,20169,2016,52.87
22697,S486,20169,2016,395.4
19848,1028,20169,2016,31695.9
22980,S672,20169,2016,556.4
21170,S1376,20169,2016,80.28
21175,S1378,20169,2016,313.25
21183,S139,20169,2016,557.92
22023,S1979,20169,2016,85.62
20777,819,20169,2016,101.3
20798,90,20169,2016,364.84000000000003
20800,91,20169,2016,26.06
23370,s652,20169,2016,2867.79
20328,30,20169,2016,7061.45
20335,323,20169,2016,1630.72
22756,S523,20169,2016,163.5
20051,1556,20169,2016,84.9
21884,S1818,20169,2016,482.01
21488,S1527,20169,2016,5832.62
22813,S573,20169,2016,284.7
21835,S1759,20169,2016,578.4300000000001
21838,S1761,20169,2016,119.41000000000001
22341,S239,20169,2016,415.02
23295,s293,20169,2016,1078.5
21668,S1646,20169,2016,13.5
21696,S1679,20169,2016,1315.06
21702,S1682,20169,2016,155.78
20478,535,20169,2016,326.88
20910,S1145,20169,2016,263.97
22400,S267,20169,2016,133.95999999999998
21827,S1756,20169,2016,27.13
22132,S2081,20169,2016,50.0
21799,S1737,20169,2016,499.5
20299,205,20169,2016,109.26
22582,S456,20169,2016,3807.0299999999997
20360,349,20169,2016,1402.25
20395,44,20169,2016,88.8
22533,S386,20169,2016,49.54
23209,s1873,20169,2016,1158.02
20215,1827,20169,2016,251.28
22606,S462,20169,2016,101.66
21146,S1361,20169,2016,7456.3
21156,S1364,20169,2016,195.4
21461,S1520,20169,2016,58.24
21348,S1484,20169,2016,76.47999999999999
20978,S1190,20169,2016,475.57000000000005
23077,S84,20169,2016,28.5
20398,443,20169,2016,9095.880000000001
20376,388,20169,2016,600.5799999999999
20382,393,20169,2016,7747.27
21190,S1402,20169,2016,51.72
22334,S236,20169,2016,2799.49
22100,S2041,20169,2016,43.82
23272,s236,20169,2016,139.02
22733,S510,20169,2016,682.35
19876,1079,20169,2016,121.14
21679,S1668,20169,2016,303.97
21657,S1630,20169,2016,133.1
23053,S798,20169,2016,656.8
23242,s2022,20169,2016,310.2
23250,s2265,20169,2016,3201.8
20597,641,20169,2016,4666.6
21358,S1487,20169,2016,1670.45
19993,1408,20169,2016,24240.0
20131,1718,20169,2016,125.26
20167,1751,20169,2016,6909.0
22645,S475,20169,2016,350.96000000000004
20203,1803,20169,2016,7542.34
19883,1082,20169,2016,422.5
19915,1130,20169,2016,3796.17
22427,S3,20169,2016,1348.95
21937,S1883,20169,2016,257.32
22236,S2193,20169,2016,50.75
21438,S1511,20169,2016,335.2
22091,S2024,20169,2016,185.54
21928,S1882,20169,2016,176.6
20593,631,20169,2016,2164.93
21398,S15,20169,2016,513.41
21370,S1489,20169,2016,57.66
20674,683,20169,2016,1091.1399999999999
22706,S488,20169,2016,12733.69
22036,S1982,20169,2016,2092.81
22819,S577,20169,2016,684.0
21134,S1354,20169,2016,101.04
20148,1729,20169,2016,26137.32
21077,S1269,20169,2016,170.57999999999998
22349,S243,20169,2016,1023.8
22369,S25,20169,2016,362.07
21114,S1334,20169,2016,377.34
21387,S1498,20169,2016,599.24
22876,S607,20169,2016,48.47
22261,S2250,20169,2016,94.94
21423,S1504,20169,2016,192.46
23047,S777,20169,2016,4207.85
20343,327,20169,2016,0.0
20025,1515,20169,2016,8647.0
21117,S1341,20169,2016,69.45
22974,S67,20169,2016,1930.62
21085,S1294,20169,2016,0.0
22513,S361,20169,2016,28.5
22517,S365,20169,2016,61.5
23281,s260,20169,2016,270.36
21689,S1672,20169,2016,247.2
21691,S1674,20169,2016,257.9
20553,59,20169,2016,4154.799999999999
20557,594,20169,2016,1592.46
22507,S36,20169,2016,2934.81
23259,s2281,20169,2016,405.1
21714,S1694,20169,2016,227.4
22791,S553,20169,2016,1171.43
22798,S557,20169,2016,163.29
22467,S322,20169,2016,114.22
20956,S1182,20169,2016,347.32
20939,S1179,20169,2016,79.98
20946,S118,20169,2016,841.83
21774,S1730,20169,2016,2037.51
21806,S1752,20169,2016,253.17
21789,S1736,20169,2016,7386.9800000000005
21376,S1494,20169,2016,123.98
23060,S816,20169,2016,189.62
22691,S484,20169,2016,0.0
20021,1512,20169,2016,2248.7
19985,1368,20169,2016,2342.36
21410,S1500,20169,2016,7468.92
22396,S259,20169,2016,1184.69
20922,S1160,20169,2016,175.18
20926,S1166,20169,2016,499.0
22618,S467,20169,2016,524.16
23196,s1721,20169,2016,78.68
23220,s1977,20169,2016,215.35
20159,1746,20169,2016,849.25
20191,1793,20169,2016,220.32999999999998
21751,S1721,20169,2016,302.3
21728,S1709,20169,2016,274.6
22166,S213,20169,2016,673.8100000000001
20534,569,20169,2016,289.2
23591,1556,20171,2017,475.0
23877,38,20171,2017,240.8
25036,S158,20171,2017,2434.43
23604,1602,20171,2017,9773.83
25939,S470,20171,2017,136.44
23992,536,20171,2017,871.7
24570,S1325,20171,2017,175.28
25066,S1613,20171,2017,859.61
25049,S1588,20171,2017,53.42
25078,S1614,20171,2017,449.74
25577,S2176,20171,2017,480.53000000000003
24486,S1222,20171,2017,977.75
26402,S852,20171,2017,2184.54
26028,S498,20171,2017,55.48
25500,S2078,20171,2017,183.25
24647,S1388,20171,2017,1095.6100000000001
25240,S1755,20171,2017,1670.15
23616,1607,20171,2017,26514.7
25896,S458,20171,2017,177.0
23885,388,20171,2017,224.0
23856,327,20171,2017,2145.9900000000002
24009,56,20171,2017,26.16
23724,1803,20171,2017,18652.13
23747,1850,20171,2017,627.4
24999,S1557,20171,2017,92.58000000000001
24285,84,20171,2017,309.89
24897,S1504,20171,2017,10.29
24020,569,20171,2017,189.72
26176,S647,20171,2017,99.03
26175,S646,20171,2017,110.45
24875,S15,20171,2017,1458.0
23592,1561,20171,2017,28200.0
25573,S216,20171,2017,86.42
24885,S1500,20171,2017,674.02
25602,S2193,20171,2017,183.31
25769,S312,20171,2017,514.32
26152,S612,20171,2017,366.22
24694,S1435,20171,2017,8556.710000000001
25161,S1712,20171,2017,123.36
25743,S299,20171,2017,625.56
25735,S256,20171,2017,958.08
24835,S1487,20171,2017,71.48
24671,S1432,20171,2017,1234.24
24668,S143,20171,2017,92.58
24464,S1212,20171,2017,618.45
26507,s1212,20171,2017,149.2
24641,S1378,20171,2017,125.3
25924,S467,20171,2017,65.29
26414,S860,20171,2017,2452.16
23820,205,20171,2017,18215.31
23910,432,20171,2017,163.17
25901,S459,20171,2017,1339.49
24159,683,20171,2017,481.7
23981,535,20171,2017,17612.86
26207,S657,20171,2017,163.5
24934,S1525,20171,2017,460.70000000000005
26642,s396,20171,2017,20.38
24325,S0001,20171,2017,0.0
26634,s3,20171,2017,984.11
24000,550,20171,2017,1958.4
25172,S1721,20171,2017,16.29
24128,672,20171,2017,2580.0
23584,1551,20171,2017,1287.44
23881,384,20171,2017,3460.0
25235,S1744,20171,2017,120.02
24988,S1550,20171,2017,149.91
25471,S2024,20171,2017,700.72
23442,1119,20171,2017,111.86
26138,S594,20171,2017,465.84
24682,S1434,20171,2017,394.87
24276,819,20171,2017,39.8
25305,S1818,20171,2017,329.59999999999997
23713,1769,20171,2017,6524.459999999999
23706,1758,20171,2017,1986.1
24031,586,20171,2017,628.96
25728,S25,20171,2017,171.19
25750,S3,20171,2017,1696.37
23844,30,20171,2017,2296.21
24946,S1527,20171,2017,2540.2599999999998
26422,S888,20171,2017,449.0
24938,S1526,20171,2017,39.31
25688,S236,20171,2017,639.72
25717,S249,20171,2017,26.11
24848,S1489,20171,2017,143.1
25709,S243,20171,2017,253.83999999999997
23736,1827,20171,2017,115.35
24151,680,20171,2017,385.0
25398,S1971,20171,2017,1779.98
24442,S1192,20171,2017,397.73
24454,S1206,20171,2017,86.72
24579,S1334,20171,2017,1557.76
23562,1512,20171,2017,2352.05
23561,1511,20171,2017,4300.0
25968,S477,20171,2017,1618.71
25962,S475,20171,2017,260.41
24111,664,20171,2017,0.0
23547,1504,20171,2017,1709.15
26546,s1873,20171,2017,1116.52
23546,150,20171,2017,5040.0
24534,S1269,20171,2017,1005.21
25884,S456,20171,2017,12030.0
26485,s0001,20171,2017,0.0
26473,S964,20171,2017,221.9
26622,s293,20171,2017,1461.92
26226,S67,20171,2017,518.51
24317,99,20171,2017,8353.07
23717,1793,20171,2017,50.97
24038,59,20171,2017,16113.28
23438,11,20171,2017,496.88
23431,1079,20171,2017,674.41
23414,1058,20171,2017,519.09
25332,S1861,20171,2017,237.3
23904,417,20171,2017,49.38
23628,1616,20171,2017,7567.0
24118,67,20171,2017,360.07
24116,665,20171,2017,1161.72
24250,801,20171,2017,49183.14
26685,s652,20171,2017,2003.93
24261,805,20171,2017,3131.15
23397,1028,20171,2017,24429.8
24339,S1011,20171,2017,1268.88
26237,S672,20171,2017,556.7
24924,S1516,20171,2017,62.56
24911,S1511,20171,2017,43.08
24910,S151,20171,2017,181.74
24974,S1540,20171,2017,63.56
23574,1530,20171,2017,2481.7
23570,1515,20171,2017,8071.5
24179,718,20171,2017,320.0
23533,1408,20171,2017,19680.0
23695,1751,20171,2017,2303.0
25495,S2070,20171,2017,71.5
26147,S607,20171,2017,142.08
23458,1130,20171,2017,7113.7
26258,S698,20171,2017,1864.42
24350,S1021,20171,2017,874.65
24357,S1027,20171,2017,28.5
24553,S1297,20171,2017,71.1
25443,S2004,20171,2017,17048.53
25879,S450,20171,2017,67.75
25903,S460,20171,2017,3761.04
25126,S1679,20171,2017,36.42
25119,S1672,20171,2017,359.4
23907,430,20171,2017,218.7
26565,s2004,20171,2017,12778.85
24421,S1186,20171,2017,128.9
24173,710,20171,2017,5124.0
25984,S481,20171,2017,2099.43
24515,S1265,20171,2017,731.53
26432,S90,20171,2017,150.0
26134,S592,20171,2017,15.3
26129,S587,20171,2017,9.41
25809,S337,20171,2017,297.68
24502,S124,20171,2017,633.89
26262,S708,20171,2017,210.0
25258,S1761,20171,2017,474.55
25257,S1759,20171,2017,148.39999999999998
26352,S777,20171,2017,271.73
26536,s1742,20171,2017,144.35
24180,719,20171,2017,637.8
23911,44,20171,2017,46490.68
25868,S443,20171,2017,4365.1
24094,648,20171,2017,2940.16
24091,644,20171,2017,13.5
24089,632,20171,2017,0.0
26007,S488,20171,2017,10900.06
26697,s654,20171,2017,528.75
24243,791,20171,2017,1471.14
26710,s729,20171,2017,1222.03
26437,S902,20171,2017,1508.1200000000001
23967,518,20171,2017,346.9
25537,S213,20171,2017,330.4
25533,S2120,20171,2017,160.68
23649,1704,20171,2017,254.02
23654,1712,20171,2017,468.60999999999996
23803,2000,20171,2017,86.4
23514,1270,20171,2017,1562.8
25196,S1730,20171,2017,900.22
25222,S1737,20171,2017,1405.12
25460,S2014,20171,2017,961.22
25456,S2011,20171,2017,124.98
25315,S185,20171,2017,347.5
23780,1903,20171,2017,5890.450000000001
23963,512,20171,2017,1438.6
23969,526,20171,2017,4340.28
25700,S239,20171,2017,382.06
24841,S1488,20171,2017,172.47
24069,628,20171,2017,24335.73
24065,618,20171,2017,0.0
23477,116,20171,2017,324.91
25995,S484,20171,2017,2697.64
25550,S2144,20171,2017,4776.85
24787,S1465,20171,2017,704.55
25210,S1736,20171,2017,8819.8
23662,1718,20171,2017,110.16
23686,1737,20171,2017,789.0
25817,S357,20171,2017,27.04
26102,S583,20171,2017,8898.35
24725,S1442,20171,2017,435.48
26097,S572,20171,2017,769.9
26605,s2292,20171,2017,60.010000000000005
23768,1898,20171,2017,480.99
26117,S585,20171,2017,1577.94
25275,S1792,20171,2017,1747.75
25273,S1790,20171,2017,82.97
24863,S1498,20171,2017,904.4100000000001
26334,S763,20171,2017,438.24
23518,13,20171,2017,1089.8
26297,S749,20171,2017,13.5
26023,S496,20171,2017,1711.6
26052,S513,20171,2017,101.04
24977,S1542,20171,2017,302.18
25291,S1807,20171,2017,236.88
24512,S1252,20171,2017,0.0
24364,S108,20171,2017,265.53999999999996
26250,S689,20171,2017,91.67999999999999
26270,S716,20171,2017,827.97
24803,S1473,20171,2017,43.2
25821,S36,20171,2017,1541.3600000000001
25847,S392,20171,2017,7134.91
24780,S1463,20171,2017,480.63
24410,S1182,20171,2017,1452.12
26559,s1977,20171,2017,520.69
24775,S1462,20171,2017,360.11
24609,S1361,20171,2017,4460.91
25363,S1892,20171,2017,38.5
23796,1991,20171,2017,46.98
25543,S2143,20171,2017,299.66
24392,S1168,20171,2017,721.98
26285,S73,20171,2017,617.1
23481,1160,20171,2017,10820.52
25835,S365,20171,2017,27.560000000000002
25853,S401,20171,2017,212.96
23952,507,20171,2017,133.5
24387,S1160,20171,2017,240.6
25183,S1723,20171,2017,3474.56
24081,631,20171,2017,5895.700000000001
26034,S506,20171,2017,512.25
25346,S1871,20171,2017,13.0
26300,S75,20171,2017,676.44
26290,S736,20171,2017,143.96
25671,S2341,20171,2017,13.99
23957,509,20171,2017,538.98
25136,S1694,20171,2017,748.87
23674,1729,20171,2017,3201.78
26043,S512,20171,2017,13.5
26069,S553,20171,2017,146.5
25655,S232,20171,2017,566.34
25680,S2352,20171,2017,1043.0
24715,S1438,20171,2017,110.7
23493,1186,20171,2017,875.0
24861,S1497,20171,2017,112.34
25022,S1575,20171,2017,406.82
25665,S2330,20171,2017,68.6
25661,S2321,20171,2017,381.2
26576,s2022,20171,2017,356.48
25912,S462,20171,2017,201.39
25944,S471,20171,2017,41.980000000000004
24137,675,20171,2017,449.35
24994,S1553,20171,2017,193.5
25250,S1756,20171,2017,661.71
24134,674,20171,2017,772.0200000000001
26214,S662,20171,2017,640.4399999999999
24305,920,20171,2017,7265.5
25005,S156,20171,2017,163.68
25780,S318,20171,2017,2626.52
26170,S642,20171,2017,104.44
26195,S654,20171,2017,6608.54
23419,1065,20171,2017,1168.87
25935,S468,20171,2017,37.04
24767,S1459,20171,2017,35.0
24759,S1455,20171,2017,61.5
24141,676,20171,2017,343.8
25590,S2191,20171,2017,2212.74
26758,s964,20172,2017,220.98
24142,676,20172,2017,0.0
23593,1561,20172,2017,3808.68
24455,S1206,20172,2017,13161.119999999999
25562,S2154,20172,2017,76.49000000000001
23866,349,20172,2017,198.03
25037,S158,20172,2017,2494.5099999999998
25085,S1625,20172,2017,0.0
23605,1602,20172,2017,6632.2699999999995
23725,1803,20172,2017,12222.53
25563,S2158,20172,2017,259.48
25585,S2177,20172,2017,504.28
25578,S2176,20172,2017,638.8000000000001
25050,S1588,20172,2017,211.74
24476,S1219,20172,2017,34.620000000000005
26403,S852,20172,2017,3115.25
24876,S15,20172,2017,39.18
25849,S399,20172,2017,40.0
24918,S1513,20172,2017,2000.0
25509,S2081,20172,2017,81.13
26291,S736,20172,2017,318.64
25672,S2341,20172,2017,27.98
25137,S1694,20172,2017,1658.62
26039,S510,20172,2017,628.39
26070,S553,20172,2017,356.84000000000003
26058,S523,20172,2017,163.5
25681,S2352,20172,2017,135.98000000000002
24376,S1141,20172,2017,99.08
26263,S708,20172,2017,840.35
24655,S1402,20172,2017,42.5
25373,S1916,20172,2017,539.46
24716,S1438,20172,2017,71.42
26081,S557,20172,2017,537.3499999999999
26711,s729,20172,2017,124.88
23482,1160,20172,2017,2039.47
25023,S1575,20172,2017,73.5
25666,S2330,20172,2017,71.99000000000001
25410,S1979,20172,2017,228.62
23508,1225,20172,2017,39.56
24610,S1361,20172,2017,7441.52
24513,S1252,20172,2017,405.0
24602,S1354,20172,2017,141.12
24599,S1350,20172,2017,1674.46
23499,12000,20172,2017,0.0
25287,S1798,20172,2017,13.5
25316,S185,20172,2017,1713.8000000000002
26727,s753,20172,2017,49.83
24190,722,20172,2017,1272.6
24187,721,20172,2017,181.35
26737,s755,20172,2017,281.68
23797,1991,20172,2017,89.00999999999999
23938,497,20172,2017,147.66000000000003
25574,S2161,20172,2017,45.5
24403,S118,20172,2017,13.5
26577,s2022,20172,2017,1284.71
25391,S194,20172,2017,0.0
25844,S385,20172,2017,255.5
25836,S365,20172,2017,94.2
24082,631,20172,2017,321.75
23675,1729,20172,2017,4330.37
23947,503,20172,2017,0.0
24385,S1155,20172,2017,538.04
24384,S1154,20172,2017,1521.6
26598,s2276,20172,2017,33.239999999999995
25184,S1723,20172,2017,4845.25
24183,720,20172,2017,1904.0
25650,S230,20172,2017,73.65
25641,S2280,20172,2017,177.36
26301,S75,20172,2017,10565.37
24393,S1168,20172,2017,901.12
26024,S496,20172,2017,104.82
24740,S1448,20172,2017,55.18
26044,S512,20172,2017,895.0
26459,S925,20172,2017,110.78
26722,s75,20172,2017,384.0
23494,1186,20172,2017,1868.48
23953,507,20172,2017,311.5
24365,S108,20172,2017,171.66
24363,S1069,20172,2017,228.5
26612,s2320,20172,2017,44.24
26606,s2292,20172,2017,61.6
25822,S36,20172,2017,9226.17
25818,S357,20172,2017,91.58
24422,S1186,20172,2017,1163.4199999999998
25325,S1859,20172,2017,138.94
24776,S1462,20172,2017,185.4
24788,S1465,20172,2017,834.4499999999999
24982,S1546,20172,2017,803.0
23655,1712,20172,2017,1500.64
25197,S1730,20172,2017,1427.33
24061,610,20172,2017,62.58
24726,S1442,20172,2017,1165.0
26599,s2281,20172,2017,252.6
25145,S1702,20172,2017,58.97
23769,1898,20172,2017,464.62
26092,S567,20172,2017,2178.7400000000002
26118,S585,20172,2017,1911.82
25433,S1993,20172,2017,190.9
25431,S1991,20172,2017,16.9
25276,S1792,20172,2017,1753.85
25274,S1790,20172,2017,277.88
24864,S1498,20172,2017,44.989999999999995
26313,S755,20172,2017,3991.08
26312,S753,20172,2017,2533.1800000000003
26335,S763,20172,2017,1148.3700000000001
23519,13,20172,2017,929.72
25211,S1736,20172,2017,5054.12
25457,S2011,20172,2017,93.27
23970,526,20172,2017,125.03
25701,S239,20172,2017,1301.47
24842,S1488,20172,2017,171.95000000000002
24070,628,20172,2017,14272.14
24095,648,20172,2017,1600.0
24781,S1463,20172,2017,90.92999999999999
25551,S2144,20172,2017,278.97
23810,2011,20172,2017,308.4
23912,44,20172,2017,218.61
25869,S443,20172,2017,806.6
26008,S488,20172,2017,12728.73
26036,S508,20172,2017,803.08
24244,791,20172,2017,7455.0
23453,112,20172,2017,295.1
23478,116,20172,2017,36.57
26438,S902,20172,2017,3955.0000000000005
23968,518,20172,2017,258.65
25538,S213,20172,2017,119.66
25527,S2118,20172,2017,298.2
25689,S236,20172,2017,938.85
23781,1903,20172,2017,1129.18
25238,S1748,20172,2017,77.71
23663,1718,20172,2017,0.0
23640,170,20172,2017,0.0
23804,2000,20172,2017,229.06
26560,s1977,20172,2017,546.66
25985,S481,20172,2017,146.22
24503,S124,20172,2017,115.98
24516,S1265,20172,2017,171.24
24535,S1269,20172,2017,3369.82
24695,S1435,20172,2017,1201.08
26103,S583,20172,2017,20797.57
24707,S1437,20172,2017,438.94
26376,S798,20172,2017,177.7
23757,1863,20172,2017,0.0
25803,S334,20172,2017,198.22
25802,S331,20172,2017,226.38
24039,59,20172,2017,44886.990000000005
23696,1751,20172,2017,5087.6
24112,664,20172,2017,15815.11
24174,710,20172,2017,0.0
26353,S777,20172,2017,2407.52
24432,S1190,20172,2017,130.93
23923,471,20172,2017,2458.35
24856,S1494,20172,2017,42.36
25636,S226,20172,2017,178.5
26377,S799,20172,2017,53.5
23534,1408,20172,2017,20200.0
23459,1130,20172,2017,8142.03
24554,S1297,20172,2017,1797.2
26254,S695,20172,2017,794.22
24351,S1021,20172,2017,249.9
24358,S1027,20172,2017,66.75999999999999
25444,S2004,20172,2017,45123.02
26686,s652,20172,2017,447.71
25904,S460,20172,2017,406.36
25620,S2250,20172,2017,329.57
25613,S2206,20172,2017,2586.0
25120,S1672,20172,2017,703.8399999999999
23826,255,20172,2017,0.0
26547,s1873,20172,2017,3323.7599999999998
23629,1616,20172,2017,30197.940000000002
24251,801,20172,2017,1228.2
24262,805,20172,2017,1947.4
24340,S1011,20172,2017,247.65
26238,S672,20172,2017,197.5
25399,S1971,20172,2017,1420.08
24927,S1520,20172,2017,83.96
26623,s293,20172,2017,975.95
23687,1746,20172,2017,849.25
26486,s0001,20172,2017,0.0
23548,1504,20172,2017,341.33
24635,S1376,20172,2017,22.52
24580,S1334,20172,2017,554.02
26387,S816,20172,2017,173.75
25885,S456,20172,2017,11663.25
25880,S453,20172,2017,256.88
26474,S964,20172,2017,69.7
24324,IR52,20172,2017,1250.4
23398,1028,20172,2017,51262.37
23718,1793,20172,2017,745.1800000000001
24812,S1478,20172,2017,1170.19
25792,S326,20172,2017,102.86
24032,586,20172,2017,507.6
25303,S1816,20172,2017,174.46
24273,81,20172,2017,56.5
23432,1079,20172,2017,937.24
23409,1039,20172,2017,724.2
25333,S1861,20172,2017,82.02
24939,S1526,20172,2017,260.27
24963,S1532,20172,2017,40.0
23737,1827,20172,2017,658.82
25236,S1744,20172,2017,192.33
24987,S1549,20172,2017,66.95
25472,S2024,20172,2017,2274.84
26139,S594,20172,2017,232.8
24683,S1434,20172,2017,200.85
24277,819,20172,2017,136.4
23714,1769,20172,2017,1913.83
23707,1758,20172,2017,1972.55
25729,S25,20172,2017,301.3
24947,S1527,20172,2017,5664.95
26415,S860,20172,2017,1213.21
26530,s1736,20172,2017,272.36
24445,S1193,20172,2017,37.5
24443,S1192,20172,2017,553.67
24631,S1368,20172,2017,13.5
25492,S2050,20172,2017,3791.88
23563,1512,20172,2017,132.61
23982,535,20172,2017,309.24
24487,S1222,20172,2017,1348.65
26208,S659,20172,2017,218.20999999999998
24672,S1432,20172,2017,1499.6
26227,S67,20172,2017,1641.76
24326,S0001,20172,2017,0.0
26635,s3,20172,2017,129.77
24001,550,20172,2017,685.0
24129,673,20172,2017,2843.0
23585,1551,20172,2017,993.0699999999999
24162,699,20172,2017,33926.8
24160,683,20172,2017,204.68
23579,1540,20172,2017,9430.220000000001
23908,431,20172,2017,50.96
23882,384,20172,2017,910.0
23845,30,20172,2017,1297.9099999999999
25603,S2193,20172,2017,94.11
25591,S2191,20172,2017,262.94
25770,S312,20172,2017,351.82
26153,S612,20172,2017,299.6
25160,S1709,20172,2017,294.5
25013,S1560,20172,2017,343.8
25006,S156,20172,2017,296.7
25762,S302,20172,2017,31.0
26185,S653,20172,2017,194.34
26515,s140,20172,2017,628.53
26508,s1212,20172,2017,21.990000000000002
25106,S1668,20172,2017,2210.0
24886,S1500,20172,2017,2494.39
25913,S462,20172,2017,354.29
25251,S1756,20172,2017,377.88
24666,S1425,20172,2017,76.42
25166,S1720,20172,2017,142.8
24306,920,20172,2017,8661.6
25751,S3,20172,2017,1385.97
25781,S318,20172,2017,569.26
24013,562,20172,2017,790.0
24010,56,20172,2017,76.82
26196,S654,20172,2017,9968.369999999999
23420,1065,20172,2017,1323.61
25936,S468,20172,2017,1231.52
24762,S1457,20172,2017,129.98
23617,1607,20172,2017,10017.23
25925,S467,20172,2017,342.11
23886,388,20172,2017,611.4499999999999
23861,338,20172,2017,449.55
23857,327,20172,2017,616.5
24465,S1212,20172,2017,2610.3999999999996
26171,S642,20172,2017,61.98
24898,S1504,20172,2017,162.88
25000,S1557,20172,2017,81.15
26650,s488,20172,2017,915.9
24286,84,20172,2017,278.14
24826,S1482,20172,2017,188.5
24021,569,20172,2017,87.03
26391,S824,20172,2017,187.66
24573,S1329,20172,2017,41.65
25067,S1613,20172,2017,792.61
25093,S1630,20172,2017,133.1
24571,S1325,20172,2017,532.39
25063,S1609,20173,2017,78.36
25051,S1588,20173,2017,79.58
25068,S1613,20173,2017,2940.18
25564,S2158,20173,2017,257.5
23878,38,20173,2017,508.6
25038,S158,20173,2017,2376.71
24456,S1206,20173,2017,23.64
24466,S1212,20173,2017,1311.84
26516,s140,20173,2017,0.0
26509,s1212,20173,2017,190.7
24642,S1378,20173,2017,259.48
25369,S1897,20173,2017,127.02
26548,s1873,20173,2017,393.98
26327,S762,20173,2017,475.0
26543,s1849,20173,2017,79.08
26539,s178,20173,2017,34.58
26354,S777,20173,2017,431.1
26344,S768,20173,2017,23.72
26487,s0001,20173,2017,0.0
24423,S1186,20173,2017,1227.18
24433,S1190,20173,2017,24.0
26566,s2004,20173,2017,1697.91
26561,s1977,20173,2017,134.61
26336,S763,20173,2017,589.34
24411,S1182,20173,2017,688.83
24948,S1527,20173,2017,1831.1200000000001
26302,S75,20173,2017,3574.7599999999998
26326,S761,20173,2017,365.38
24399,S1179,20173,2017,54.78
24395,S1169,20173,2017,80.74
26578,s2022,20173,2017,406.64
25393,S195,20173,2017,136.26
25386,S1926,20173,2017,465.31
25411,S1979,20173,2017,28.86
24388,S1160,20173,2017,225.09
24648,S1388,20173,2017,167.1
26293,S740,20173,2017,597.23
26292,S736,20173,2017,91.04
26595,s2265,20173,2017,77.04
26593,s2144,20173,2017,49.6
26591,s2134,20173,2017,141.18
26249,S685,20173,2017,73.03999999999999
26248,S682,20173,2017,2543.1
26274,S723,20173,2017,248.5
26272,S721,20173,2017,332.19
26271,S716,20173,2017,777.78
26613,s236,20173,2017,15.0
26610,s2317,20173,2017,30.0
26600,s2281,20173,2017,421.6
25326,S1859,20173,2017,189.02
24621,S1364,20173,2017,47.93
26261,S702,20173,2017,191.1
26255,S695,20173,2017,9.16
23396,100,20173,2017,93.5
26624,s293,20173,2017,837.13
26239,S672,20173,2017,407.4
25400,S1971,20173,2017,2249.36
24928,S1520,20173,2017,355.98
24327,S0001,20173,2017,0.0
24341,S1011,20173,2017,536.9000000000001
26215,S662,20173,2017,399.2
24318,99,20173,2017,9259.11
25334,S1861,20173,2017,111.1
24940,S1526,20173,2017,973.87
26209,S659,20173,2017,283.23
24673,S1432,20173,2017,513.76
26228,S67,20173,2017,796.37
26644,s410,20173,2017,431.97
26636,s3,20173,2017,568.8
23399,1028,20173,2017,8016.71
26186,S653,20173,2017,604.85
24669,S143,20173,2017,92.58
24667,S1425,20173,2017,164.33
24919,S1513,20173,2017,1500.0
25428,S1985,20173,2017,584.19
25423,S1983,20173,2017,1147.0
25416,S1982,20173,2017,1672.06
24307,920,20173,2017,28476.44
26651,s488,20173,2017,3378.86
24287,84,20173,2017,414.1
26172,S642,20173,2017,96.0
26197,S654,20173,2017,10517.83
26670,s583,20173,2017,18011.93
23421,1065,20173,2017,1130.35
23416,106,20173,2017,20.43
26160,S637,20173,2017,355.82
26154,S627,20173,2017,625.82
23443,1119,20173,2017,1601.19
24263,805,20173,2017,2195.8
26140,S594,20173,2017,509.8
26135,S592,20173,2017,1287.6299999999999
24684,S1434,20173,2017,129.6
24278,819,20173,2017,145.0
25306,S1818,20173,2017,980.4100000000001
24960,S1531,20173,2017,61.5
24274,81,20173,2017,75.02
23433,1079,20173,2017,2489.48
26475,S964,20173,2017,202.04
25445,S2004,20173,2017,8832.06
26687,s652,20173,2017,494.40999999999997
24252,801,20173,2017,8791.68
26119,S585,20173,2017,1892.1899999999998
23460,1130,20173,2017,333.19
24696,S1435,20173,2017,809.98
26104,S583,20173,2017,12946.41
26130,S587,20173,2017,92.5
26698,s654,20173,2017,2044.05
25461,S2014,20173,2017,245.16
25458,S2011,20173,2017,135.35
26093,S568,20173,2017,138.92000000000002
26114,S584,20173,2017,199.92
26465,S940,20173,2017,258.66
26460,S938,20173,2017,273.78
24229,75,20173,2017,1945.07
26712,s729,20173,2017,524.11
23483,1160,20173,2017,63788.89
26082,S557,20173,2017,816.64
26071,S553,20173,2017,528.6899999999999
24200,727,20173,2017,154.02
26040,S510,20173,2017,162.39
26067,S543,20173,2017,128.16
26738,s758,20173,2017,103.00999999999999
23509,1225,20173,2017,477.0
23507,121,20173,2017,4.5
23500,12000,20173,2017,14577.9
24611,S1361,20173,2017,4141.81
24514,S1252,20173,2017,171.65
25364,S1892,20173,2017,158.5
24603,S1354,20173,2017,4394.9800000000005
24600,S1350,20173,2017,46.739999999999995
26053,S513,20173,2017,107.63
26045,S512,20173,2017,1989.43
25289,S1801,20173,2017,212.07
25317,S185,20173,2017,280.55
26728,s753,20173,2017,25.52
23520,13,20173,2017,1230.0
24195,726,20173,2017,225.35999999999999
24193,724,20173,2017,13.35
24192,723,20173,2017,731.8
24191,722,20173,2017,0.0
26009,S488,20173,2017,19753.34
24727,S1442,20173,2017,6729.0599999999995
25277,S1792,20173,2017,2949.66
25299,S1812,20173,2017,133.5
24504,S124,20173,2017,81.82
24517,S1265,20173,2017,630.04
25996,S484,20173,2017,103.02000000000001
24751,S1454,20173,2017,74.78
25986,S481,20173,2017,659.38
25975,S479,20173,2017,201.22
26003,S485,20173,2017,97.35
24176,716,20173,2017,3729.71
23535,1408,20173,2017,20200.0
23531,140,20173,2017,36554.45
23527,1320,20173,2017,375.99
24175,710,20173,2017,0.0
25260,S1764,20173,2017,336.0
26439,S902,20173,2017,8020.780000000001
25473,S2024,20173,2017,945.65
25467,S2023,20173,2017,162.4
24912,S1511,20173,2017,292.63
24908,S1509,20173,2017,174.71
24976,S1541,20173,2017,97.53
23549,1504,20173,2017,783.25
25969,S477,20173,2017,124.84
24153,681,20173,2017,54.45
23586,1551,20173,2017,463.09000000000003
23575,1530,20173,2017,175.16
25945,S471,20173,2017,41.980000000000004
24768,S1459,20173,2017,298.52
23580,1540,20173,2017,0.0
24135,674,20173,2017,584.0
25937,S468,20173,2017,124.26
25958,S474,20173,2017,456.71000000000004
25241,S1755,20173,2017,82.26
25264,S1777,20173,2017,273.40999999999997
23606,1602,20173,2017,8003.400000000001
23594,1561,20173,2017,7025.5
23618,1607,20173,2017,30490.63
24119,67,20173,2017,13.5
25897,S458,20173,2017,202.99
25921,S463,20173,2017,83.5
25914,S462,20173,2017,476.38999999999993
25223,S1737,20173,2017,52.78
25490,S2046,20173,2017,37.5
25482,S2033,20173,2017,99.64
24109,655,20173,2017,1421.0
25237,S1744,20173,2017,251.94
25886,S456,20173,2017,16564.58
25881,S453,20173,2017,261.05
25905,S460,20173,2017,721.25
25228,S1742,20173,2017,81.9
23630,1616,20173,2017,45409.64
24117,665,20173,2017,0.0
24113,664,20173,2017,0.0
25207,S1735,20173,2017,85.39
23650,1704,20173,2017,277.8
23664,1718,20173,2017,363.35
23641,170,20173,2017,1569.12
24782,S1463,20173,2017,347.76
25867,S412,20173,2017,20.439999999999998
25212,S1736,20173,2017,9992.62
25876,S45,20173,2017,55.0
24789,S1465,20173,2017,186.72
24096,648,20173,2017,3271.5
23656,1712,20173,2017,6968.54
25198,S1730,20173,2017,267.41
25501,S2078,20173,2017,1644.94
25498,S2072,20173,2017,105.04
24548,S1294,20173,2017,880.67
24546,S1273,20173,2017,61.5
24083,631,20173,2017,795.0
23676,1729,20173,2017,10333.11
25185,S1723,20173,2017,11041.47
24071,628,20173,2017,14618.77
24804,S1473,20173,2017,110.16000000000001
25823,S36,20173,2017,1647.9
24056,608,20173,2017,148.5
24066,618,20173,2017,57.78
25351,S1882,20173,2017,1232.65
25378,S1918,20173,2017,249.57999999999998
26423,S888,20173,2017,342.32
24536,S1269,20173,2017,12114.72
25810,S337,20173,2017,152.44
24796,S1466,20173,2017,99.08
24040,59,20173,2017,18184.11
23697,1751,20173,2017,4606.0
24819,S1480,20173,2017,184.85
25522,S2116,20173,2017,267.68
23688,1746,20173,2017,2820.01
25793,S326,20173,2017,723.3
23715,1769,20173,2017,116.61
25162,S1712,20173,2017,73.24000000000001
25752,S3,20173,2017,1826.54
25782,S318,20173,2017,1512.49
25517,S21,20173,2017,69.13
24899,S1504,20173,2017,371.70000000000005
24887,S1500,20173,2017,5350.38
24022,569,20173,2017,263.7
23993,536,20173,2017,1044.31
23726,1803,20173,2017,9016.32
23748,1850,20173,2017,739.0799999999999
25744,S299,20173,2017,377.62
25737,S267,20173,2017,85.03999999999999
25736,S256,20173,2017,598.59
25763,S302,20173,2017,17.22
23979,534,20173,2017,3936.24
25173,S1721,20173,2017,445.0
25167,S1720,20173,2017,50.8
25001,S1557,20173,2017,46.54
23983,535,20173,2017,2961.13
23738,1827,20173,2017,108.5
25687,S2358,20173,2017,0.0
25718,S249,20173,2017,344.35
24849,S1489,20173,2017,1839.75
25710,S243,20173,2017,145.97
25027,S1579,20173,2017,81.58999999999999
24555,S1297,20173,2017,173.34
24565,S1322,20173,2017,379.31
23758,1863,20173,2017,1086.96
25690,S236,20173,2017,2815.4
25528,S2118,20173,2017,1438.28
23964,512,20173,2017,399.9
23782,1903,20173,2017,12542.380000000001
23971,526,20173,2017,389.55999999999995
25702,S239,20173,2017,485.71999999999997
25153,S1706,20173,2017,257.74
25146,S1702,20173,2017,85.03
23770,1898,20173,2017,1912.24
23948,503,20173,2017,121.3
23958,509,20173,2017,125.03999999999999
25682,S2352,20173,2017,331.6
25673,S2341,20173,2017,27.98
25138,S1694,20173,2017,46.97
25024,S1575,20173,2017,778.6
25020,S1569,20173,2017,27.0
25668,S2332,20173,2017,85.06
23794,1942,20173,2017,285.9
25647,S2296,20173,2017,415.87
25552,S2144,20173,2017,4932.2
23805,2000,20173,2017,713.9
23924,471,20173,2017,358.2
24857,S1494,20173,2017,493.86
24865,S1498,20173,2017,303.47
25621,S2250,20173,2017,663.85
25614,S2206,20173,2017,142.42
25611,S2202,20173,2017,3079.77
25096,S1646,20173,2017,27.0
24581,S1334,20173,2017,617.88
26416,S860,20173,2017,0.0
23821,205,20173,2017,285.2
23909,431,20173,2017,75.92
23846,30,20173,2017,2752.52
25604,S2193,20173,2017,1143.07
25592,S2191,20173,2017,1494.77
23836,257,20173,2017,13.5
23840,262,20173,2017,0.0
25081,S1617,20173,2017,223.43
25107,S1668,20173,2017,34.17
23887,388,20173,2017,955.5
23858,327,20173,2017,1582.24
24877,S15,20173,2017,374.28
26404,S852,20173,2017,1140.7
26397,S837,20173,2017,65.19
26392,S824,20173,2017,111.37
24572,S1325,20173,2017,261.69
25586,S2177,20173,2017,13.5
25579,S2176,20173,2017,210.32999999999998
26398,S84,20174,2017,770.16
25753,S3,20174,2017,295.41999999999996
25783,S318,20174,2017,1068.19
24051,607,20174,2017,667.0899999999999
24033,586,20174,2017,2225.98
25771,S312,20174,2017,267.82
25768,S311,20174,2017,757.89
24355,S1022,20174,2017,142.72
26240,S672,20174,2017,73.5
25401,S1971,20174,2017,1318.78
24920,S1513,20174,2017,1600.0
25186,S1723,20174,2017,6146.32
23689,1746,20174,2017,171.54
24813,S1478,20174,2017,664.87
25794,S326,20174,2017,358.86
24328,S0001,20174,2017,0.0
25292,S1807,20174,2017,48.5
25318,S185,20174,2017,101.04
23521,13,20174,2017,3075.56
24728,S1442,20174,2017,3279.8099999999995
25278,S1792,20174,2017,3340.37
25302,S1815,20174,2017,101.93
25997,S484,20174,2017,186.7
24752,S1454,20174,2017,299.32
23847,30,20174,2017,298.49
25057,S1592,20174,2017,60.24
25565,S2158,20174,2017,611.89
26393,S824,20174,2017,71.24000000000001
24574,S1330,20174,2017,156.36
24582,S1334,20174,2017,72.50999999999999
24566,S1322,20174,2017,55.35
26405,S852,20174,2017,820.66
26041,S510,20174,2017,274.3
25337,S1868,20174,2017,330.0
26363,S779,20174,2017,325.68
24590,S1336,20174,2017,757.5999999999999
24866,S1498,20174,2017,267.23
25622,S2250,20174,2017,0.0
25619,S225,20174,2017,13.5
25612,S2202,20174,2017,39.11
24858,S1494,20174,2017,97.74
25097,S1646,20174,2017,13.5
26729,s753,20174,2017,14581.39
26059,S526,20174,2017,56.9
24167,701,20174,2017,24635.08
23550,1504,20174,2017,981.4499999999999
25474,S2024,20174,2017,2572.2799999999997
25468,S2023,20174,2017,232.8
24230,75,20174,2017,402.29999999999995
26713,s729,20174,2017,9962.23
24203,729,20174,2017,224.0
24201,728,20174,2017,2100.0
24488,S1222,20174,2017,597.76
24505,S124,20174,2017,926.45
24518,S1265,20174,2017,18.53
24612,S1361,20174,2017,4380.99
23913,44,20174,2017,580.23
23806,2000,20174,2017,713.9
24941,S1526,20174,2017,41.64
23501,12000,20174,2017,76.62
26083,S557,20174,2017,53.02
24721,S1440,20174,2017,1755.5
24913,S1511,20174,2017,25.97
26072,S553,20174,2017,1326.13
26098,S572,20174,2017,2361.19
26115,S584,20174,2017,74.14
26723,s75,20174,2017,89.2
24138,675,20174,2017,5224.43
25335,S1861,20174,2017,20.47
25361,S189,20174,2017,187.04000000000002
23930,477,20174,2017,70.64
23783,1903,20174,2017,573.38
25553,S2144,20174,2017,39.230000000000004
26467,S941,20174,2017,754.52
26461,S938,20174,2017,107.79
26476,S964,20174,2017,103.5
25959,S474,20174,2017,187.46
23564,1512,20174,2017,1807.5
24154,681,20174,2017,177.39
23587,1551,20174,2017,805.95
23607,1602,20174,2017,2823.91
25926,S467,20174,2017,296.98
23454,112,20174,2017,885.3
26699,s654,20174,2017,1288.44
25434,S1993,20174,2017,283.57
25656,S232,20174,2017,483.38
25652,S2313,20174,2017,9.82
25651,S230,20174,2017,238.5
25642,S2280,20174,2017,932.92
24604,S1354,20174,2017,185.01999999999998
26355,S777,20174,2017,152.42000000000002
26349,S773,20174,2017,414.37
23484,1160,20174,2017,4749.51
25459,S2011,20174,2017,107.14
25242,S1755,20174,2017,66.78
25265,S1777,20174,2017,300.06
25493,S2050,20174,2017,24.75
25487,S2041,20174,2017,0.0
23461,1130,20174,2017,12514.3
26105,S583,20174,2017,21742.34
24708,S1437,20174,2017,103.8
24143,676,20174,2017,710.58
25674,S2341,20174,2017,429.64
23954,507,20174,2017,381.7
25127,S1679,20174,2017,37.56
25662,S2327,20174,2017,61.5
24622,S1364,20174,2017,30.57
26488,s0001,20174,2017,0.0
24484,S122,20174,2017,212.0
23595,1561,20174,2017,0.0
23619,1607,20174,2017,9187.89
24123,671,20174,2017,0.0
25224,S1737,20174,2017,235.68
24103,649,20174,2017,3297.15
24983,S1546,20174,2017,16.8
25887,S456,20174,2017,3000.6
26688,s652,20174,2017,1617.19
24705,S1436,20174,2017,51.9
26120,S585,20174,2017,1821.96
24467,S1212,20174,2017,3474.64
26510,s1212,20174,2017,26.5
23771,1898,20174,2017,842.36
25154,S1706,20174,2017,252.0
25028,S1579,20174,2017,25.549999999999997
25684,S2355,20174,2017,42.239999999999995
24643,S1378,20174,2017,1021.5
26531,s1736,20174,2017,1662.85
25252,S1756,20174,2017,329.35
24685,S1434,20174,2017,752.15
26165,S639,20174,2017,99.08
25304,S1816,20174,2017,62.56
24961,S1531,20174,2017,243.4
24929,S1520,20174,2017,306.9
25446,S2004,20174,2017,11456.17
26141,S594,20174,2017,1130.37
23965,512,20174,2017,1599.6
23959,509,20174,2017,395.15999999999997
23972,526,20174,2017,646.9200000000001
24843,S1488,20174,2017,556.79
25691,S236,20174,2017,618.04
24446,S1193,20174,2017,40.0
24632,S1368,20174,2017,302.67
26549,s1873,20174,2017,311.48
25483,S2033,20174,2017,404.3
23417,106,20174,2017,10.48
25906,S460,20174,2017,216.2
25229,S1742,20174,2017,427.5
23631,1616,20174,2017,939.72
23651,1704,20174,2017,277.8
23665,1718,20174,2017,286.28000000000003
24783,S1463,20174,2017,541.45
26155,S627,20174,2017,383.90000000000003
24264,805,20174,2017,3353.4
26328,S762,20174,2017,498.7
24636,S1376,20174,2017,809.24
24850,S1489,20174,2017,0.0
25711,S243,20174,2017,59.81
23759,1863,20174,2017,406.45
24424,S1186,20174,2017,809.8
23444,1119,20174,2017,1000.74
26652,s488,20174,2017,2500.6
23657,1712,20174,2017,17171.559999999998
25864,S409,20174,2017,232.65
25213,S1736,20174,2017,4456.67
24790,S1465,20174,2017,946.6
26177,S647,20174,2017,110.0
26198,S654,20174,2017,11562.16
24279,819,20174,2017,541.6
26323,S757,20174,2017,161.5
26314,S755,20174,2017,752.13
25719,S249,20174,2017,311.78000000000003
23984,535,20174,2017,1949.1200000000001
23739,1827,20174,2017,152.10000000000002
24412,S1182,20174,2017,424.14
26671,s583,20174,2017,2063.01
24288,84,20174,2017,77.51
24805,S1473,20174,2017,30.75
24800,S1470,20174,2017,84.34
25424,S1983,20174,2017,331.5
25417,S1982,20174,2017,59.61
24949,S1527,20174,2017,800.55
24656,S1402,20174,2017,2409.74
25174,S1721,20174,2017,756.04
25733,S253,20174,2017,254.4
26303,S75,20174,2017,3925.3500000000004
26324,S758,20174,2017,69.33
25502,S2078,20174,2017,842.05
24084,631,20174,2017,207.20000000000002
25837,S365,20174,2017,37.5
25854,S401,20174,2017,231.19
24308,920,20174,2017,2992.4799999999996
23422,1065,20174,2017,973.09
26579,s2022,20174,2017,356.48
26283,S729,20174,2017,1948.84
23994,536,20174,2017,626.73
23727,1803,20174,2017,2727.88
23719,1793,20174,2017,2584.0
23749,1850,20174,2017,779.85
25163,S1712,20174,2017,13.5
25742,S284,20174,2017,53.87
25738,S267,20174,2017,132.54
25387,S1926,20174,2017,57.65
24097,648,20174,2017,0.0
23400,1028,20174,2017,7526.09
26187,S653,20174,2017,741.0
23677,1729,20174,2017,6564.01
25199,S1730,20174,2017,879.64
24072,628,20174,2017,18110.53
25819,S357,20174,2017,84.02
24057,608,20174,2017,15.52
24049,604,20174,2017,60.0
25808,S336,20174,2017,101.0
24674,S1432,20174,2017,1091.48
26229,S67,20174,2017,2624.2400000000002
26567,s2004,20174,2017,5944.79
24377,S1141,20174,2017,33.16
24389,S1160,20174,2017,60.15
24654,S1392,20174,2017,48.16
24649,S1388,20174,2017,132.89
26588,s2050,20174,2017,156.36
26275,S723,20174,2017,499.0
24014,562,20174,2017,1720.0
24011,56,20174,2017,25.16
24404,S118,20174,2017,792.47
24342,S1011,20174,2017,243.6
24041,59,20174,2017,10694.36
23698,1751,20174,2017,6909.0
24319,99,20174,2017,15332.740000000002
26625,s293,20174,2017,863.94
24827,S1482,20174,2017,1838.17
25518,S21,20174,2017,361.1
25516,S2090,20174,2017,71.28999999999999
24888,S1500,20174,2017,547.8
23997,545,20174,2017,204.68
26614,s236,20174,2017,32.7
24366,S11,20174,2017,441.40000000000003
25327,S1859,20174,2017,163.25
24352,S1021,20174,2017,223.26
24296,89,20174,2017,417.18
25824,S36,20174,2017,1936.8
24206,731,20174,2017,0.0
24205,730,20174,2017,468.86
26739,s758,20174,2017,235.44
26440,S902,20174,2017,11002.53
23879,38,20174,2017,206.14
25121,S1674,20174,2017,449.53000000000003
23827,255,20174,2017,848.28
23822,205,20174,2017,1261.48
25605,S2193,20174,2017,4353.95
26449,S908,20174,2017,618.53
26046,S512,20174,2017,496.28
23536,1408,20174,2017,20200.0
24169,709,20174,2017,0.0
25987,S481,20174,2017,182.08
25976,S479,20174,2017,917.03
25295,S181,20174,2017,3350.14
25069,S1613,20174,2017,873.31
26749,s773,20174,2017,698.6
25059,S1599,20174,2017,658.89
25060,S1602,20174,2017,406.89000000000004
25039,S158,20174,2017,277.12
26010,S488,20174,2017,13018.37
25593,S2191,20174,2017,297.99
25370,S1897,20174,2017,59.02
24537,S1269,20174,2017,5834.72
25587,S2179,20174,2017,13.5
24878,S15,20174,2017,165.39999999999998
23888,388,20174,2017,404.94000000000005
23867,349,20174,2017,314.34000000000003
23876,368,20175,2017,85.7
23889,388,20175,2017,1105.77
23862,338,20175,2017,31.17
25588,S2179,20175,2017,299.22
25352,S1882,20175,2017,289.1
26433,S90,20175,2017,150.0
24538,S1269,20175,2017,19346.85
25374,S1916,20175,2017,311.22
25372,S1912,20175,2017,52.85
25594,S2191,20175,2017,1599.76
25104,S1664,20175,2017,105.69
26011,S488,20175,2017,19169.82
25052,S1588,20175,2017,145.66
26750,s774,20175,2017,114.22
25070,S1613,20175,2017,1462.02
26406,S852,20175,2017,1203.8400000000001
26399,S84,20175,2017,140.86
25580,S2176,20175,2017,267.23
26615,s236,20175,2017,3151.5
25754,S3,20175,2017,1117.69
25784,S318,20175,2017,548.24
24052,607,20175,2017,17.4
24050,604,20175,2017,858.49
23708,1758,20175,2017,1520.9
25772,S312,20175,2017,253.12
24343,S1011,20175,2017,284.4
26626,s293,20175,2017,8059.68
26199,S654,20175,2017,6002.87
25402,S1971,20175,2017,2990.02
25523,S2116,20175,2017,527.08
25519,S21,20175,2017,180.55
25187,S1723,20175,2017,2823.65
25795,S326,20175,2017,811.59
25791,S325,20175,2017,122.19
24329,S0001,20175,2017,0.0
23401,1028,20175,2017,13379.85
26225,S669,20175,2017,58.64
26222,S667,20175,2017,137.5
26216,S662,20175,2017,115.8
26246,S679,20175,2017,2529.6000000000004
24042,59,20175,2017,17927.75
23716,1769,20175,2017,551.95
23690,1746,20175,2017,895.8
24820,S1480,20175,2017,390.04
26241,S672,20175,2017,131.5
23410,1039,20175,2017,901.6
24966,S1534,20175,2017,68.88
23728,1803,20175,2017,88448.91
24828,S1484,20175,2017,152.57
24889,S1500,20175,2017,3946.65
26607,s2292,20175,2017,155.18
24367,S11,20175,2017,378.36
24814,S1478,20175,2017,13.5
25825,S36,20175,2017,16207.83
24067,618,20175,2017,0.0
24798,S1469,20175,2017,99.08
24791,S1465,20175,2017,185.24
25804,S334,20175,2017,233.49
24675,S1432,20175,2017,1938.82
26230,S67,20175,2017,444.83000000000004
26639,s319,20175,2017,153.81
25007,S156,20175,2017,233.70999999999998
24378,S1141,20175,2017,2.83
24390,S1160,20175,2017,60.5
24650,S1388,20175,2017,1667.97
26286,S73,20175,2017,183.08
26592,s2134,20175,2017,118.5
26590,s208,20175,2017,330.96
26276,S723,20175,2017,499.0
26580,s2022,20175,2017,356.48
23720,1793,20175,2017,166.9
23750,1850,20175,2017,60.45
25388,S1926,20175,2017,465.31
26188,S653,20175,2017,359.28999999999996
25175,S1721,20175,2017,569.34
25200,S1730,20175,2017,425.06
24073,628,20175,2017,69125.83
26210,S659,20175,2017,535.77
25418,S1982,20175,2017,1400.49
26568,s2004,20175,2017,3607.8900000000003
24657,S1402,20175,2017,58.68
25764,S302,20175,2017,316.64
24836,S1487,20175,2017,257.0
24002,550,20175,2017,685.0
23980,534,20175,2017,1640.1
25168,S1720,20175,2017,359.52
25704,S24,20175,2017,633.4200000000001
25730,S25,20175,2017,265.52
26304,S75,20175,2017,136.69
26672,s583,20175,2017,155.96
25503,S2078,20175,2017,742.88
25842,S372,20175,2017,251.55
25838,S365,20175,2017,37.5
23678,1729,20175,2017,18070.16
24309,920,20175,2017,1346.8999999999999
26653,s488,20175,2017,7550.86
23423,1065,20175,2017,552.29
24784,S1463,20175,2017,513.4
23445,1119,20175,2017,866.44
23658,1712,20175,2017,716.4
24914,S1511,20175,2017,107.31
25870,S443,20175,2017,2986.5
25195,S1725,20175,2017,1740.2
25214,S1736,20175,2017,10406.84
24777,S1462,20175,2017,158.48
26173,S642,20175,2017,51.5
24280,819,20175,2017,0.0
24405,S118,20175,2017,439.42999999999995
26315,S755,20175,2017,232.92
25720,S249,20175,2017,59.65
25002,S1557,20175,2017,58.6
23985,535,20175,2017,9411.27
23740,1827,20175,2017,560.42
25716,S247,20175,2017,4.76
25712,S243,20175,2017,301.2
24413,S1182,20175,2017,1432.8500000000001
25319,S185,20175,2017,361.92
25484,S2033,20175,2017,148.25
26161,S637,20175,2017,944.0
23652,1704,20175,2017,705.96
23642,170,20175,2017,1281.1599999999999
24265,805,20175,2017,2279.0
24950,S1527,20175,2017,2163.38
24637,S1376,20175,2017,109.25999999999999
26545,s1858,20175,2017,13.5
24851,S1489,20175,2017,34.89
23762,1871,20175,2017,864.31
23760,1863,20175,2017,1149.45
25541,S2141,20175,2017,23.009999999999998
25529,S2118,20175,2017,124.57
24425,S1186,20175,2017,637.61
24434,S1190,20175,2017,388.21
25915,S462,20175,2017,312.87
26136,S592,20175,2017,95.5
24686,S1434,20175,2017,251.02
26166,S639,20175,2017,133.8
25307,S1818,20175,2017,505.13
24962,S1531,20175,2017,113.46
23434,1079,20175,2017,184.78
24930,S1520,20175,2017,125.4
26562,s1977,20175,2017,96.87
26527,s1449,20175,2017,18.09
26521,s1442,20175,2017,95.92
23973,526,20175,2017,877.4200000000001
24844,S1488,20175,2017,304.22
25692,S236,20175,2017,1386.95
24453,S1203,20175,2017,47.54
26550,s1873,20175,2017,3606.91
23596,1561,20175,2017,3845.5299999999997
25888,S456,20175,2017,12469.92
26689,s652,20175,2017,830.9
24253,801,20175,2017,28748.75
26681,s618,20175,2017,12.639999999999999
26679,s585,20175,2017,370.68
26121,S585,20175,2017,2428.14
26144,S600,20175,2017,638.55
26329,S762,20175,2017,1054.0
24468,S1212,20175,2017,5393.72
23772,1898,20175,2017,391.48
25155,S1706,20175,2017,93.74
25029,S1579,20175,2017,5.32
25685,S2355,20175,2017,174.54000000000002
24644,S1378,20175,2017,252.0
24942,S1526,20175,2017,178.29
25462,S2014,20175,2017,272.15000000000003
24995,S1553,20175,2017,84.34
25253,S1756,20175,2017,312.45
23632,1616,20175,2017,106.2
23462,1130,20175,2017,2925.45
24231,75,20175,2017,423.09000000000003
24697,S1435,20175,2017,514.49
26106,S583,20175,2017,11254.17
26132,S591,20175,2017,1397.26
26528,s1527,20175,2017,84.72
25683,S2352,20175,2017,13.5
25675,S2341,20175,2017,13.99
25021,S1571,20175,2017,58.7
25669,S2332,20175,2017,98.56
25663,S2327,20175,2017,48.6
24623,S1364,20175,2017,358.44
26489,s0001,20175,2017,0.0
24485,S1220,20175,2017,13.5
25927,S467,20175,2017,28.5
23620,1607,20175,2017,22370.81
23608,1602,20175,2017,3977.1
23455,112,20175,2017,737.75
23475,115,20175,2017,3410.65
26700,s654,20175,2017,355.62
25435,S1993,20175,2017,254.51999999999998
25432,S1991,20175,2017,282.40999999999997
24457,S1206,20175,2017,122.38
26497,s1075,20175,2017,5195.91
25544,S2143,20175,2017,369.06
25623,S2250,20175,2017,13.5
25646,S2290,20175,2017,77.18
25639,S2266,20175,2017,359.45
23931,477,20175,2017,846.0
26356,S777,20175,2017,328.5
26350,S773,20175,2017,100.8
25243,S1755,20175,2017,1024.26
25268,S1783,20175,2017,58.5
23603,1598,20175,2017,11794.0
24144,676,20175,2017,595.98
23470,1144,20175,2017,450.0
25946,S471,20175,2017,41.980000000000004
24769,S1459,20175,2017,314.64
24136,674,20175,2017,1091.55
26345,S77,20175,2017,0.0
25365,S1892,20175,2017,44.9
23784,1903,20175,2017,239.9
24900,S1504,20175,2017,246.64
25554,S2144,20175,2017,2478.2
26468,S941,20175,2017,359.87
26477,S964,20175,2017,1580.66
24489,S1222,20175,2017,1298.3899999999999
26063,S533,20175,2017,132.89
24763,S1457,20175,2017,137.31
23565,1512,20175,2017,1985.24
23588,1551,20175,2017,1494.51
24163,699,20175,2017,63762.08
26714,s729,20175,2017,2228.9
24202,728,20175,2017,588.0
23485,1160,20175,2017,1422.8
24613,S1361,20175,2017,5839.56
24605,S1354,20175,2017,801.36
23940,499,20175,2017,111.27
23914,44,20175,2017,174.13
23807,2000,20175,2017,86.46
23925,471,20175,2017,901.64
25637,S226,20175,2017,0.0
25631,S2252,20175,2017,71.75
25338,S1868,20175,2017,1436.96
26084,S557,20175,2017,1105.51
24975,S1540,20175,2017,67.94
25970,S477,20175,2017,91.72
25967,S476,20175,2017,564.2
25963,S475,20175,2017,1273.83
25960,S474,20175,2017,36.35
26073,S553,20175,2017,761.23
24207,734,20175,2017,333.26
26042,S510,20175,2017,73.5
26068,S545,20175,2017,421.45
26364,S781,20175,2017,95.11000000000001
24591,S1336,20175,2017,72.39
24867,S1498,20175,2017,42.08
25615,S2206,20175,2017,145.5
24859,S1494,20175,2017,242.51999999999998
24583,S1334,20175,2017,565.29
26388,S816,20175,2017,32.22
25998,S484,20175,2017,317.07
24181,719,20175,2017,405.0
24177,717,20175,2017,1117.58
23551,1504,20175,2017,619.35
25259,S1761,20175,2017,40.85
26740,s758,20175,2017,18.72
23510,1225,20175,2017,298.5
23837,257,20175,2017,13.5
23880,38,20175,2017,240.8
25083,S1622,20175,2017,26.56
25082,S1620,20175,2017,412.91
23828,255,20175,2017,267.3
25606,S2193,20175,2017,2171.32
26452,S92,20175,2017,13.5
24527,S1268,20175,2017,270.0
24519,S1265,20175,2017,620.28
24196,726,20175,2017,2560.42
26032,S503,20175,2017,34.3
26029,S498,20175,2017,47.25
23537,1408,20175,2017,20200.0
24170,709,20175,2017,15600.02
25988,S481,20175,2017,2351.5
25296,S181,20175,2017,1031.68
26730,s753,20175,2017,3248.2
23842,273,20175,2017,65.45
25447,S2004,20175,2017,16407.38
24729,S1442,20175,2017,647.38
26035,S506,20175,2017,65.9
25279,S1792,20175,2017,2200.4
25271,S1784,20175,2017,5148.0
25300,S1812,20175,2017,71.28999999999999
24753,S1454,20175,2017,46.18
25475,S2024,20175,2017,172.82999999999998
23522,13,20175,2017,292.0
26441,S902,20175,2017,3104.8199999999997
24879,S15,20175,2017,1661.63
25566,S2158,20175,2017,623.53
25086,S1625,20175,2017,198.89999999999998
26394,S824,20175,2017,84.93
24575,S1330,20175,2017,0.0
24567,S1322,20175,2017,850.61
24556,S1297,20175,2017,76.7
25108,S1668,20175,2017,882.73
26757,s941,20175,2017,206.8
23848,30,20175,2017,3614.08
25353,S1882,20176,2017,434.74
25358,S1883,20176,2017,159.22000000000003
23890,388,20176,2017,192.26999999999998
25105,S1664,20176,2017,134.19
23709,1758,20176,2017,609.9
24821,S1480,20176,2017,116.86
25785,S318,20176,2017,1741.53
24837,S1487,20176,2017,26.060000000000002
25800,S328,20176,2017,68.58
26242,S672,20176,2017,717.9
26217,S662,20176,2017,15.0
26223,S667,20176,2017,11.67
24330,S0001,20176,2017,0.0
26259,S698,20176,2017,1401.27
26231,S67,20176,2017,922.86
25524,S2116,20176,2017,13.5
23843,273,20176,2017,298.8
25595,S2191,20176,2017,391.73
24171,709,20176,2017,4926.21
23538,1408,20176,2017,20200.0
26012,S488,20176,2017,18348.98
25071,S1613,20176,2017,2509.97
25047,S1583,20176,2017,35.56
23868,349,20176,2017,984.62
23874,356,20176,2017,406.2
23849,30,20176,2017,6692.41
25109,S1668,20176,2017,99.21
26751,s774,20176,2017,0.0
24557,S1297,20176,2017,583.38
25567,S2158,20176,2017,526.98
24562,S1320,20176,2017,14.9
24730,S1442,20176,2017,4937.1
23545,1424,20176,2017,750.0
24970,S154,20176,2017,327.65999999999997
26047,S512,20176,2017,1894.72
24741,S1449,20176,2017,2586.0
26030,S498,20176,2017,45.34
23502,12000,20176,2017,16801.670000000002
25469,S2023,20176,2017,301.2
24539,S1269,20176,2017,3853.98
26424,S888,20176,2017,218.55
25379,S1918,20176,2017,1854.3400000000001
26442,S902,20176,2017,1157.86
24520,S1265,20176,2017,506.58000000000004
24528,S1268,20176,2017,54.54
24880,S15,20176,2017,1638.94
23883,384,20176,2017,1880.0
24968,S1539,20176,2017,0.0
26366,S782,20176,2017,234.66
25989,S481,20176,2017,354.51000000000005
25947,S471,20176,2017,77.66
24209,736,20176,2017,26.06
24211,737,20176,2017,74.78
26074,S553,20176,2017,784.9300000000001
25964,S475,20176,2017,36.22
25971,S477,20176,2017,248.16
23897,393,20176,2017,283.5
23901,395,20176,2017,321.6
23823,205,20176,2017,5390.21
23829,255,20176,2017,1813.6399999999999
23915,44,20176,2017,236.56
24606,S1354,20176,2017,1428.19
24506,S124,20176,2017,1502.49
24584,S1334,20176,2017,782.77
23463,1130,20176,2017,2341.42
26094,S570,20176,2017,141.47
26085,S557,20176,2017,26.7
24204,729,20176,2017,768.8
26715,s729,20176,2017,15313.16
23576,1530,20176,2017,173.7
23589,1551,20176,2017,1352.66
24155,682,20176,2017,215.82
25095,S1635,20176,2017,2806.5
25098,S1646,20176,2017,217.10999999999999
25607,S2193,20176,2017,205.36
24868,S1498,20176,2017,52.22
24601,S1353,20176,2017,13.5
25362,S189,20176,2017,91.04
25339,S1868,20176,2017,1551.44
26365,S781,20176,2017,176.72000000000003
25545,S2143,20176,2017,1792.6200000000001
25269,S1783,20176,2017,75.36
25239,S1754,20176,2017,154.42
25244,S1755,20176,2017,167.64
24764,S1457,20176,2017,726.25
25928,S467,20176,2017,247.37
24139,675,20176,2017,1762.6599999999999
24770,S1459,20176,2017,176.16
23486,1160,20176,2017,526.35
25638,S226,20176,2017,0.0
25040,S158,20176,2017,4283.28
23926,471,20176,2017,588.5
24490,S1222,20176,2017,1979.1599999999999
26471,S95,20176,2017,39.480000000000004
24614,S1361,20176,2017,6469.77
23941,499,20176,2017,0.0
24245,791,20176,2017,15060.0
24709,S1437,20176,2017,120.88
26107,S583,20176,2017,12167.24
24698,S1435,20176,2017,222.78
24232,75,20176,2017,356.1
25938,S468,20176,2017,34.21
24145,676,20176,2017,427.86
24150,677,20176,2017,34.83
23597,1561,20176,2017,1419.1
25555,S2144,20176,2017,877.78
24901,S1504,20176,2017,81.8
23814,2031,20176,2017,1916.62
23785,1903,20176,2017,758.58
26357,S777,20176,2017,94.14
26490,s0001,20176,2017,0.0
25624,S2250,20176,2017,0.0
26122,S585,20176,2017,4206.24
23471,1144,20176,2017,272.4
26701,s654,20176,2017,53.35
23609,1602,20176,2017,2313.23
24120,67,20176,2017,13.5
24124,671,20176,2017,835.5
23621,1607,20176,2017,3014.37
23932,477,20176,2017,112.9
23791,1931,20176,2017,1131.86
23798,1991,20176,2017,3199.45
26498,s1075,20176,2017,154.73000000000002
24469,S1212,20176,2017,2841.2599999999998
24458,S1206,20176,2017,900.68
24477,S1219,20176,2017,237.8
25657,S232,20176,2017,262.62
25667,S2330,20176,2017,170.2
25485,S2033,20176,2017,31.09
25488,S2041,20176,2017,110.79
25491,S2046,20176,2017,66.75999999999999
23633,1616,20176,2017,338.1
24130,673,20176,2017,198.17999999999998
25139,S1694,20176,2017,114.77
24624,S1364,20176,2017,1148.39
26343,S766,20176,2017,328.12
26351,S773,20176,2017,100.8
26519,s1435,20176,2017,44.28
26522,s1442,20176,2017,2124.64
26532,s1736,20176,2017,367.4
24943,S1526,20176,2017,1603.3899999999999
24638,S1376,20176,2017,413.14
26505,s110,20176,2017,277.36
23949,503,20176,2017,121.3
25882,S453,20176,2017,254.73000000000002
25230,S1742,20176,2017,4438.25
24989,S1550,20176,2017,56.3
24104,649,20176,2017,525.6800000000001
25147,S1702,20176,2017,46.0
25156,S1706,20176,2017,252.0
23773,1898,20176,2017,874.17
26538,s1769,20176,2017,679.92
26540,s1814,20176,2017,52.5
26330,S762,20176,2017,1010.0
24444,S1192,20176,2017,16.18
24845,S1488,20176,2017,99.88
25693,S236,20176,2017,6443.7300000000005
25898,S458,20176,2017,1294.03
25441,S2001,20176,2017,230.0
23456,112,20176,2017,672.36
24426,S1186,20176,2017,886.6899999999999
25530,S2118,20176,2017,107.22
25215,S1736,20176,2017,4965.139999999999
25889,S456,20176,2017,6373.81
25308,S1818,20176,2017,886.16
23446,1119,20176,2017,263.65
23439,11,20176,2017,304.2
24266,805,20176,2017,2223.8
25871,S443,20176,2017,900.0
23643,170,20176,2017,7304.0
23666,1718,20176,2017,408.12
25902,S459,20176,2017,1103.57
25907,S460,20176,2017,80.0
26680,s586,20176,2017,12.29
24254,801,20176,2017,8101.08
26690,s652,20176,2017,4165.96
26167,S639,20176,2017,56.98
24785,S1463,20176,2017,171.0
25848,S398,20176,2017,149.8
23751,1850,20176,2017,589.97
23766,1877,20176,2017,662.4
24658,S1402,20176,2017,105.54
25347,S1871,20176,2017,10.84
25320,S185,20176,2017,458.32
26551,s1873,20176,2017,660.72
26337,S763,20176,2017,1013.09
24852,S1489,20176,2017,423.0
23974,526,20176,2017,4665.6900000000005
23960,509,20176,2017,415.98
24447,S1193,20176,2017,85.5
24414,S1182,20176,2017,1049.78
24435,S1190,20176,2017,1410.8
24098,648,20176,2017,0.0
23741,1827,20176,2017,90.74000000000001
23986,535,20176,2017,320.25
25745,S299,20176,2017,1256.37
23996,540,20176,2017,130.98000000000002
26581,s2022,20176,2017,257.08000000000004
24400,S1179,20176,2017,50.62
24406,S118,20176,2017,397.13
24396,S1173,20176,2017,110.46
26305,S75,20176,2017,93.77
25721,S249,20176,2017,664.1700000000001
24687,S1434,20176,2017,487.23
24281,819,20176,2017,13.5
26673,s583,20176,2017,800.6700000000001
26156,S627,20176,2017,108.65
23424,1065,20176,2017,1348.84
26569,s2004,20176,2017,2065.28
24662,S1422,20176,2017,790.71
24074,628,20176,2017,39690.729999999996
25201,S1730,20176,2017,1477.01
25176,S1721,20176,2017,205.44
26654,s488,20176,2017,8502.04
25855,S401,20176,2017,31.7
25839,S365,20176,2017,72.6
24085,631,20176,2017,3088.2299999999996
24310,920,20176,2017,10383.24
24298,90,20176,2017,65.62
25504,S2078,20176,2017,70.9
25510,S2081,20176,2017,2326.52
24915,S1511,20176,2017,168.04
25850,S399,20176,2017,261.69
23679,1729,20176,2017,976.07
23729,1803,20176,2017,29775.04
24062,610,20176,2017,85.75
24058,608,20176,2017,44.18
25816,S355,20176,2017,2968.1000000000004
24676,S1432,20176,2017,648.0
26200,S654,20176,2017,6595.89
25419,S1982,20176,2017,281.6
24670,S143,20176,2017,65.16
24799,S147,20176,2017,112.34
24806,S1473,20176,2017,88.1
24003,550,20176,2017,71.92
24829,S1484,20176,2017,177.74
26247,S679,20176,2017,1516.19
26596,s2265,20176,2017,12.8
24653,S139,20176,2017,728.9
24379,S1141,20176,2017,157.84
24023,569,20176,2017,75.98
23699,1751,20176,2017,2303.0
24043,59,20176,2017,23629.28
25826,S36,20176,2017,1091.36
26183,S652,20176,2017,93.86
26189,S653,20176,2017,261.6
23402,1028,20176,2017,20318.36
26640,s319,20176,2017,826.88
24792,S1465,20176,2017,1373.79
25765,S302,20176,2017,268.86
25739,S267,20176,2017,61.11
23721,1793,20176,2017,1938.0
24353,S1021,20176,2017,275.13
24371,S1101,20176,2017,114.3
26608,s2292,20176,2017,118.17
24890,S1500,20176,2017,3037.99
25403,S1971,20176,2017,4809.19
26627,s293,20176,2017,1947.32
24344,S1011,20176,2017,161.78
25796,S326,20176,2017,668.3
25188,S1723,20176,2017,3374.17
24935,S1525,20176,2017,623.1
25328,S1859,20176,2017,33.64
24951,S1527,20176,2017,163.79999999999998
25496,S2070,20176,2017,831.24
24360,S1039,20176,2017,50.8
26264,S708,20176,2017,634.84
26277,S723,20176,2017,2117.94
25775,S315,20176,2017,47.94
25777,S316,20176,2017,390.96
25755,S3,20176,2017,19067.12
25008,S156,20176,2017,128.98000000000002
23552,1504,20176,2017,574.6800000000001
24178,717,20176,2017,16.8
24208,735,20176,2017,3675.13
24184,720,20176,2017,1904.0
24188,721,20176,2017,13768.25
26731,s753,20176,2017,13.34
23498,1187,20176,2017,343.25
25977,S479,20176,2017,349.2
24744,S1450,20176,2017,204.07
24754,S1454,20176,2017,1632.0
25280,S1792,20176,2017,985.65
25448,S2004,20176,2017,10900.91
25122,S1674,20176,2017,36.0
25079,S1614,20176,2017,35.72
25084,S1624,20176,2017,23.7
23841,272,20176,2017,140.0
25064,S1609,20176,2017,90.57
26747,s767,20176,2017,105.14
25581,S2176,20176,2017,157.28
25476,S2024,20176,2017,910.99
23517,1287,20176,2017,6446.0
23515,1270,20176,2017,174.16
23511,1225,20176,2017,358.2
24568,S1322,20176,2017,36.07
26395,S824,20176,2017,345.16
25087,S1625,20176,2017,75.78999999999999
25561,S2152,20176,2017,76.8
25094,S1630,20176,2017,48.5
26407,S852,20176,2017,383.59999999999997
25088,S1625,20177,2017,1866.35
24731,S1442,20177,2017,3507.1499999999996
23512,1225,20177,2017,358.2
24978,S1542,20177,2017,273.84
24197,726,20177,2017,38.64
23523,13,20177,2017,724.8
25477,S2024,20177,2017,593.93
25065,S161,20177,2017,89.65
25062,S1608,20177,2017,68.5
25380,S1918,20177,2017,34.120000000000005
25582,S2176,20177,2017,101.44
25589,S2179,20177,2017,101.44
23860,328,20177,2017,380.0
23884,384,20177,2017,1030.0
23891,388,20177,2017,400.88
24024,569,20177,2017,27.24
24053,607,20177,2017,3678.1400000000003
25827,S36,20177,2017,1456.07
26218,S662,20177,2017,399.2
26220,S665,20177,2017,66.77000000000001
26616,s236,20177,2017,579.63
26232,S67,20177,2017,5025.0
24815,S1478,20177,2017,75.78
26251,S689,20177,2017,70.87
26252,S691,20177,2017,615.0
26260,S698,20177,2017,614.9
25404,S1971,20177,2017,1014.93
24331,S0001,20177,2017,0.0
26628,s293,20177,2017,1659.73
24354,S1021,20177,2017,101.97
24345,S1011,20177,2017,368.90999999999997
25773,S312,20177,2017,259.51
25786,S318,20177,2017,596.3199999999999
25797,S326,20177,2017,466.14
24807,S1473,20177,2017,13.5
25814,S348,20177,2017,261.36
26201,S654,20177,2017,8558.03
24936,S1525,20177,2017,376.46
25329,S1859,20177,2017,25.02
24311,920,20177,2017,22966.71
24320,99,20177,2017,891.0
25004,S1559,20177,2017,170.79
23730,1803,20177,2017,127.72
26265,S708,20177,2017,213.89999999999998
26278,S723,20177,2017,2335.9
25778,S316,20177,2017,97.74
25756,S3,20177,2017,317.96
25009,S156,20177,2017,204.7
25014,S1560,20177,2017,13.5
25189,S1723,20177,2017,1683.31
23691,1746,20177,2017,1475.6999999999998
23700,1751,20177,2017,2303.0
24044,59,20177,2017,28222.52
23403,1028,20177,2017,53721.38
26637,s3,20177,2017,6.5
26641,s367,20177,2017,65.38
24793,S1465,20177,2017,1084.3
25812,S343,20177,2017,37.5
25766,S302,20177,2017,3.33
24004,550,20177,2017,1365.87
25164,S1712,20177,2017,363.2
26601,s2281,20177,2017,223.9
24359,S103,20177,2017,134.55
24018,563,20177,2017,201.85999999999999
24891,S1500,20177,2017,1665.89
25511,S2081,20177,2017,1.0
24677,S1432,20177,2017,2157.52
24299,90,20177,2017,176.78
25420,S1982,20177,2017,500.15999999999997
25425,S1984,20177,2017,579.65
25429,S1985,20177,2017,146.88
26211,S659,20177,2017,6292.16
24663,S1422,20177,2017,234.86
25722,S249,20177,2017,642.1700000000001
25734,S253,20177,2017,271.35
25703,S239,20177,2017,170.02
23975,526,20177,2017,0.0
26597,s2265,20177,2017,42.8
24380,S1141,20177,2017,85.38
26570,s2004,20177,2017,1638.64
25413,S1981,20177,2017,444.3
24075,628,20177,2017,30492.42
25202,S1730,20177,2017,772.76
25177,S1721,20177,2017,1473.44
26674,s583,20177,2017,474.88
26648,s465,20177,2017,39.31
26655,s488,20177,2017,362.74
26662,s545,20177,2017,65.65
25856,S401,20177,2017,16.0
25861,S406,20177,2017,174.71
25840,S365,20177,2017,517.0
25845,S385,20177,2017,642.45
25499,S2072,20177,2017,872.39
24297,89,20177,2017,166.68
25505,S2078,20177,2017,5977.95
24916,S1511,20177,2017,4.029999999999999
23680,1729,20177,2017,8987.45
23659,1712,20177,2017,13760.83
24853,S1489,20177,2017,111.98
23742,1827,20177,2017,419.70000000000005
23987,535,20177,2017,1759.63
25389,S1926,20177,2017,279.56
26284,S729,20177,2017,689.5
26582,s2022,20177,2017,171.66
24099,648,20177,2017,618.2
23425,1065,20177,2017,1571.01
24282,819,20177,2017,13.5
25908,S460,20177,2017,80.34
26158,S635,20177,2017,221.29000000000002
24267,805,20177,2017,292.2
24289,84,20177,2017,82.07
24786,S1463,20177,2017,365.75
25534,S2121,20177,2017,0.0
23752,1850,20177,2017,933.5799999999999
23761,1863,20177,2017,243.87
23763,1871,20177,2017,1307.5
26306,S75,20177,2017,7113.05
25321,S185,20177,2017,228.96
26552,s1873,20177,2017,911.27
26557,s1896,20177,2017,248.73000000000002
23774,1898,20177,2017,760.28
23961,509,20177,2017,256.08
24902,S1504,20177,2017,37.3
26316,S755,20177,2017,2374.2200000000003
26322,S756,20177,2017,143.34
24415,S1182,20177,2017,1678.37
24436,S1190,20177,2017,658.13
24427,S1186,20177,2017,302.09
26537,s1742,20177,2017,62.800000000000004
25216,S1736,20177,2017,5960.5
24090,641,20177,2017,366.9
24092,644,20177,2017,693.72
25890,S456,20177,2017,11025.02
24958,S1528,20177,2017,350.16
25309,S1818,20177,2017,306.11
26162,S637,20177,2017,99.03
23440,11,20177,2017,183.62
24688,S1434,20177,2017,1391.59
23644,170,20177,2017,239.4
23667,1718,20177,2017,439.29
25231,S1742,20177,2017,451.97
24105,649,20177,2017,518.66
23634,1616,20177,2017,27633.73
23950,503,20177,2017,43.12
25030,S1579,20177,2017,182.67
25018,S1564,20177,2017,118.94
25705,S24,20177,2017,2072.24
26331,S762,20177,2017,475.0
24448,S1193,20177,2017,37.5
25694,S236,20177,2017,870.85
25225,S1737,20177,2017,750.0
25436,S1993,20177,2017,685.54
26691,s652,20177,2017,2635.17
24952,S1527,20177,2017,2165.33
24233,75,20177,2017,805.4
24255,801,20177,2017,2637.98
25254,S1756,20177,2017,314.5
24992,S1551,20177,2017,653.14
25140,S1694,20177,2017,201.6
25676,S2341,20177,2017,15.06
26523,s1442,20177,2017,1214.08
24944,S1526,20177,2017,289.88
25686,S2355,20177,2017,133.5
25940,S470,20177,2017,1358.43
25916,S462,20177,2017,50.09
26145,S600,20177,2017,271.52
26148,S607,20177,2017,56.36
26123,S585,20177,2017,5397.54
23447,1119,20177,2017,1587.26
26702,s654,20177,2017,304.09999999999997
23610,1602,20177,2017,6486.56
24125,671,20177,2017,1891.05
23933,477,20177,2017,112.9
26499,s1075,20177,2017,87.78
24470,S1212,20177,2017,2256.07
24459,S1206,20177,2017,82.14
24478,S1219,20177,2017,73.5
25658,S232,20177,2017,79.25
25134,S1691,20177,2017,34.16
23622,1607,20177,2017,2402.46
24219,743,20177,2017,733.5
24220,744,20177,2017,26.16
24699,S1435,20177,2017,71.11
26108,S583,20177,2017,7677.64
23598,1561,20177,2017,5843.0599999999995
25266,S1777,20177,2017,310.89
25556,S2144,20177,2017,754.19
23786,1903,20177,2017,229.36
26358,S777,20177,2017,1953.8
26491,s0001,20177,2017,0.0
24625,S1364,20177,2017,43.78
24615,S1361,20177,2017,5689.37
24497,S1224,20177,2017,129.07999999999998
25625,S2250,20177,2017,596.54
25245,S1755,20177,2017,302.22
25449,S2004,20177,2017,18040.79
25455,S2007,20177,2017,79.38
25952,S472,20177,2017,120.72
24765,S1457,20177,2017,327.67
25929,S467,20177,2017,1584.38
24771,S1459,20177,2017,223.89
23487,1160,20177,2017,205.8
25633,S2258,20177,2017,245.72
25099,S1646,20177,2017,13.5
25116,S1670,20177,2017,132.89
24491,S1222,20177,2017,790.44
26478,S964,20177,2017,37.59
26462,S938,20177,2017,13.5
23942,499,20177,2017,1137.78
23808,2000,20177,2017,129.54000000000002
25546,S2143,20177,2017,79.52
23464,1130,20177,2017,566.08
26095,S570,20177,2017,37.5
26101,S580,20177,2017,816.4100000000001
24218,742,20177,2017,565.93
24722,S1441,20177,2017,20.53
26716,s729,20177,2017,5669.74
24161,683,20177,2017,184.68
23590,1551,20177,2017,311.45
25608,S2193,20177,2017,158.46999999999997
25616,S2206,20177,2017,2586.0
25366,S1892,20177,2017,62.74
25336,S1861,20177,2017,116.85
25340,S1868,20177,2017,176.83
26367,S786,20177,2017,721.4
26368,S787,20177,2017,848.88
24156,682,20177,2017,2917.6
23566,1512,20177,2017,1921.2
25990,S481,20177,2017,15.0
25948,S471,20177,2017,0.0
24210,736,20177,2017,1146.6399999999999
24214,740,20177,2017,707.32
26075,S553,20177,2017,903.76
25961,S474,20177,2017,256.23
25965,S475,20177,2017,658.52
25041,S158,20177,2017,802.48
23898,393,20177,2017,1172.7
23916,44,20177,2017,285.36
26373,S790,20177,2017,364.16
26374,S791,20177,2017,390.81
24507,S124,20177,2017,1251.24
24529,S1268,20177,2017,235.8
24585,S1334,20177,2017,587.25
25972,S477,20177,2017,292.93
23559,1506,20177,2017,906.45
23571,1515,20177,2017,9671.5
25463,S2014,20177,2017,399.29999999999995
26054,S513,20177,2017,71.91
23503,12000,20177,2017,220.32
26741,s758,20177,2017,1103.39
25281,S1792,20177,2017,260.18
25261,S1764,20177,2017,223.44
24540,S1269,20177,2017,7041.4
24549,S1294,20177,2017,106.31
26425,S888,20177,2017,66.76
24869,S1498,20177,2017,172.13
26443,S902,20177,2017,691.41
24521,S1265,20177,2017,294.45000000000005
26450,S908,20177,2017,83.5
26453,S92,20177,2017,94.02000000000001
23553,1504,20177,2017,390.95
26086,S557,20177,2017,300.65
26033,S503,20177,2017,144.6
26732,s753,20177,2017,2154.66
23495,1186,20177,2017,1449.2
25999,S484,20177,2017,17.04
26004,S485,20177,2017,26.73
24746,S1451,20177,2017,59.14
26021,S492,20177,2017,25.380000000000003
23830,255,20177,2017,48.769999999999996
25110,S1668,20177,2017,33.66
23838,257,20177,2017,8962.5
25596,S2191,20177,2017,98.94
25978,S479,20177,2017,483.07
23539,1408,20177,2017,40400.0
26013,S488,20177,2017,12899.199999999999
26408,S852,20177,2017,533.2800000000001
25568,S2158,20177,2017,507.96
25072,S1613,20177,2017,1353.67
23869,349,20177,2017,355.74
23850,30,20177,2017,6308.76
25359,S1883,20177,2017,39.07
24558,S1297,20177,2017,280.24
25089,S1625,20178,2017,51.629999999999995
25058,S1594,20178,2017,35.5
26745,s764,20178,2017,0.0
25270,S1783,20178,2017,128.06
23581,1540,20178,2017,9743.0
24140,675,20178,2017,0.0
25645,S2289,20178,2017,226.0
23892,388,20178,2017,290.42
23831,255,20178,2017,13.5
25648,S2296,20178,2017,135.5
25653,S2313,20178,2017,3013.89
25626,S2250,20178,2017,13.5
25557,S2144,20178,2017,2499.0
24870,S1498,20178,2017,0.0
23851,30,20178,2017,1164.4099999999999
26469,S941,20178,2017,265.81
23611,1602,20178,2017,14339.82
24126,671,20178,2017,688.9
24157,682,20178,2017,37903.7
24854,S1489,20178,2017,307.36
25713,S243,20178,2017,363.25
25535,S2121,20178,2017,79.4
25695,S236,20178,2017,2733.22
25659,S232,20178,2017,155.48000000000002
25664,S2327,20178,2017,37.5
25643,S2280,20178,2017,100.2
24860,S1494,20178,2017,432.42
25609,S2193,20178,2017,90.95
23863,338,20178,2017,2737.06
25597,S2191,20178,2017,348.14
25031,S1579,20178,2017,156.48000000000002
25073,S1613,20178,2017,153.19
23645,170,20178,2017,3970.2
24114,664,20178,2017,11994.8
25217,S1736,20178,2017,5820.97
23554,1504,20178,2017,765.72
25042,S158,20178,2017,4470.7
25525,S2116,20178,2017,178.37
25787,S318,20178,2017,259.28
24808,S1473,20178,2017,2862.6800000000003
24838,S1487,20178,2017,506.5
25776,S315,20178,2017,523.98
25757,S3,20178,2017,3775.73
25542,S2141,20178,2017,208.29
24892,S1500,20178,2017,1433.94
24830,S1484,20178,2017,915.91
25740,S267,20178,2017,300.81
25746,S299,20178,2017,1530.7
25828,S36,20178,2017,981.8399999999999
25801,S33,20178,2017,254.93
24797,S1467,20178,2017,91.53
24816,S1478,20178,2017,215.91
23815,2031,20178,2017,2977.73
24182,719,20178,2017,145.74
24168,704,20178,2017,4913.6
23540,1408,20178,2017,40400.0
23681,1729,20178,2017,12542.62
23660,1712,20178,2017,1217.22
24100,648,20178,2017,0.0
24076,628,20178,2017,23860.35
25203,S1730,20178,2017,472.44999999999993
25178,S1721,20178,2017,1647.4
24971,S154,20178,2017,861.3
25282,S1792,20178,2017,983.77
25891,S456,20178,2017,9928.62
25872,S443,20178,2017,3450.0
24778,S1462,20178,2017,347.90999999999997
25297,S181,20178,2017,101.8
23516,1270,20178,2017,538.49
24063,610,20178,2017,44.5
23701,1751,20178,2017,4606.0
24045,59,20178,2017,24007.42
23692,1746,20178,2017,887.7
24194,724,20178,2017,0.0
24198,726,20178,2017,627.8
25506,S2078,20178,2017,122.88
25508,S2080,20178,2017,233.82
25851,S399,20178,2017,34.44
25857,S401,20178,2017,88.49
25832,S361,20178,2017,64.58
26717,s729,20178,2017,12643.21
23488,1160,20178,2017,21494.72
23465,1130,20178,2017,4090.92
25991,S481,20178,2017,918.56
25979,S479,20178,2017,159.26999999999998
25966,S475,20178,2017,1187.71
24772,S1459,20178,2017,223.8
25953,S472,20178,2017,174.12
24760,S1455,20178,2017,313.62
25930,S467,20178,2017,355.58
25941,S470,20178,2017,38.42
25917,S462,20178,2017,46.74
25486,S2040,20178,2017,456.07
24903,S1504,20178,2017,268.0
25909,S460,20178,2017,162.4
25883,S453,20178,2017,466.49
24742,S1449,20178,2017,286.5
25117,S1670,20178,2017,1762.0600000000002
25100,S1646,20178,2017,286.76
23917,44,20178,2017,354.05
26025,S496,20178,2017,169.32
25478,S2024,20178,2017,129.39
24732,S1442,20178,2017,2201.35
26014,S488,20178,2017,24688.079999999998
24747,S1451,20178,2017,56.22
24755,S1454,20178,2017,1487.62
26733,s753,20178,2017,3079.61
25288,S1798,20178,2017,132.85
25293,S1809,20178,2017,31.96
23504,12000,20178,2017,111.85
24227,748,20178,2017,1166.2
24228,749,20178,2017,5340.0
24710,S1437,20178,2017,233.35000000000002
26109,S583,20178,2017,6558.9
25450,S2004,20178,2017,5085.14
26087,S557,20178,2017,237.60999999999999
26076,S553,20178,2017,2887.61
24717,S1438,20178,2017,71.28999999999999
26055,S513,20178,2017,532.98
26724,s75,20178,2017,155.03
25313,S184,20178,2017,184.66
24215,740,20178,2017,4366.7699999999995
24221,744,20178,2017,372.0
24224,745,20178,2017,0.0
24225,746,20178,2017,555.0
24226,747,20178,2017,198.19
23448,1119,20178,2017,176.38
26703,s654,20178,2017,1810.3899999999999
23426,1065,20178,2017,538.04
23811,2011,20178,2017,470.4
25437,S1993,20178,2017,88.06
24931,S1520,20178,2017,162.7
26143,S60,20178,2017,317.19
26146,S600,20178,2017,48.0
26124,S585,20178,2017,3190.99
24700,S1435,20178,2017,150.0
25190,S1723,20178,2017,12997.35
24025,569,20178,2017,83.52
24034,586,20178,2017,529.72
24241,771,20178,2017,67.66
24234,75,20178,2017,450.0
24256,801,20178,2017,4508.0
26682,s618,20178,2017,754.65
26692,s652,20178,2017,1383.25
26202,S654,20178,2017,6133.87
25426,S1984,20178,2017,1923.41
26190,S653,20178,2017,544.62
26168,S639,20178,2017,131.79000000000002
26178,S647,20178,2017,19.0
24689,S1434,20178,2017,1419.7
26157,S627,20178,2017,116.09
26159,S635,20178,2017,25.53
24275,81,20178,2017,75.21
24953,S1527,20178,2017,723.5899999999999
25310,S1818,20178,2017,63.5
24268,805,20178,2017,770.3
23415,1058,20178,2017,483.3
23418,106,20178,2017,46.68
24290,84,20178,2017,142.59
26666,s580,20178,2017,655.34
24922,S1514,20178,2017,1742.46
24926,S1519,20178,2017,84.34
25405,S1971,20178,2017,1210.02
26243,S672,20178,2017,265.5
26219,S662,20178,2017,136.0
26224,S667,20178,2017,225.5
24678,S1432,20178,2017,125.38
24283,819,20178,2017,11.84
26675,s583,20178,2017,232.9
26656,s488,20178,2017,812.24
26661,s532,20178,2017,83.01
24295,86,20178,2017,25.11
24300,90,20178,2017,637.5
24304,916,20178,2017,68.22
26645,s456,20178,2017,2048.8
23743,1827,20178,2017,857.52
23787,1903,20178,2017,206.95
23792,1931,20178,2017,111.78
25414,S1981,20178,2017,107.7
25394,S1956,20178,2017,76.1
26279,S723,20178,2017,236.65
26287,S73,20178,2017,66.32
23722,1793,20178,2017,88.4
23995,536,20178,2017,161.3
23731,1803,20178,2017,20980.18
24012,56,20178,2017,64.91
23404,1028,20178,2017,3217.18
24312,920,20178,2017,14103.0
26617,s236,20178,2017,726.07
24332,S0001,20178,2017,0.0
26629,s293,20178,2017,3989.46
26233,S67,20178,2017,327.86
26346,S770,20178,2017,484.2
24646,S1380,20178,2017,39.519999999999996
25395,S1957,20178,2017,244.11
26338,S763,20178,2017,524.76
26317,S755,20178,2017,363.2
26295,S748,20178,2017,25.25
26307,S75,20178,2017,3427.5
24361,S1039,20178,2017,84.93
26583,s2022,20178,2017,846.2
26587,s2049,20178,2017,173.49
26589,s2071,20178,2017,53.85
24386,S1155,20178,2017,13.5
26571,s2004,20178,2017,583.12
25322,S185,20178,2017,208.08
25003,S1557,20178,2017,88.5
25111,S1668,20178,2017,984.76
25141,S1694,20178,2017,16.32
23955,507,20178,2017,361.8
26389,S816,20178,2017,12.94
24586,S1334,20178,2017,99.08
26359,S777,20178,2017,198.58
26369,S788,20178,2017,437.19
24626,S1364,20178,2017,65.66
25169,S1720,20178,2017,162.7
25025,S1577,20178,2017,291.84
23976,526,20178,2017,0.0
23988,535,20178,2017,5065.969999999999
26553,s1873,20178,2017,373.22
24416,S1182,20178,2017,1764.58
24437,S1190,20178,2017,63.57
24428,S1186,20178,2017,1055.72
24616,S1361,20178,2017,4364.04
26426,S888,20178,2017,75.0
26430,S89,20178,2017,285.72
25354,S1882,20178,2017,288.28
26409,S852,20178,2017,5512.02
26418,S863,20178,2017,291.87
24576,S1330,20178,2017,780.0
24592,S1336,20178,2017,513.5
24449,S1193,20178,2017,1147.28
26524,s1442,20178,2017,3687.3199999999997
26533,s1736,20178,2017,607.52
26511,s1212,20178,2017,152.38
26513,s1330,20178,2017,780.0
26517,s140,20178,2017,201.26
24471,S1212,20178,2017,1610.1200000000001
24479,S1219,20178,2017,1822.38
25131,S1682,20178,2017,49.48
24508,S124,20178,2017,2040.88
23951,503,20178,2017,229.1
23775,1898,20178,2017,183.74
25341,S1868,20178,2017,326.71
24522,S1265,20178,2017,1460.1
26444,S902,20178,2017,258.45
26454,S92,20178,2017,0.0
24541,S1269,20178,2017,8032.88
26492,s0001,20178,2017,0.0
25157,S1706,20178,2017,84.34
25015,S1560,20178,2017,145.66
26496,s1009,20178,2017,134.61
26500,s1075,20178,2017,54.5
24492,S1222,20178,2017,337.92
26479,S964,20178,2017,109.29
26483,S980,20178,2017,37.5
25723,S249,20178,2017,521.6700000000001
25706,S24,20178,2017,1459.25
23567,1512,20178,2017,1954.22
23572,1515,20178,2017,1050.5
24131,673,20178,2017,65.72
23623,1607,20178,2017,7588.1
25226,S1737,20178,2017,87.34
24984,S1546,20178,2017,1819.8
25232,S1742,20178,2017,412.72999999999996
24110,655,20178,2017,710.5
23635,1616,20178,2017,50.68
25246,S1755,20178,2017,553.32
24146,676,20178,2017,139.94
23599,1561,20178,2017,813.9399999999999
25262,S1769,20178,2017,393.21
24997,S1555,20178,2017,10.66
25569,S2158,20178,2017,1996.14
24881,S15,20178,2017,1014.89
26753,s792,20178,2017,2143.12
23852,30,20179,2017,1882.76
24882,S15,20179,2017,806.29
24871,S1498,20179,2017,176.87
25570,S2158,20179,2017,1290.68
25074,S1613,20179,2017,820.68
25090,S1625,20179,2017,239.67000000000002
25263,S1769,20179,2017,80.35
25103,S165,20179,2017,551.76
23893,388,20179,2017,576.79
23839,257,20179,2017,2117.31
23832,255,20179,2017,13.5
25654,S2313,20179,2017,10.0
25627,S2250,20179,2017,71.15
25547,S2143,20179,2017,77.02000000000001
26455,S92,20179,2017,0.0
26470,S941,20179,2017,645.87
24509,S124,20179,2017,76.05
25342,S1868,20179,2017,453.85
24530,S1268,20179,2017,28.5
24523,S1265,20179,2017,408.73
26445,S902,20179,2017,6875.86
24493,S1222,20179,2017,711.1700000000001
25148,S1702,20179,2017,392.43
25150,S1703,20179,2017,209.3
23776,1898,20179,2017,302.53000000000003
23753,1850,20179,2017,523.06
26493,s0001,20179,2017,0.0
26501,s1075,20179,2017,721.4
26480,S964,20179,2017,1887.5
24542,S1269,20179,2017,2752.24
25375,S1916,20179,2017,256.45
25381,S1918,20179,2017,1638.62
25355,S1882,20179,2017,528.6
24559,S1297,20179,2017,230.17000000000002
26410,S852,20179,2017,1187.44
26417,S860,20179,2017,68.5
24593,S1336,20179,2017,438.92
26375,S794,20179,2017,275.65999999999997
24450,S1193,20179,2017,157.5
26525,s1442,20179,2017,2655.8
26534,s1736,20179,2017,2107.8
24945,S1526,20179,2017,92.72
26518,s1434,20179,2017,85.58
24460,S1206,20179,2017,312.88
24472,S1212,20179,2017,2364.27
24480,S1219,20179,2017,153.5
26378,S802,20179,2017,73.24000000000001
25132,S1682,20179,2017,122.22
23788,1903,20179,2017,2426.84
23943,499,20179,2017,1439.95
25371,S19,20179,2017,465.85
24587,S1334,20179,2017,99.08
24607,S1354,20179,2017,209.86
24627,S1364,20179,2017,77.84
25170,S1720,20179,2017,251.92
23977,526,20179,2017,2565.43
24005,550,20179,2017,35.04
23989,535,20179,2017,6492.64
26554,s1873,20179,2017,331.55
24417,S1182,20179,2017,814.6700000000001
24438,S1190,20179,2017,41.05
24429,S1186,20179,2017,2396.67
24617,S1361,20179,2017,5745.81
25396,S1957,20179,2017,218.5
24633,S1368,20179,2017,244.46
26332,S762,20179,2017,475.0
26339,S763,20179,2017,45.0
26318,S755,20179,2017,459.3
26325,S758,20179,2017,50.62
26308,S75,20179,2017,6724.22
26630,s293,20179,2017,5174.84
24356,S1022,20179,2017,46.3
24346,S1011,20179,2017,677.96
24381,S1141,20179,2017,13.5
24382,S1145,20179,2017,144.76
24375,S1135,20179,2017,363.44
26572,s2004,20179,2017,533.2
24397,S1173,20179,2017,38.519999999999996
24659,S1402,20179,2017,222.72
23812,2011,20179,2017,537.6
23934,477,20179,2017,379.6
23793,1931,20179,2017,1131.86
25412,S1979,20179,2017,48.5
25384,S1923,20179,2017,48.47
26280,S723,20179,2017,1155.1
26294,S745,20179,2017,397.95
24651,S1388,20179,2017,152.8
23744,1827,20179,2017,122.46
23732,1803,20179,2017,3092.79
23405,1028,20179,2017,8672.72
23411,1039,20179,2017,64.58
24313,920,20179,2017,23315.47
26620,s26,20179,2017,49.519999999999996
24333,S0001,20179,2017,0.0
26266,S708,20179,2017,571.01
26253,S691,20179,2017,96.93
26256,S695,20179,2017,0.0
26234,S67,20179,2017,4139.12
24923,S1514,20179,2017,168.99
25406,S1971,20179,2017,2665.99
26244,S672,20179,2017,570.17
26221,S665,20179,2017,33.5
23427,1065,20179,2017,1068.24
26676,s583,20179,2017,102.35
26649,s47,20179,2017,495.88
26657,s488,20179,2017,995.5600000000001
26632,s296,20179,2017,618.75
26646,s456,20179,2017,527.25
25330,S1859,20179,2017,531.72
26203,S654,20179,2017,6341.46
26212,S659,20179,2017,323.22999999999996
24664,S1422,20179,2017,13.5
24932,S1520,20179,2017,37.5
25427,S1984,20179,2017,21.990000000000002
26191,S653,20179,2017,159.18
26179,S647,20179,2017,25.240000000000002
24690,S1434,20179,2017,230.69000000000003
23437,1082,20179,2017,161.3
26693,s652,20179,2017,457.46
24269,805,20179,2017,1527.2
24954,S1527,20179,2017,6477.78
24959,S1529,20179,2017,66.72
24291,84,20179,2017,176.74
26667,s580,20179,2017,298.04
24679,S1432,20179,2017,1194.28
26137,S592,20179,2017,609.2
23799,1991,20179,2017,74.3
25112,S1668,20179,2017,0.0
23939,497,20179,2017,400.51
25438,S1993,20179,2017,334.55
26149,S607,20179,2017,99.22
26125,S585,20179,2017,3216.96
24701,S1435,20179,2017,771.0
24026,569,20179,2017,47.4
23710,1758,20179,2017,79.06
24054,607,20179,2017,193.44
24238,754,20179,2017,150.0
24246,791,20179,2017,33056.0
24237,753,20179,2017,1362.5
24257,801,20179,2017,34413.72
26683,s618,20179,2017,5.92
26110,S583,20179,2017,5087.24
25451,S2004,20179,2017,8958.16
26088,S557,20179,2017,91.51
24723,S1441,20179,2017,777.4
26100,S579,20179,2017,240.48
26077,S553,20179,2017,969.87
24711,S1437,20179,2017,531.02
26048,S512,20179,2017,930.65
24733,S1442,20179,2017,2597.15
23466,1130,20179,2017,2684.86
25311,S1818,20179,2017,531.67
25314,S184,20179,2017,122.26
24222,744,20179,2017,574.75
23449,1119,20179,2017,2280.66
26704,s654,20179,2017,2587.6
24015,562,20179,2017,1070.0
24737,S1443,20179,2017,76.84
25118,S1670,20179,2017,35.900000000000006
23918,44,20179,2017,2651.8599999999997
26031,S498,20179,2017,57.94
24756,S1454,20179,2017,301.86
26015,S488,20179,2017,13361.89
24189,721,20179,2017,29.0
26734,s753,20179,2017,1837.8
23505,12000,20179,2017,0.0
26742,s758,20179,2017,1541.52
24199,726,20179,2017,169.32
26718,s729,20179,2017,8512.73
23489,1160,20179,2017,10116.0
26022,S493,20179,2017,26.520000000000003
25992,S481,20179,2017,814.1899999999999
26000,S484,20179,2017,623.8199999999999
25980,S479,20179,2017,283.8
24907,S1505,20179,2017,772.9
24773,S1459,20179,2017,476.15
25949,S471,20179,2017,116.39
25957,S473,20179,2017,504.0
25931,S467,20179,2017,784.83
25918,S462,20179,2017,156.59
24904,S1504,20179,2017,345.04
25910,S460,20179,2017,362.19
25892,S456,20179,2017,5635.27
25865,S409,20179,2017,159.6
25873,S443,20179,2017,450.0
25877,S45,20179,2017,7.03
25301,S1813,20179,2017,258.38
24068,618,20179,2017,2481.5
24059,608,20179,2017,49.09
23693,1746,20179,2017,1528.26
23702,1751,20179,2017,260.6
24046,59,20179,2017,0.0
23524,13,20179,2017,531.2
24185,720,20179,2017,394.39
25862,S406,20179,2017,207.57999999999998
24801,S1470,20179,2017,252.88
25829,S36,20179,2017,1901.73
25805,S334,20179,2017,343.42
24817,S1478,20179,2017,36.93
23816,2031,20179,2017,2315.05
24172,709,20179,2017,0.0
23541,1408,20179,2017,32320.0
23682,1729,20179,2017,6660.61
24077,628,20179,2017,90465.76
25204,S1730,20179,2017,422.57000000000005
25179,S1721,20179,2017,59.03
23672,1726,20179,2017,83.52
25283,S1792,20179,2017,10649.16
25255,S1756,20179,2017,377.95
24969,S1539,20179,2017,56.6
25208,S1735,20179,2017,128.76
25218,S1736,20179,2017,5140.0
25191,S1723,20179,2017,4504.95
23668,1718,20179,2017,182.52
24093,644,20179,2017,1179.0
23555,1504,20179,2017,293.3
23532,140,20179,2017,247.59
25043,S158,20179,2017,811.79
23899,393,20179,2017,257.1
23902,395,20179,2017,5555.2
23905,417,20179,2017,109.18
23824,205,20179,2017,256.62
25526,S2116,20179,2017,225.5
25788,S318,20179,2017,116.96
25798,S326,20179,2017,437.79999999999995
24809,S1473,20179,2017,290.0
25767,S302,20179,2017,45.0
25774,S312,20179,2017,252.66
25758,S3,20179,2017,853.0
24893,S1500,20179,2017,1011.78
25512,S2081,20179,2017,196.79
24831,S1484,20179,2017,4460.139999999999
25747,S299,20179,2017,44.07
25724,S249,20179,2017,2259.73
25731,S25,20179,2017,68.5
23568,1512,20179,2017,1145.75
23636,1616,20179,2017,2535.71
25247,S1755,20179,2017,636.46
23624,1607,20179,2017,4365.99
24985,S1546,20179,2017,127.2
25233,S1742,20179,2017,951.6500000000001
24107,654,20179,2017,898.72
24164,699,20179,2017,6468.0
24147,676,20179,2017,2093.64
23600,1561,20179,2017,36133.14
24990,S1550,20179,2017,456.0
24996,S1553,20179,2017,57.11
24998,S1555,20179,2017,13.5
23612,1602,20179,2017,5610.37
24127,671,20179,2017,4884.89
25707,S24,20179,2017,588.64
25714,S243,20179,2017,522.82
25531,S2118,20179,2017,59.37
25540,S2133,20179,2017,206.85
24839,S1487,20179,2017,1070.1299999999999
24846,S1488,20179,2017,126.0
25696,S236,20179,2017,848.7800000000001
25677,S2341,20179,2017,72.5
25660,S232,20179,2017,313.40999999999997
23875,356,20179,2017,67.66
23870,349,20179,2017,7696.700000000001
25634,S2258,20179,2017,115.4
25032,S1579,20179,2017,159.20000000000002
25617,S2206,20179,2017,2586.0
25053,S1588,20179,2017,241.16
25598,S2191,20179,2017,490.04
36,106,201110,2011,411.22
1025,801,201110,2011,2245.91
1034,805,201110,2011,75.0
1043,81,201110,2011,1728.74
1052,819,201110,2011,801.27
1064,84,201110,2011,1657.3600000000001
1069,85,201110,2011,181.32
1074,86,201110,2011,141.66
107,1160,201110,2011,0.0
113,1186,201110,2011,715.0
118,1187,201110,2011,1476.0
54,1079,201110,2011,1704.77
44,1065,201110,2011,862.75
3196,S479,201110,2011,95.82
3199,S480,201110,2011,85.57
3207,S498,201110,2011,61.93
766,417,201110,2011,54.51
3224,S535,201110,2011,648.65
3241,S607,201110,2011,1954.51
3249,S639,201110,2011,375.72
3262,S648,201110,2011,510.3
3272,S654,201110,2011,12962.36
3282,S655,201110,2011,292.0
3291,S665,201110,2011,184.07999999999998
3119,S406,201110,2011,73.35
3123,S41,201110,2011,375.57
3132,S42,201110,2011,554.74
3137,S433,201110,2011,178.48
3158,S462,201110,2011,87.61
3162,S464,201110,2011,50.5
3165,S470,201110,2011,96.84
3185,S474,201110,2011,39.48
781,425,201110,2011,486.0
786,430,201110,2011,2855.72
3036,S24,201110,2011,364.55
3047,S247,201110,2011,123.91
3056,S249,201110,2011,21.54
3074,S299,201110,2011,176.46
3083,S3,201110,2011,1951.3
3097,S312,201110,2011,678.1999999999999
3103,S316,201110,2011,112.86
3111,S34,201110,2011,707.84
3300,S67,201110,2011,2075.84
3309,S707,201110,2011,72.72
3322,S723,201110,2011,28.52
3332,S724,201110,2011,831.5799999999999
3339,S73,201110,2011,112.98
3357,S749,201110,2011,448.29999999999995
3366,S75,201110,2011,1262.33
3373,S751,201110,2011,25.0
3389,S777,201110,2011,985.6
3396,S78,201110,2011,1270.02
757,413,201110,2011,165.36
3399,S795,201110,2011,129.87
796,431,201110,2011,114.74000000000001
804,434,201110,2011,135.15
2914,S2266,201110,2011,419.13
2915,S2280,201110,2011,270.0
2925,S2289,201110,2011,660.01
2930,S2290,201110,2011,716.95
2940,S230,201110,2011,561.66
2953,S2313,201110,2011,226.28
2984,S2332,201110,2011,101.76
3003,S2350,201110,2011,638.0
3010,S2352,201110,2011,1405.0
3017,S2358,201110,2011,1008.4
3026,S236,201110,2011,2220.89
2875,S2219,201110,2011,381.74
2879,S2223,201110,2011,784.52
2883,S2225,201110,2011,554.3199999999999
2894,S2246,201110,2011,150.0
2904,S2250,201110,2011,2968.68
2910,S2256,201110,2011,569.53
3407,S799,201110,2011,2221.51
3416,S816,201110,2011,369.91
3424,S82,201110,2011,62.52
3433,S824,201110,2011,177.69
3443,S828,201110,2011,561.68
3455,S84,201110,2011,98.06
3469,S852,201110,2011,1989.43
3478,S866,201110,2011,111.78999999999999
3494,S877,201110,2011,598.01
3500,S888,201110,2011,67.97999999999999
3504,S89,201110,2011,225.0
2772,S2118,201110,2011,469.4
2784,S2135,201110,2011,324.1
816,440,201110,2011,118.71
826,441,201110,2011,3150.32
2789,S2142,201110,2011,765.46
2796,S2143,201110,2011,235.47000000000003
2809,S2176,201110,2011,197.36
2819,S2177,201110,2011,1243.88
2838,S2191,201110,2011,99.75999999999999
2846,S2193,201110,2011,3170.5
2855,S220,201110,2011,126.42
2859,S2202,201110,2011,690.0
2863,S2205,201110,2011,434.29
2869,S2218,201110,2011,352.82000000000005
2667,S2035,201110,2011,4980.21
2675,S2037,201110,2011,334.78999999999996
2687,S2050,201110,2011,377.58
2700,S2061,201110,2011,290.91999999999996
2712,S2072,201110,2011,173.32
2728,S2081,201110,2011,1441.7
2736,S209,201110,2011,82.0
2744,S21,201110,2011,296.02
2751,S2103,201110,2011,60.92
2764,S2110,201110,2011,280.15999999999997
3541,S962,201110,2011,4931.88
3548,S964,201110,2011,9.38
3549,S968,201110,2011,12.42
3552,S980,201110,2011,387.72
3561,S987,201110,2011,277.15
3569,S995,201110,2011,1207.86
716,377,201110,2011,363.3
727,388,201110,2011,540.8
2571,S1962,201110,2011,2727.0
2581,S1971,201110,2011,1060.44
2585,S1979,201110,2011,0.0
2589,S1981,201110,2011,597.8
2597,S1982,201110,2011,1453.71
2606,S1983,201110,2011,86.98
2607,S1985,201110,2011,91.92
2615,S1993,201110,2011,302.64
2628,S2004,201110,2011,1594.68
2639,S2007,201110,2011,74.14
2649,S2014,201110,2011,302.19
2656,S2024,201110,2011,251.56
844,447,201110,2011,1508.62
2507,S1919,201110,2011,473.75
2509,S1923,201110,2011,81.4
2516,S1926,201110,2011,1343.91
2530,S1932,201110,2011,394.66
2540,S1939,201110,2011,553.8
2547,S1940,201110,2011,657.48
2560,S1952,201110,2011,31.23
2564,S1956,201110,2011,99.06
3572,ir11,201110,2011,100.88
3592,s121,201110,2011,250.48
3599,s1212,201110,2011,1327.12
3609,s140,201110,2011,1499.16
3619,s1412,201110,2011,533.15
3622,s146,201110,2011,160.07
3624,s1482,201110,2011,9.49
3642,s1849,201110,2011,371.28
3650,s1873,201110,2011,1762.1200000000001
3664,s1977,201110,2011,631.5
3673,s2004,201110,2011,4089.72
3694,s2276,201110,2011,373.0
3700,s2298,201110,2011,395.0
886,476,201110,2011,0.0
2379,S1801,201110,2011,2443.76
2386,S1802,201110,2011,520.0
2401,S1816,201110,2011,24.53
2409,S1818,201110,2011,2132.66
2416,S184,201110,2011,528.36
2429,S1859,201110,2011,58.84
2446,S1869,201110,2011,805.77
2455,S1871,201110,2011,29.55
2472,S1892,201110,2011,231.3
2484,S19,201110,2011,700.0
2495,S1912,201110,2011,12.93
2503,S1916,201110,2011,789.8
894,479,201110,2011,39060.600000000006
895,480,201110,2011,120.0
2310,S1750,201110,2011,657.4
2319,S1754,201110,2011,795.98
2327,S1755,201110,2011,910.71
2336,S1756,201110,2011,1028.29
2364,S1784,201110,2011,0.0
2374,S1796,201110,2011,171.04000000000002
881,471,201110,2011,427.9
885,475,201110,2011,62.66
3718,s26,201110,2011,52.64
3722,s260,201110,2011,173.11
3729,s3,201110,2011,1288.82
3735,s47,201110,2011,60.23
3746,s654,201110,2011,1827.02
3756,s828,201110,2011,2173.02
3760,s852,201110,2011,133.0
707,365,201110,2011,2212.8
711,373,201110,2011,0.0
3769,s962,201110,2011,826.08
689,352,201110,2011,9689.109999999999
672,336,201110,2011,680.25
679,342,201110,2011,72.53
2221,S1703,201110,2011,120.41
2230,S1711,201110,2011,76.61
2245,S1721,201110,2011,4649.83
2256,S1725,201110,2011,12.5
2260,S1727,201110,2011,4.74
2271,S1730,201110,2011,1193.16
2284,S1736,201110,2011,14193.45
2289,S1737,201110,2011,351.13
2295,S1738,201110,2011,157.3
656,327,201110,2011,0.0
666,328,201110,2011,7722.0
639,30,201110,2011,1566.6399999999999
647,323,201110,2011,1056.23
627,297,201110,2011,0.0
606,257,201110,2011,1093.1
615,262,201110,2011,496.41
2119,S1644,201110,2011,274.68
2134,S1668,201110,2011,339.26
2143,S1672,201110,2011,1923.7
2148,S1673,201110,2011,145.0
2156,S1676,201110,2011,387.71000000000004
2163,S1679,201110,2011,3408.37
2172,S1683,201110,2011,3056.29
2203,S1696,201110,2011,1527.92
2218,S1702,201110,2011,2423.15
587,245,201110,2011,403.8
596,255,201110,2011,832.28
568,2031,201110,2011,0.0
528,1931,201110,2011,0.0
535,1941,201110,2011,2478.0
512,1903,201110,2011,245.98000000000002
519,1921,201110,2011,196.1
2066,S1602,201110,2011,43.57
2068,S1604,201110,2011,467.70000000000005
2073,S161,201110,2011,26.0
907,507,201110,2011,270.0
916,526,201110,2011,4239.04
2078,S1614,201110,2011,53.85
2082,S1617,201110,2011,1966.71
2092,S1625,201110,2011,150.0
2094,S1630,201110,2011,57.86
1937,S1539,201110,2011,475.14
1946,S154,201110,2011,375.0
1958,S1542,201110,2011,0.0
1969,S1546,201110,2011,3163.16
1983,S1550,201110,2011,137.32
2005,S1557,201110,2011,146.82
2014,S156,201110,2011,27.44
2020,S157,201110,2011,357.53000000000003
2033,S1579,201110,2011,400.07
2039,S158,201110,2011,1081.37
2045,S1588,201110,2011,1577.28
2050,S1594,201110,2011,5491.54
2060,S160,201110,2011,34.769999999999996
2063,S1600,201110,2011,856.13
502,1898,201110,2011,542.1
483,1863,201110,2011,0.0
488,1877,201110,2011,616.5
465,1850,201110,2011,758.37
444,1827,201110,2011,617.04
454,1830,201110,2011,3404.0200000000004
1863,S1504,201110,2011,186.56
1870,S1514,201110,2011,788.18
1877,S1518,201110,2011,91.34
1888,S1521,201110,2011,774.51
1894,S1522,201110,2011,23.35
1898,S1523,201110,2011,427.37
927,563,201110,2011,582.39
936,58,201110,2011,1622.6
1902,S1524,201110,2011,97.54
1910,S1527,201110,2011,3257.96
434,1819,201110,2011,7313.58
414,1793,201110,2011,1296.67
424,1803,201110,2011,9819.68
943,604,201110,2011,0.0
1743,S1454,201110,2011,586.95
1751,S1455,201110,2011,54.21
1764,S1462,201110,2011,27.73
1767,S1463,201110,2011,611.37
1769,S1467,201110,2011,151.68
1780,S1473,201110,2011,69.53999999999999
1786,S1478,201110,2011,1376.0
1797,S1480,201110,2011,549.48
1800,S1481,201110,2011,50.56
1805,S1484,201110,2011,41.82
1816,S1487,201110,2011,5201.03
1840,S1498,201110,2011,62.34
1850,S15,201110,2011,351.73
399,1758,201110,2011,3732.64
384,1729,201110,2011,2610.16
391,1746,201110,2011,7110.61
363,1718,201110,2011,5846.5599999999995
374,1726,201110,2011,273.2
353,1712,201110,2011,1360.86
1698,S1438,201110,2011,153.3
959,628,201110,2011,36053.63
967,67,201110,2011,407.43
1703,S1440,201110,2011,52.11
1708,S1441,201110,2011,19.62
1715,S1442,201110,2011,2406.04
1718,S1444,201110,2011,57.91
1723,S1448,201110,2011,143.19
1727,S145,201110,2011,192.5
1732,S1451,201110,2011,30.38
343,1704,201110,2011,2492.44
318,1652,201110,2011,854.27
321,1653,201110,2011,18.0
328,1669,201110,2011,858.4
7,100,201110,2011,2825.4
308,1616,201110,2011,7285.89
1595,S1361,201110,2011,5780.7
1605,S1364,201110,2011,1425.49
1610,S1367,201110,2011,31.8
1623,S1378,201110,2011,613.3399999999999
1637,S1389,201110,2011,546.28
1641,S1390,201110,2011,64.77000000000001
1657,S1402,201110,2011,133.36
1667,S1412,201110,2011,3217.26
1677,S1425,201110,2011,299.51
1684,S1432,201110,2011,300.9
287,1602,201110,2011,0.0
297,1607,201110,2011,40850.92
279,16,201110,2011,454.59000000000003
271,158,201110,2011,0.0
277,1598,201110,2011,2366.0
1490,S1269,201110,2011,4006.29
1499,S128,201110,2011,1123.13
1511,S1296,201110,2011,98.06
1518,S1297,201110,2011,330.9
1526,S1308,201110,2011,82.52
1535,S1320,201110,2011,734.99
1542,S1322,201110,2011,513.6
1549,S1325,201110,2011,240.5
1558,S1334,201110,2011,800.8
1565,S1341,201110,2011,192.1
1573,S1348,201110,2011,100.32
1586,S1354,201110,2011,240.71
60,1082,201110,2011,395.0
67,11,201110,2011,328.64
254,1545,201110,2011,726.39
262,1575,201110,2011,138.24
1398,S1198,201110,2011,676.4
1404,S120,201110,2011,322.5
1411,S1203,201110,2011,142.06
1425,S1212,201110,2011,1474.96
1437,S1219,201110,2011,26.11
1439,S1222,201110,2011,2005.55
1444,S1224,201110,2011,29.25
1450,S1247,201110,2011,39.8
1457,S1250,201110,2011,811.8
1476,S1265,201110,2011,283.73
1482,S1267,201110,2011,120.22
243,1522,201110,2011,5360.0
250,1540,201110,2011,37260.0
213,1504,201110,2011,1698.0
197,1408,201110,2011,21238.0
174,1351,201110,2011,2215.09
181,136,201110,2011,13850.81
183,1368,201110,2011,31425.0
185,137,201110,2011,802.6899999999999
77,1119,201110,2011,1365.8
1306,S1156,201110,2011,96.0
1321,S1169,201110,2011,111.82000000000001
978,75,201110,2011,15142.76
986,752,201110,2011,7079.13
1348,S1182,201110,2011,994.8
1357,S1186,201110,2011,2149.98
1372,S1190,201110,2011,1028.1399999999999
1382,S1192,201110,2011,9303.05
90,1130,201110,2011,25415.8
164,1341,201110,2011,390.87
142,1247,201110,2011,598.68
145,1284,201110,2011,35.79
153,13,201110,2011,89.88
1015,791,201110,2011,2104.9
1230,S1104,201110,2011,142.6
1237,S1106,201110,2011,72.0
1247,S1111,201110,2011,0.0
1254,S1123,201110,2011,96.75
997,767,201110,2011,831.57
1264,S1135,201110,2011,165.2
1268,S114,201110,2011,258.76
1276,S1140,201110,2011,1564.74
1289,S1145,201110,2011,253.0
1095,IR11,201110,2011,391.35
1110,IR2222,201110,2011,0.0
1123,IR35,201110,2011,72.06
1132,IR38,201110,2011,0.0
1146,IR52,201110,2011,418.67999999999995
1156,S0001,201110,2011,0.0
1159,S1,201110,2011,154.5
1163,S100,201110,2011,200.0
1168,S1008,201110,2011,83.94
1169,S1009,201110,2011,49.7
1178,S1011,201110,2011,404.97
1183,S1016,201110,2011,48.73
1193,S1022,201110,2011,845.06
1200,S1024,201110,2011,82.03999999999999
1210,S103,201110,2011,331.14
1218,S1069,201110,2011,1433.87
123,121,201110,2011,1268.4
133,1225,201110,2011,7202.59
20,1039,201110,2011,399.8
27,1058,201110,2011,3516.63
99,115,201111,2011,1028.45
251,1540,201111,2011,98.52
255,1545,201111,2011,204.2
263,1575,201111,2011,298.63
272,158,201111,2011,149.92000000000002
280,16,201111,2011,92.41000000000001
165,1341,201111,2011,335.6
184,1368,201111,2011,11971.96
2464,S1883,201111,2011,69.86
2473,S1892,201111,2011,187.89
2311,S1750,201111,2011,328.7
2320,S1754,201111,2011,389.53999999999996
2328,S1755,201111,2011,12.5
2337,S1756,201111,2011,527.5
2342,S1759,201111,2011,550.55
2351,S1772,201111,2011,1002.8
143,1247,201111,2011,248.68
154,13,201111,2011,2769.89
222,1506,201111,2011,2109.8
230,1512,201111,2011,1645.2
445,1827,201111,2011,342.8
8,100,201111,2011,185.75
55,1079,201111,2011,2629.95
28,1058,201111,2011,186.24
14,1028,201111,2011,12480.0
61,1082,201111,2011,395.0
68,11,201111,2011,20.9
78,1119,201111,2011,739.71
82,112,201111,2011,2545.0
91,1130,201111,2011,16585.44
201,1411,201111,2011,1164.06
344,1704,201111,2011,527.0
3680,s2022,201111,2011,433.37
628,297,201111,2011,24546.15
455,1830,201111,2011,721.3000000000001
457,1834,201111,2011,0.0
466,1850,201111,2011,495.0
473,1856,201111,2011,308.88
476,1857,201111,2011,4114.5
484,1863,201111,2011,2701.46
494,1895,201111,2011,64.75
503,1898,201111,2011,421.9
513,1903,201111,2011,5784.219999999999
236,1515,201111,2011,11429.6
3684,s2259,201111,2011,197.84
3688,s2265,201111,2011,0.0
3695,s2276,201111,2011,724.75
3698,s2293,201111,2011,110.06
554,2,201111,2011,60884.0
557,201,201111,2011,208.65
569,2031,201111,2011,0.0
574,205,201111,2011,232.04
583,226,201111,2011,84.52
586,24,201111,2011,678.88
597,255,201111,2011,2973.2200000000003
607,257,201111,2011,301.08
616,262,201111,2011,17866.62
3770,s962,201111,2011,5451.35
3610,s140,201111,2011,287.74
3620,s1412,201111,2011,1994.3600000000001
3628,s1686,201111,2011,558.18
3634,s1736,201111,2011,190.57999999999998
3651,s1873,201111,2011,2413.71
3674,s2004,201111,2011,4412.88
3570,S995,201111,2011,969.0
3575,ir2222,201111,2011,0.0
3578,s0001,201111,2011,0.0
3585,s1075,201111,2011,44.6
797,431,201111,2011,60.0
640,30,201111,2011,737.42
644,311,201111,2011,40.17
648,323,201111,2011,600.75
657,327,201111,2011,5359.52
680,342,201111,2011,66.78
690,352,201111,2011,355.6
695,353,201111,2011,3413.16
701,356,201111,2011,1556.02
536,1942,201111,2011,194.2
539,1980,201111,2011,479.81
547,1995,201111,2011,652.5
3479,S866,201111,2011,491.17999999999995
3483,S869,201111,2011,669.0
3495,S877,201111,2011,191.96
882,471,201111,2011,42.79
892,478,201111,2011,0.0
717,377,201111,2011,41.33
728,388,201111,2011,970.8
746,400,201111,2011,4377.1
751,409,201111,2011,70.21
772,423,201111,2011,4436.0
782,425,201111,2011,459.0
787,430,201111,2011,4648.75
3683,s2134,201111,2011,1215.9
3521,S921,201111,2011,51.65
3523,S933,201111,2011,61.7
3542,S962,201111,2011,4745.5
3425,S82,201111,2011,315.46
951,610,201111,2011,589.08
960,628,201111,2011,46946.17
817,440,201111,2011,593.94
827,441,201111,2011,4138.24
831,442,201111,2011,120.1
839,446,201111,2011,1894.83
845,447,201111,2011,2428.7599999999998
866,463,201111,2011,60.9
871,466,201111,2011,10.67
875,470,201111,2011,221.13
3600,s1212,201111,2011,262.86
3444,S828,201111,2011,3135.2200000000003
3446,S832,201111,2011,14.46
3456,S84,201111,2011,490.3
3470,S852,201111,2011,3283.04
1026,801,201111,2011,16055.56
897,482,201111,2011,43.04
898,484,201111,2011,681.69
917,526,201111,2011,5043.59
928,563,201111,2011,287.2
937,58,201111,2011,175.52
941,59,201111,2011,3558.0
3349,S743,201111,2011,351.6
3358,S749,201111,2011,88.13
3367,S75,201111,2011,246.78
3374,S751,201111,2011,362.37
3379,S763,201111,2011,380.24
3397,S78,201111,2011,1265.6399999999999
3401,S798,201111,2011,47.8
3408,S799,201111,2011,250.8
3417,S816,201111,2011,16.2
3256,S647,201111,2011,77.24
1126,IR36,201111,2011,1747.01
968,67,201111,2011,633.5699999999999
979,75,201111,2011,8882.21
987,752,201111,2011,4684.5
998,767,201111,2011,755.13
1006,771,201111,2011,180.0
1016,791,201111,2011,3970.77
3434,S824,201111,2011,315.48
3273,S654,201111,2011,15386.18
3283,S655,201111,2011,719.62
3301,S67,201111,2011,1342.47
3310,S707,201111,2011,318.78000000000003
3314,S71,201111,2011,147.08
3323,S723,201111,2011,2009.18
3333,S724,201111,2011,1047.64
1044,81,201111,2011,2909.66
1065,84,201111,2011,1618.73
1078,863,201111,2011,180.0
1082,90,201111,2011,197.0
1091,99,201111,2011,14566.61
1111,IR2222,201111,2011,0.0
1117,IR31,201111,2011,1597.75
1121,IR34,201111,2011,0.0
3340,S73,201111,2011,483.82
3197,S479,201111,2011,82.88
3221,S523,201111,2011,1079.2
3225,S535,201111,2011,2553.2200000000003
3230,S551,201111,2011,636.8
3232,S592,201111,2011,411.51
3242,S607,201111,2011,2057.03
3250,S639,201111,2011,0.0
3172,S471,201111,2011,140.04
3176,S472,201111,2011,21.82
3186,S474,201111,2011,181.25
1328,S1178,201111,2011,170.25
1333,S1179,201111,2011,93.4
1139,IR4,201111,2011,9950.95
1147,IR57,201111,2011,708.71
1157,S0001,201111,2011,0.0
1164,S100,201111,2011,250.0
1167,S1007,201111,2011,50.27
1179,S1011,201111,2011,20.41
1194,S1022,201111,2011,759.6500000000001
1201,S1024,201111,2011,114.0
1238,S1106,201111,2011,441.77000000000004
1248,S1111,201111,2011,0.0
1035,805,201111,2011,1160.0
1405,S120,201111,2011,160.62
1251,S1118,201111,2011,0.0
1265,S1135,201111,2011,571.12
1277,S1140,201111,2011,2626.5
1290,S1145,201111,2011,98.06
1298,S1155,201111,2011,1669.52
1322,S1169,201111,2011,660.84
1327,S1173,201111,2011,0.0
3263,S648,201111,2011,757.05
3124,S41,201111,2011,312.5
3133,S42,201111,2011,228.21
3139,S439,201111,2011,267.7
3145,S453,201111,2011,261.17
3150,S458,201111,2011,60.46
3159,S462,201111,2011,32.8
3163,S464,201111,2011,86.32
1358,S1186,201111,2011,324.27
1363,S1187,201111,2011,86.54
1373,S1190,201111,2011,1903.01
1383,S1192,201111,2011,173.29
1391,S1193,201111,2011,379.71
1399,S1198,201111,2011,55.75
3189,S476,201111,2011,175.7
3043,S243,201111,2011,336.5
3048,S247,201111,2011,33.76
3057,S249,201111,2011,56.14
3064,S267,201111,2011,575.9499999999999
3065,S271,201111,2011,285.7
3070,S287,201111,2011,563.9
3075,S299,201111,2011,74.02
3084,S3,201111,2011,2883.98
3090,S30,201111,2011,84.25
2968,S2322,201111,2011,253.32
2985,S2332,201111,2011,206.51
2997,S2341,201111,2011,3364.96
3011,S2352,201111,2011,140.55
3027,S236,201111,2011,536.87
1414,S1206,201111,2011,71.02
1426,S1212,201111,2011,3660.02
1438,S1219,201111,2011,208.45
1440,S1222,201111,2011,585.01
1445,S123,201111,2011,42.55
1467,S126,201111,2011,82.65
1477,S1265,201111,2011,1707.06
1491,S1269,201111,2011,1060.82
1519,S1297,201111,2011,2823.83
1340,S118,201111,2011,849.7
1349,S1182,201111,2011,293.88
1694,S1437,201111,2011,100.52
1699,S1438,201111,2011,84.62
1527,S1308,201111,2011,138.84
1536,S1320,201111,2011,285.8
1543,S1322,201111,2011,1302.81
1550,S1325,201111,2011,1028.0
1561,S1336,201111,2011,252.6
1574,S1348,201111,2011,593.3199999999999
1578,S1350,201111,2011,86.5
1580,S1353,201111,2011,271.77
1596,S1361,201111,2011,3917.52
1606,S1364,201111,2011,643.38
3114,S361,201111,2011,664.3
3120,S406,201111,2011,30.0
2954,S2313,201111,2011,4019.55
2961,S2316,201111,2011,118.55
1624,S1378,201111,2011,84.06
1628,S1380,201111,2011,46.3
1634,S1388,201111,2011,298.90999999999997
1649,S1392,201111,2011,453.04
1658,S1402,201111,2011,2009.95
1668,S1412,201111,2011,6180.5199999999995
1685,S1432,201111,2011,300.9
3037,S24,201111,2011,871.86
2847,S2193,201111,2011,1050.0
2860,S2202,201111,2011,150.5
2870,S2218,201111,2011,78.78
2884,S2225,201111,2011,610.9
2895,S2246,201111,2011,96.43
2905,S2250,201111,2011,2089.59
2911,S2256,201111,2011,194.2
2926,S2289,201111,2011,356.18
1716,S1442,201111,2011,1115.64
1724,S1448,201111,2011,67.05
1728,S145,201111,2011,42.82
1734,S1452,201111,2011,37.5
1744,S1454,201111,2011,1243.93
1758,S1459,201111,2011,1055.18
1770,S1467,201111,2011,102.14
2931,S2290,201111,2011,210.29000000000002
2752,S2103,201111,2011,259.15
2765,S2111,201111,2011,1410.26
2773,S2118,201111,2011,531.9
2785,S2135,201111,2011,17.0
2797,S2143,201111,2011,2122.0
2810,S2176,201111,2011,69.58
2820,S2177,201111,2011,1023.5
1777,S1472,201111,2011,1188.57
2701,S2061,201111,2011,52.89
2704,S2069,201111,2011,460.54
2713,S2072,201111,2011,99.16
2729,S2081,201111,2011,1828.12
2734,S2086,201111,2011,540.68
2737,S209,201111,2011,53.5
1952,S1540,201111,2011,174.54
1787,S1478,201111,2011,230.16
1798,S1480,201111,2011,7204.610000000001
1808,S1486,201111,2011,255.0
1817,S1487,201111,2011,3209.4900000000002
1828,S1492,201111,2011,353.04
1841,S1498,201111,2011,485.9
1851,S15,201111,2011,2834.03
1854,S1501,201111,2011,26.82
1704,S1440,201111,2011,86.04
2657,S2024,201111,2011,132.42000000000002
2051,S1594,201111,2011,3085.7599999999998
1871,S1514,201111,2011,98.16
1878,S1518,201111,2011,90.43
1889,S1521,201111,2011,1289.92
1899,S1523,201111,2011,34.91
1911,S1527,201111,2011,2769.02
1916,S1528,201111,2011,475.0
1922,S1531,201111,2011,56.44
1938,S1539,201111,2011,781.26
1947,S154,201111,2011,508.5
2839,S2191,201111,2011,169.67000000000002
2678,S2041,201111,2011,85.54
2688,S2050,201111,2011,1384.82
2691,S2052,201111,2011,323.12
2692,S2055,201111,2011,270.0
1970,S1546,201111,2011,1341.27
1984,S1550,201111,2011,284.11
1994,S1553,201111,2011,874.86
2015,S156,201111,2011,864.75
2023,S1575,201111,2011,77.43
2034,S1579,201111,2011,1651.98
2046,S1588,201111,2011,364.41999999999996
2741,S2090,201111,2011,208.97
2745,S21,201111,2011,80.0
2572,S1962,201111,2011,176.09
2582,S1971,201111,2011,607.7900000000001
2598,S1982,201111,2011,1717.53
2616,S1993,201111,2011,251.33
2629,S2004,201111,2011,6412.2300000000005
2643,S2009,201111,2011,54.27
2646,S2011,201111,2011,101.19
2524,S1927,201111,2011,294.2
2531,S1932,201111,2011,0.0
2541,S1939,201111,2011,0.0
2548,S1940,201111,2011,294.6
2553,S1950,201111,2011,485.5
2222,S1703,201111,2011,64.0
2058,S1597,201111,2011,82.32
2064,S1600,201111,2011,366.59000000000003
2067,S1602,201111,2011,735.8
2071,S1605,201111,2011,136.4
2083,S1617,201111,2011,2873.37
2093,S1627,201111,2011,182.8
2095,S1630,201111,2011,482.6
2120,S1644,201111,2011,252.0
2135,S167,201111,2011,156.54
1959,S1542,201111,2011,163.1
2435,S1861,201111,2011,330.12
2447,S1869,201111,2011,1818.95
2456,S1871,201111,2011,970.34
2303,S1739,201111,2011,3988.7300000000005
2144,S1672,201111,2011,100.52
2149,S1673,201111,2011,1266.8200000000002
2157,S1676,201111,2011,34.0
2173,S1683,201111,2011,469.62
2195,S1694,201111,2011,682.44
2204,S1696,201111,2011,1431.3899999999999
2219,S1702,201111,2011,883.5799999999999
2676,S2037,201111,2011,832.72
2489,S1902,201111,2011,1332.6
2504,S1916,201111,2011,66.0
2508,S1919,201111,2011,12.5
2517,S1926,201111,2011,481.23
2365,S1784,201111,2011,4604.04
2228,S1706,201111,2011,1005.15
2234,S1712,201111,2011,173.22
2235,S1715,201111,2011,94.59
2246,S1721,201111,2011,4227.2
2253,S1723,201111,2011,295.98
2261,S1727,201111,2011,656.9300000000001
2272,S1730,201111,2011,5398.73
2285,S1736,201111,2011,10637.31
2290,S1737,201111,2011,270.1
2380,S1801,201111,2011,333.24
2387,S1802,201111,2011,1560.0
2395,S1809,201111,2011,545.92
2399,S1815,201111,2011,0.0
2410,S1818,201111,2011,4308.99
2430,S1859,201111,2011,139.43
3730,s3,201111,2011,1803.59
3736,s47,201111,2011,335.9
3747,s654,201111,2011,1686.55
364,1718,201111,2011,6337.35
375,1726,201111,2011,409.79999999999995
385,1729,201111,2011,996.5999999999999
392,1746,201111,2011,2853.59
400,1758,201111,2011,1716.6499999999999
415,1793,201111,2011,794.73
425,1803,201111,2011,4710.86
435,1819,201111,2011,18583.29
354,1712,201111,2011,2903.56
119,1187,201111,2011,197.86
124,121,201111,2011,3171.0
134,1225,201111,2011,8233.6
138,1245,201111,2011,33.8
335,170,201111,2011,3623.3
331,1685,201111,2011,7130.0
329,1669,201111,2011,643.8
319,1652,201111,2011,2443.0
311,1639,201111,2011,860.25
309,1616,201111,2011,1267.42
298,1607,201111,2011,1650.63
288,1602,201111,2011,230.92
45,1065,201111,2011,1013.15
214,1504,201111,2011,404.15999999999997
9,100,201112,2011,280.0
289,1602,201112,2011,0.0
299,1607,201112,2011,818.04
312,1639,201112,2011,82.59
320,1652,201112,2011,1895.9
345,1704,201112,2011,422.65999999999997
281,16,201112,2011,92.6
244,1522,201112,2011,3720.0
257,1556,201112,2011,68.5
264,1575,201112,2011,241.92
273,158,201112,2011,215.58
155,13,201112,2011,535.15
166,1341,201112,2011,522.72
175,1351,201112,2011,292.5
2305,S1742,201112,2011,20.97
2321,S1754,201112,2011,2197.11
2338,S1756,201112,2011,504.75
2343,S1759,201112,2011,223.34
2344,S1761,201112,2011,25.439999999999998
2352,S1772,201112,2011,172.86
2356,S1774,201112,2011,257.1
2366,S1784,201112,2011,400.0
2372,S1790,201112,2011,240.5
2229,S1706,201112,2011,27.44
2247,S1721,201112,2011,255.85
2262,S1727,201112,2011,796.75
2273,S1730,201112,2011,3306.62
2286,S1736,201112,2011,7472.42
2554,S1950,201112,2011,66.5
2561,S1952,201112,2011,42.0
2388,S1802,201112,2011,1248.0
2411,S1818,201112,2011,1398.12
2439,S1868,201112,2011,2108.57
2448,S1869,201112,2011,96.1
2457,S1871,201112,2011,52.55
2304,S1739,201112,2011,993.34
2145,S1672,201112,2011,556.6
2150,S1673,201112,2011,380.97
2174,S1683,201112,2011,1134.26
2184,S1688,201112,2011,227.64
2205,S1696,201112,2011,400.37
2206,S1699,201112,2011,0.0
2210,S170,201112,2011,170.25
2658,S2026,201112,2011,49.2
2474,S1892,201112,2011,297.02
2496,S1912,201112,2011,36.96
2497,S1915,201112,2011,88.0
2505,S1916,201112,2011,300.5
2518,S1926,201112,2011,75.44
2223,S1703,201112,2011,67.00999999999999
2069,S1604,201112,2011,390.72
2084,S1617,201112,2011,6828.76
2089,S1624,201112,2011,33.15
2096,S1630,201112,2011,530.0
2106,S1637,201112,2011,116.22
2125,S1658,201112,2011,44.1
2126,S166,201112,2011,106.58
1960,S1542,201112,2011,42.620000000000005
1971,S1546,201112,2011,24.3
1985,S1550,201112,2011,158.58
2001,S1555,201112,2011,242.0
2024,S1575,201112,2011,470.1
2047,S1592,201112,2011,83.44999999999999
2573,S1968,201112,2011,237.5
2599,S1982,201112,2011,1960.7
2617,S1993,201112,2011,257.36
2630,S2004,201112,2011,6696.8
2647,S2011,201112,2011,83.52
2650,S2017,201112,2011,30.33
2052,S1594,201112,2011,1374.3
1879,S1518,201112,2011,12.5
1890,S1521,201112,2011,183.63
1895,S1522,201112,2011,35.85
1912,S1527,201112,2011,448.86
1939,S1539,201112,2011,1138.92
2840,S2191,201112,2011,52.38
2677,S2037,201112,2011,807.78
2689,S2050,201112,2011,1265.5900000000001
2702,S2061,201112,2011,1774.22
2714,S2072,201112,2011,240.85999999999999
1948,S154,201112,2011,37.5
1782,S1474,201112,2011,30.5
1788,S1478,201112,2011,49.28
1799,S1480,201112,2011,7016.9
1818,S1487,201112,2011,2826.64
1832,S1495,201112,2011,157.64
1842,S1498,201112,2011,462.54
1852,S15,201112,2011,951.4399999999999
1864,S1504,201112,2011,1206.95
1705,S1440,201112,2011,0.0
1717,S1442,201112,2011,837.16
1730,S1450,201112,2011,322.38
1745,S1454,201112,2011,2386.1
1752,S1455,201112,2011,395.38
1759,S1459,201112,2011,31.05
2932,S2290,201112,2011,45.4
2753,S2104,201112,2011,381.35
2758,S2108,201112,2011,232.79999999999998
2766,S2111,201112,2011,780.0
2800,S2158,201112,2011,599.24
2804,S2161,201112,2011,670.76
2811,S2176,201112,2011,347.9
2821,S2177,201112,2011,976.99
1771,S1467,201112,2011,0.0
1625,S1378,201112,2011,200.14
1642,S1390,201112,2011,143.48
1650,S1392,201112,2011,12.0
1659,S1402,201112,2011,390.36
1669,S1412,201112,2011,3433.69
1686,S1432,201112,2011,1072.48
1692,S1436,201112,2011,338.7
3038,S24,201112,2011,174.76
2848,S2193,201112,2011,688.4
2856,S2201,201112,2011,93.72
2861,S2202,201112,2011,79.44
2864,S2205,201112,2011,946.35
2906,S2250,201112,2011,2592.08
2908,S2252,201112,2011,34.739999999999995
1544,S1322,201112,2011,267.38
1551,S1325,201112,2011,1655.8
1559,S1334,201112,2011,1114.44
1597,S1361,201112,2011,1206.12
2955,S2313,201112,2011,2104.46
2956,S2314,201112,2011,109.77
2969,S2322,201112,2011,259.5
2989,S2334,201112,2011,147.75
2998,S2341,201112,2011,888.64
3004,S2350,201112,2011,1268.56
3028,S236,201112,2011,544.26
1607,S1364,201112,2011,412.79
1616,S1376,201112,2011,239.46
1427,S1212,201112,2011,2272.0699999999997
1451,S1247,201112,2011,56.78
1458,S1250,201112,2011,96.12
1468,S126,201112,2011,98.73
1478,S1265,201112,2011,460.01
1492,S1269,201112,2011,2946.76
1520,S1297,201112,2011,1179.67
1334,S1179,201112,2011,202.53
1359,S1186,201112,2011,2219.36
1364,S1187,201112,2011,183.62
1374,S1190,201112,2011,1100.53
1384,S1192,201112,2011,1179.96
1392,S1193,201112,2011,72.84
3190,S476,201112,2011,74.02
3058,S249,201112,2011,463.47
3066,S284,201112,2011,339.11
3071,S287,201112,2011,287.32
3085,S3,201112,2011,374.56
3098,S312,201112,2011,62.18
1400,S1198,201112,2011,255.22
1249,S1111,201112,2011,0.0
1255,S1123,201112,2011,117.68
1257,S1125,201112,2011,100.52
1278,S1140,201112,2011,1483.05
1283,S1141,201112,2011,321.78999999999996
1299,S1155,201112,2011,418.0
1323,S1169,201112,2011,811.02
3264,S648,201112,2011,307.8
3125,S41,201112,2011,0.0
3134,S42,201112,2011,530.4
3151,S458,201112,2011,79.26
3180,S473,201112,2011,111.72
1140,IR4,201112,2011,2720.91
1158,S0001,201112,2011,0.0
1180,S1011,201112,2011,1126.81
1195,S1022,201112,2011,162.6
1202,S1024,201112,2011,431.0
1239,S1106,201112,2011,50.0
1045,81,201112,2011,1562.18
1053,819,201112,2011,65.02
1066,84,201112,2011,1355.83
1083,90,201112,2011,256.1
1092,99,201112,2011,100.0
3334,S724,201112,2011,363.48
3198,S479,201112,2011,633.6999999999999
3200,S480,201112,2011,256.2
3210,S511,201112,2011,301.23
3226,S540,201112,2011,269.1
3243,S607,201112,2011,789.98
3254,S646,201112,2011,159.85999999999999
1127,IR36,201112,2011,156.52
961,628,201112,2011,30259.809999999998
969,67,201112,2011,478.06
970,72,201112,2011,22780.0
980,75,201112,2011,10352.49
988,752,201112,2011,35.3
999,767,201112,2011,600.12
1007,771,201112,2011,198.0
1017,791,201112,2011,4955.0
3435,S824,201112,2011,673.1800000000001
3274,S654,201112,2011,3047.4700000000003
3284,S655,201112,2011,53.62
3292,S665,201112,2011,569.88
3302,S67,201112,2011,3076.17
3311,S707,201112,2011,49.76
3316,S717,201112,2011,128.18
3324,S723,201112,2011,141.18
1027,801,201112,2011,17971.97
893,478,201112,2011,1625.34
896,481,201112,2011,5610.0
899,487,201112,2011,118.4
900,488,201112,2011,0.0
908,507,201112,2011,1324.88
920,56,201112,2011,31.14
938,58,201112,2011,733.5699999999999
942,59,201112,2011,0.0
3501,S888,201112,2011,198.38
3505,S89,201112,2011,86.56
3341,S73,201112,2011,1019.4399999999999
3380,S763,201112,2011,332.1
3398,S78,201112,2011,132.7
3418,S816,201112,2011,108.75
798,431,201112,2011,167.03
818,440,201112,2011,173.56
828,441,201112,2011,2408.92
832,442,201112,2011,48.04
846,447,201112,2011,199.89
867,463,201112,2011,1778.0
3601,s1212,201112,2011,591.11
3445,S828,201112,2011,1931.3
3449,S837,201112,2011,444.82
3457,S84,201112,2011,85.24000000000001
3471,S852,201112,2011,236.6
3474,S860,201112,2011,390.48
3484,S869,201112,2011,254.75
3496,S877,201112,2011,177.31
702,356,201112,2011,80.71000000000001
718,377,201112,2011,1171.6599999999999
729,388,201112,2011,905.65
747,400,201112,2011,2195.6
758,413,201112,2011,82.68
762,416,201112,2011,778.08
783,425,201112,2011,0.0
3681,s2022,201112,2011,963.14
3511,S907,201112,2011,528.5
3543,S962,201112,2011,10833.89
3553,S980,201112,2011,121.52
3571,S995,201112,2011,336.15
3576,ir2222,201112,2011,0.0
3579,s0001,201112,2011,0.0
3590,s110,201112,2011,204.07999999999998
788,430,201112,2011,2241.96
629,297,201112,2011,875.16
641,30,201112,2011,421.4
649,323,201112,2011,821.2
658,327,201112,2011,0.0
667,328,201112,2011,5198.5599999999995
673,336,201112,2011,199.54
681,342,201112,2011,434.32
691,352,201112,2011,0.0
598,255,201112,2011,30.0
608,257,201112,2011,951.48
3771,s962,201112,2011,1632.6399999999999
3611,s140,201112,2011,419.67
3621,s1412,201112,2011,6431.0
3623,s146,201112,2011,194.35
3632,s1728,201112,2011,101.19
3657,s19,201112,2011,432.0
3665,s1977,201112,2011,301.23
3675,s2004,201112,2011,5844.45
617,262,201112,2011,53.1
456,1830,201112,2011,2199.98
493,1882,201112,2011,619.0799999999999
495,1895,201112,2011,18.69
504,1898,201112,2011,111.2
514,1903,201112,2011,95.75
237,1515,201112,2011,508.8
3696,s2276,201112,2011,727.12
3706,s2311,201112,2011,0.0
3719,s26,201112,2011,213.6
3731,s3,201112,2011,715.5
3733,s40,201112,2011,105.18
3748,s654,201112,2011,3203.42
3757,s828,201112,2011,471.6
520,1921,201112,2011,237.0
529,1931,201112,2011,0.0
365,1718,201112,2011,24782.420000000002
376,1726,201112,2011,136.6
401,1758,201112,2011,685.22
416,1793,201112,2011,414.9
426,1803,201112,2011,840.31
436,1819,201112,2011,378.90999999999997
355,1712,201112,2011,0.0
108,1160,201112,2011,18398.09
135,1225,201112,2011,3673.9700000000003
144,1247,201112,2011,175.8
215,1504,201112,2011,4164.75
223,1506,201112,2011,54.1
231,1512,201112,2011,50.79
446,1827,201112,2011,542.9300000000001
46,1065,201112,2011,1334.75
56,1079,201112,2011,1832.76
29,1058,201112,2011,6874.51
69,11,201112,2011,432.6
92,1130,201112,2011,18635.85
8270,s962,201210,2012,501.74
8256,s828,201210,2012,269.40999999999997
8250,s654,201210,2012,2087.72
8229,s3,201210,2012,193.94
8221,s260,201210,2012,462.96000000000004
8215,s26,201210,2012,92.28999999999999
8206,s257,201210,2012,731.99
7906,S877,201210,2012,444.56
8081,s1412,201210,2012,227.12
8069,s140,201210,2012,903.45
8056,s1212,201210,2012,54.29
8046,s1140,201210,2012,58.94
8031,s1009,201210,2012,232.5
8020,S995,201210,2012,973.04
3950,1225,201210,2012,6196.42
3936,12000,201210,2012,0.0
3916,117,201210,2012,646.0799999999999
3915,1160,201210,2012,15065.0
3904,1144,201210,2012,234.09
3899,1130,201210,2012,10178.57
3886,112,201210,2012,2795.03
3877,1119,201210,2012,90.0
3865,11,201210,2012,280.99
4063,1512,201210,2012,1587.48
4049,1504,201210,2012,3399.5099999999998
4027,1408,201210,2012,18520.0
4012,136,201210,2012,1409.8
4000,1351,201210,2012,269.5
3973,13,201210,2012,520.71
8008,S987,201210,2012,168.34
8003,S986,201210,2012,211.37
7985,S962,201210,2012,8514.32
7972,S941,201210,2012,2647.83
7964,S940,201210,2012,361.28999999999996
7958,S938,201210,2012,169.25
7954,S929,201210,2012,100.52
7952,S925,201210,2012,85.27
7929,S902,201210,2012,3881.17
7913,S888,201210,2012,60.52
7737,S73,201210,2012,264.74
7896,S869,201210,2012,56.83
7890,S866,201210,2012,160.88
7874,S852,201210,2012,2201.22
7854,S837,201210,2012,188.54
7846,S828,201210,2012,1499.93
7835,S824,201210,2012,12.5
7826,S816,201210,2012,32.87
7815,S799,201210,2012,279.98
4169,167,201210,2012,795.53
4142,1616,201210,2012,3664.7200000000003
4133,1609,201210,2012,2430.0
4128,1607,201210,2012,2659.47
4117,1602,201210,2012,0.0
4109,16,201210,2012,140.08
4078,1540,201210,2012,2364.0
7669,S655,201210,2012,10.12
7657,S654,201210,2012,14358.33
7643,S647,201210,2012,168.7
4251,1751,201210,2012,2196.6
4246,1746,201210,2012,3096.8
4239,1729,201210,2012,23994.8
4224,1726,201210,2012,683.0
4215,1718,201210,2012,148.81
4203,1712,201210,2012,5568.54
4190,1704,201210,2012,2431.88
4178,170,201210,2012,11072.33
7805,S78,201210,2012,1793.91
7794,S777,201210,2012,107.16
7783,S766,201210,2012,61.269999999999996
7777,S763,201210,2012,103.36
7739,S738,201210,2012,1493.64
7572,S484,201210,2012,371.3
7554,S476,201210,2012,138.0
7550,S474,201210,2012,165.66
7523,S464,201210,2012,401.78000000000003
4333,1850,201210,2012,283.6
4324,1830,201210,2012,6624.48
4313,1827,201210,2012,653.64
4301,1819,201210,2012,13851.75
4289,1803,201210,2012,0.0
4279,1793,201210,2012,1744.95
4260,1758,201210,2012,4540.2
7726,S723,201210,2012,87.95
7713,S717,201210,2012,705.9200000000001
7707,S707,201210,2012,64.08
7695,S67,201210,2012,6277.14
7679,S656,201210,2012,304.25
7462,S318,201210,2012,360.0
7450,S312,201210,2012,659.18
7438,S3,201210,2012,2801.16
4434,2027,201210,2012,519.1
4433,2011,201210,2012,1241.8
4427,2,201210,2012,31655.0
4415,1992,201210,2012,253.44
4412,1941,201210,2012,2124.0
4390,1915,201210,2012,222.44
4379,1898,201210,2012,123.38
4367,1882,201210,2012,308.40999999999997
4352,1863,201210,2012,276.8
4341,1856,201210,2012,451.8
7630,S637,201210,2012,5405.0
7624,S607,201210,2012,2834.27
7597,S523,201210,2012,969.29
7400,S252,201210,2012,142.04
7399,S251,201210,2012,232.12
7396,S249,201210,2012,3979.9
7387,S248,201210,2012,235.7
7386,S247,201210,2012,52.54
4503,297,201210,2012,0.0
4488,262,201210,2012,4189.03
4480,257,201210,2012,1748.03
4470,255,201210,2012,104.87
4445,205,201210,2012,0.0
4442,2031,201210,2012,1692.21
7517,S462,201210,2012,75.96000000000001
7509,S458,201210,2012,411.53999999999996
7496,S439,201210,2012,63.81
7490,S42,201210,2012,629.07
7481,S41,201210,2012,107.97
7354,S239,201210,2012,958.55
7351,S237,201210,2012,64.75
7347,S236,201210,2012,763.3299999999999
7336,S2358,201210,2012,2018.75
7318,S2332,201210,2012,85.11
7308,S2321,201210,2012,66.57
4588,352,201210,2012,4190.1
4570,342,201210,2012,4446.23
4560,340,201210,2012,54.64
4552,338,201210,2012,582.59
4544,328,201210,2012,87.5
4532,327,201210,2012,10895.14
4527,323,201210,2012,68.36
4516,30,201210,2012,1206.87
7426,S299,201210,2012,1041.2
7401,S254,201210,2012,1723.92
7259,S2252,201210,2012,35.92
7251,S2250,201210,2012,2988.9300000000003
7232,S2245,201210,2012,255.17000000000002
7222,S2223,201210,2012,313.53
4676,423,201210,2012,4182.0
4668,410,201210,2012,190.9
4663,400,201210,2012,828.8
4654,395,201210,2012,64.31
4648,393,201210,2012,600.0
4640,388,201210,2012,1685.69
4628,383,201210,2012,309.5
4608,368,201210,2012,3750.0
4597,353,201210,2012,236.11
7379,S243,201210,2012,834.62
7368,S240,201210,2012,2791.8500000000004
7364,S24,201210,2012,110.77
7153,S219,201210,2012,157.9
7150,S2182,201210,2012,0.0
7145,S218,201210,2012,7282.7300000000005
4760,465,201210,2012,3101.9
4758,463,201210,2012,278.08000000000004
4755,462,201210,2012,35.1
4744,454,201210,2012,1886.4
4742,447,201210,2012,0.0
4733,446,201210,2012,2019.0
4724,441,201210,2012,720.24
4712,440,201210,2012,262.36
4700,434,201210,2012,67.25
4687,430,201210,2012,2577.4
7296,S2312,201210,2012,214.02
7289,S230,201210,2012,73.28
7262,S2256,201210,2012,33.129999999999995
7042,S2118,201210,2012,139.89000000000001
4870,534,201210,2012,1342.06
4866,532,201210,2012,322.95
4860,526,201210,2012,2069.25
4838,518,201210,2012,85.77000000000001
4831,512,201210,2012,64.31
4820,507,201210,2012,263.4
4799,497,201210,2012,158.95999999999998
4786,490,201210,2012,0.0
4771,473,201210,2012,0.0
4766,471,201210,2012,1010.8
4762,470,201210,2012,101.7
7204,S2206,201210,2012,124.94
7182,S220,201210,2012,1632.44
7173,S2193,201210,2012,169.88
7163,S2191,201210,2012,4197.29
4945,67,201210,2012,130.38
4933,628,201210,2012,32578.95
4916,59,201210,2012,2864.91
4908,58,201210,2012,220.36
4896,563,201210,2012,363.63
4879,541,201210,2012,0.0
4876,540,201210,2012,130.35
4872,535,201210,2012,0.0
7139,S2179,201210,2012,6276.0
7128,S2177,201210,2012,1643.87
7118,S2176,201210,2012,0.0
7112,S2170,201210,2012,179.28
7076,S2144,201210,2012,619.59
7070,S2143,201210,2012,1559.09
7055,S2135,201210,2012,354.9
7052,S2133,201210,2012,44.78
6867,S2011,201210,2012,71.0
7030,S2110,201210,2012,179.08
7022,S2103,201210,2012,444.68
7015,S21,201210,2012,110.0
7004,S209,201210,2012,203.66
6989,S2081,201210,2012,63.75
6971,S2072,201210,2012,259.98
6963,S2070,201210,2012,783.6
6951,S2061,201210,2012,1571.1
5027,81,201210,2012,1625.4
5015,805,201210,2012,6709.74
5006,801,201210,2012,39557.630000000005
4994,791,201210,2012,0.0
4982,771,201210,2012,10.78
4973,767,201210,2012,729.87
4956,75,201210,2012,14331.69
6765,S1956,201210,2012,50.79
6758,S1952,201210,2012,138.4
5127,IR4,201210,2012,276.32
5117,IR39,201210,2012,11.61
5098,IR21,201210,2012,173.1
5085,99,201210,2012,34692.34
5075,920,201210,2012,79.1
5053,84,201210,2012,2085.87
5037,819,201210,2012,2842.2200000000003
6925,S2041,201210,2012,3465.4
6914,S2037,201210,2012,479.97
6901,S2030,201210,2012,85.12
6896,S2026,201210,2012,12.5
6890,S2024,201210,2012,800.5
6877,S2017,201210,2012,112.5
6873,S2014,201210,2012,281.87
6706,S1926,201210,2012,2239.88
6696,S1919,201210,2012,2025.0
6687,S1916,201210,2012,0.0
6674,S1902,201210,2012,109.66
5207,S1022,201210,2012,1678.4399999999998
5191,S1011,201210,2012,1096.86
5182,S1008,201210,2012,716.64
5166,S0001,201210,2012,0.0
5156,IR9,201210,2012,24.59
5148,IR76,201210,2012,545.38
6860,S2004,201210,2012,6306.19
6847,S20,201210,2012,763.56
6840,S1993,201210,2012,1170.71
6827,S1983,201210,2012,73.2
6817,S1982,201210,2012,8495.37
6798,S1971,201210,2012,4615.63
5310,S1155,201210,2012,474.0
5293,S1141,201210,2012,155.45
5283,S1140,201210,2012,19432.73
5272,S1135,201210,2012,215.02
5267,S1128,201210,2012,135.1
5264,S1125,201210,2012,88.02
5261,S1123,201210,2012,76.28
5255,S1117,201210,2012,675.63
5251,S1111,201210,2012,0.0
5232,S1104,201210,2012,578.4100000000001
5215,S1024,201210,2012,1170.94
6748,S1940,201210,2012,234.0
6740,S1939,201210,2012,3160.0
6734,S1934,201210,2012,879.3700000000001
6728,S1932,201210,2012,28.0
6719,S193,201210,2012,3942.76
6638,S1880,201210,2012,43.64
6634,S1879,201210,2012,250.07
6624,S187,201210,2012,488.88
6612,S1868,201210,2012,264.06
6604,S1861,201210,2012,705.23
6598,S1859,201210,2012,55.42
6590,S1858,201210,2012,852.6600000000001
6583,S185,201210,2012,273.70000000000005
5391,S1190,201210,2012,1044.1200000000001
5380,S1187,201210,2012,157.08
5375,S1186,201210,2012,525.22
5358,S118,201210,2012,1086.8899999999999
5347,S1173,201210,2012,0.0
5342,S1169,201210,2012,924.62
5331,S1166,201210,2012,5.46
5316,S1156,201210,2012,48.8
6564,S1818,201210,2012,3064.4900000000002
6537,S1808,201210,2012,111.3
6518,S1792,201210,2012,1387.17
6510,S1784,201210,2012,400.0
6502,S1774,201210,2012,100.04
6489,S1761,201210,2012,24.52
5467,S124,201210,2012,506.95
5459,S1222,201210,2012,1661.29
5452,S1219,201210,2012,0.0
5443,S1212,201210,2012,4326.14
5428,S1206,201210,2012,17.83
5414,S1198,201210,2012,93.82
5399,S1192,201210,2012,288.56
6669,S19,201210,2012,1792.5700000000002
6655,S1892,201210,2012,100.28
6645,S1883,201210,2012,81.52
6460,S1755,201210,2012,668.0
6434,S1750,201210,2012,94.5
6425,S174,201210,2012,69.71
6422,S1739,201210,2012,182.5
6415,S1738,201210,2012,391.04
6401,S1736,201210,2012,11024.37
6388,S1730,201210,2012,5551.42
6377,S1727,201210,2012,102.86
5547,S1308,201210,2012,66.0
5541,S1297,201210,2012,646.58
5531,S1296,201210,2012,1046.72
5521,S1294,201210,2012,502.68
5509,S1282,201210,2012,350.9
5501,S1269,201210,2012,793.49
5474,S1252,201210,2012,555.8
6573,S1846,201210,2012,327.06
6358,S1715,201210,2012,219.88
6350,S1706,201210,2012,200.69
6339,S1702,201210,2012,895.92
6322,S1699,201210,2012,638.95
6313,S1696,201210,2012,877.0799999999999
6303,S1694,201210,2012,682.5
5653,S1367,201210,2012,506.0
5646,S1364,201210,2012,581.8299999999999
5634,S1361,201210,2012,10873.4
5623,S1354,201210,2012,972.53
5609,S1348,201210,2012,327.6
5600,S1341,201210,2012,42.620000000000005
5591,S1334,201210,2012,191.73000000000002
5578,S1325,201210,2012,930.3499999999999
5568,S1322,201210,2012,5651.64
6471,S1756,201210,2012,761.8
6237,S1637,201210,2012,16.08
6225,S1630,201210,2012,1685.53
6216,S1622,201210,2012,161.5
6211,S1614,201210,2012,326.56
6207,S1613,201210,2012,331.0
6197,S1611,201210,2012,880.0
6181,S1594,201210,2012,660.0
5735,S1434,201210,2012,123.9
5730,S143,201210,2012,114.0
5720,S1412,201210,2012,19223.59
5708,S1402,201210,2012,622.53
5697,S1392,201210,2012,102.67
5686,S1389,201210,2012,175.76000000000002
5670,S1378,201210,2012,1060.63
5654,S1368,201210,2012,38.96
6369,S1721,201210,2012,1511.3799999999999
6167,S158,201210,2012,147.44
6159,S1579,201210,2012,255.70999999999998
6137,S1569,201210,2012,5287.83
6133,S1563,201210,2012,258.64
6121,S1555,201210,2012,529.79
6118,S1553,201210,2012,75.0
6110,S1550,201210,2012,68.08
6100,S1547,201210,2012,28.5
6099,S1546,201210,2012,195.2
5826,S1454,201210,2012,283.98
5816,S1453,201210,2012,373.07
5807,S1452,201210,2012,408.58
5778,S1442,201210,2012,675.72
5762,S1440,201210,2012,29.42
5753,S1438,201210,2012,305.5
5748,S1437,201210,2012,209.3
6082,S1540,201210,2012,52.9
6072,S154,201210,2012,408.87
6067,S1539,201210,2012,917.37
6047,S1532,201210,2012,106.25999999999999
6039,S1527,201210,2012,1594.52
6029,S1526,201210,2012,350.0
5918,S1488,201210,2012,11151.0
5914,S1487,201210,2012,662.6600000000001
5899,S1484,201210,2012,12.5
5896,S1481,201210,2012,343.42
5879,S1478,201210,2012,295.68
5867,S1468,201210,2012,129.64
5864,S1467,201210,2012,0.0
5853,S1462,201210,2012,34.5
5835,S1455,201210,2012,188.76
6169,S1580,201210,2012,404.95
6010,S1521,201210,2012,306.9
5998,S1518,201210,2012,137.25
5975,S1504,201210,2012,563.1
5955,S15,201210,2012,1632.41
5944,S1498,201210,2012,230.19
5924,S1489,201210,2012,313.88
6089,S1542,201210,2012,233.32
8199,s235,201210,2012,15612.130000000001
8179,s2259,201210,2012,151.62
8170,s2022,201210,2012,245.08
8130,s1873,201210,2012,411.72
8103,s1721,201210,2012,2058.61
8098,s1594,201210,2012,44.0
8085,s148,201210,2012,261.96
3854,1082,201210,2012,1264.0
3847,1079,201210,2012,1782.32
3835,1065,201210,2012,724.9
3824,106,201210,2012,56.1
3815,1058,201210,2012,1509.8
3804,1039,201210,2012,21589.45
3792,1028,201210,2012,19.52
3781,100,201210,2012,173.6
8271,s962,201211,2012,190.97
8257,s828,201211,2012,12.5
8251,s654,201211,2012,1407.13
8238,s47,201211,2012,295.64
8230,s3,201211,2012,1048.82
8209,s258,201211,2012,260.04
8207,s257,201211,2012,719.3
6011,S1521,201211,2012,194.68
5991,S1517,201211,2012,12.5
5976,S1504,201211,2012,16.28
5965,S1502,201211,2012,146.98
5961,S1501,201211,2012,12.5
5956,S15,201211,2012,1075.55
5945,S1498,201211,2012,237.88
5937,S1497,201211,2012,4455.9
5932,S1494,201211,2012,106.66
5919,S1488,201211,2012,111.11
6090,S1542,201211,2012,42.16
6073,S154,201211,2012,348.48
6068,S1539,201211,2012,5585.72
6050,S1533,201211,2012,58.33
6048,S1532,201211,2012,37.5
6045,S1531,201211,2012,401.25
6040,S1527,201211,2012,3499.36
6026,S1524,201211,2012,0.0
6019,S1523,201211,2012,625.8
5915,S1487,201211,2012,1647.86
5894,S1480,201211,2012,51.36
5884,S1479,201211,2012,64.6
5857,S1465,201211,2012,55.25
5839,S1456,201211,2012,90.12
5836,S1455,201211,2012,193.22
5827,S1454,201211,2012,2471.1400000000003
6168,S158,201211,2012,1823.46
6160,S1579,201211,2012,1233.93
6138,S1569,201211,2012,375.0
6125,S1557,201211,2012,746.78
6122,S1555,201211,2012,77.52
6106,S1548,201211,2012,144.5
5808,S1452,201211,2012,104.5
5789,S1446,201211,2012,7456.42
5782,S1443,201211,2012,35.92
5779,S1442,201211,2012,1260.97
5768,S1441,201211,2012,61.7
5763,S1440,201211,2012,187.58
5754,S1438,201211,2012,662.42
5743,S1436,201211,2012,1085.6200000000001
5737,S1435,201211,2012,18.0
6286,S1679,201211,2012,373.17
6274,S1672,201211,2012,457.82
6256,S165,201211,2012,77.75
6245,S1643,201211,2012,356.24
6212,S1614,201211,2012,43.5
6198,S1611,201211,2012,440.0
6184,S1597,201211,2012,129.75
6182,S1594,201211,2012,264.0
6177,S1592,201211,2012,70.41
5731,S143,201211,2012,86.53
5727,S1425,201211,2012,289.32
5721,S1412,201211,2012,6982.84
5709,S1402,201211,2012,252.27
5698,S1392,201211,2012,152.13
5684,S1388,201211,2012,25.0
5671,S1378,201211,2012,289.68
5662,S1376,201211,2012,63.33
6370,S1721,201211,2012,2878.54
6359,S1715,201211,2012,24.36
6356,S1712,201211,2012,1035.0
6351,S1706,201211,2012,108.0
6340,S1702,201211,2012,1660.4
6323,S1699,201211,2012,169.96
6314,S1696,201211,2012,1167.95
6304,S1694,201211,2012,29.22
6293,S1693,201211,2012,92.06
5647,S1364,201211,2012,139.42000000000002
5635,S1361,201211,2012,4561.87
5624,S1354,201211,2012,153.26
5601,S1341,201211,2012,88.41
5592,S1334,201211,2012,1701.44
5581,S1329,201211,2012,95.28
5569,S1322,201211,2012,3485.96
6453,S1754,201211,2012,64.72
6444,S1752,201211,2012,12.5
6435,S1750,201211,2012,59.08
6423,S1739,201211,2012,22.5
6402,S1736,201211,2012,14198.77
6391,S1735,201211,2012,87.5
6389,S1730,201211,2012,4890.75
5558,S1320,201211,2012,129.86
5542,S1297,201211,2012,426.37
5532,S1296,201211,2012,123.24000000000001
5522,S1294,201211,2012,156.16
5510,S1282,201211,2012,24.04
5502,S1269,201211,2012,1567.76
5491,S1267,201211,2012,106.22
5486,S1265,201211,2012,667.0899999999999
5475,S1252,201211,2012,0.0
6565,S1818,201211,2012,932.8
6554,S1816,201211,2012,392.4
6550,S1815,201211,2012,342.38
6540,S1809,201211,2012,65.13
6535,S1807,201211,2012,121.6
6527,S1802,201211,2012,1728.0
6519,S1792,201211,2012,843.25
6481,S1759,201211,2012,208.26
6472,S1756,201211,2012,527.1
5471,S1247,201211,2012,422.87
5465,S1224,201211,2012,71.0
5460,S1222,201211,2012,10.0
5453,S1219,201211,2012,388.54999999999995
5444,S1212,201211,2012,4991.13
5429,S1206,201211,2012,69.56
5415,S1198,201211,2012,620.7
5400,S1192,201211,2012,40.95
5392,S1190,201211,2012,1046.48
6656,S1892,201211,2012,161.1
6639,S1880,201211,2012,35.32
6605,S1861,201211,2012,515.74
6584,S185,201211,2012,1068.94
6574,S1846,201211,2012,327.06
5381,S1187,201211,2012,45.52
5376,S1186,201211,2012,1164.7
5365,S1182,201211,2012,26.22
5351,S1179,201211,2012,42.96
5343,S1169,201211,2012,507.51
5325,S1160,201211,2012,428.6
5317,S1156,201211,2012,1181.26
5311,S1155,201211,2012,184.28
5294,S1141,201211,2012,1408.84
5284,S1140,201211,2012,16350.22
5256,S1117,201211,2012,1050.0
5233,S1104,201211,2012,62.7
5216,S1024,201211,2012,728.59
6752,S1950,201211,2012,268.5
6749,S1940,201211,2012,743.95
6741,S1939,201211,2012,384.0
6720,S193,201211,2012,649.76
6707,S1926,201211,2012,241.77999999999997
6688,S1916,201211,2012,556.78
6670,S19,201211,2012,2455.52
5208,S1022,201211,2012,1185.43
5198,S1021,201211,2012,204.68
5192,S1011,201211,2012,109.75999999999999
5175,S1007,201211,2012,72.19
5172,S1002,201211,2012,1144.32
5167,S0001,201211,2012,0.0
5152,IR78,201211,2012,491.76
5150,IR77,201211,2012,289.33
5141,IR65,201211,2012,418.5
5137,IR61,201211,2012,179.8
6849,S2001,201211,2012,134.8
6848,S20,201211,2012,917.24
6841,S1993,201211,2012,518.52
6828,S1983,201211,2012,189.32
6818,S1982,201211,2012,1396.3600000000001
6799,S1971,201211,2012,4104.1
6783,S1962,201211,2012,363.6
6766,S1956,201211,2012,12.5
5128,IR4,201211,2012,0.0
5118,IR39,201211,2012,312.93
5111,IR34,201211,2012,455.34
5109,IR31,201211,2012,0.0
5099,IR21,201211,2012,1208.4299999999998
5086,99,201211,2012,4351.64
5054,84,201211,2012,2765.84
5043,829,201211,2012,281.5
5038,819,201211,2012,6495.719999999999
6939,S2050,201211,2012,188.54
6931,S2046,201211,2012,96.38
6926,S2041,201211,2012,279.0
6915,S2037,201211,2012,239.24
6897,S2026,201211,2012,82.31
6891,S2024,201211,2012,2797.63
6878,S2017,201211,2012,135.0
6861,S2004,201211,2012,4093.7500000000005
7038,S2116,201211,2012,229.14
7017,S210,201211,2012,2336.01
6993,S2084,201211,2012,93.96
6990,S2081,201211,2012,121.95
6979,S2078,201211,2012,169.13
6972,S2072,201211,2012,1596.0
6964,S2070,201211,2012,976.95
6952,S2061,201211,2012,2077.92
5028,81,201211,2012,1088.33
5016,805,201211,2012,3791.76
5007,801,201211,2012,44111.7
4996,80,201211,2012,1012.9499999999999
4983,771,201211,2012,228.5
4974,767,201211,2012,1428.3
4963,752,201211,2012,6865.5
4957,75,201211,2012,5664.8
4946,67,201211,2012,977.69
4934,628,201211,2012,4769.33
4922,610,201211,2012,156.86
4909,58,201211,2012,1793.0900000000001
4897,563,201211,2012,2104.12
4883,544,201211,2012,0.0
4881,543,201211,2012,1019.3199999999999
4880,542,201211,2012,650.55
4877,540,201211,2012,258.35
7129,S2177,201211,2012,2343.64
7119,S2176,201211,2012,0.0
7113,S2170,201211,2012,162.9
7097,S2158,201211,2012,457.97
7081,S215,201211,2012,517.05
7079,S2145,201211,2012,140.4
7057,S214,201211,2012,74.5
4861,526,201211,2012,42690.840000000004
4839,518,201211,2012,167.34
4826,509,201211,2012,1391.9399999999998
4821,507,201211,2012,37.8
4776,477,201211,2012,153.2
7206,S2209,201211,2012,307.39
7192,S2202,201211,2012,150.94
7174,S2193,201211,2012,295.2
7164,S2191,201211,2012,1345.41
7154,S219,201211,2012,96.44
7151,S2182,201211,2012,0.0
7147,S2180,201211,2012,43.730000000000004
7146,S218,201211,2012,228.52
7140,S2179,201211,2012,4169.88
4759,464,201211,2012,793.47
4725,441,201211,2012,1406.68
4713,440,201211,2012,452.4
4701,434,201211,2012,12843.32
4697,431,201211,2012,47.66
4677,423,201211,2012,3554.7
7276,S2288,201211,2012,654.9
7275,S2282,201211,2012,104.65
7271,S2266,201211,2012,195.85
7265,S2258,201211,2012,78.84
7252,S2250,201211,2012,2528.36
7239,S2246,201211,2012,79.72
7223,S2223,201211,2012,226.31
7218,S2219,201211,2012,663.65
7213,S2218,201211,2012,179.68
4669,410,201211,2012,36.18
4664,400,201211,2012,118.4
4649,393,201211,2012,133.1
4641,388,201211,2012,2082.81
4624,377,201211,2012,544.95
4615,373,201211,2012,262.21
4603,356,201211,2012,198.4
7369,S240,201211,2012,665.11
7365,S24,201211,2012,239.28
7352,S237,201211,2012,426.2
7348,S236,201211,2012,4273.4800000000005
7337,S2358,201211,2012,557.1
7330,S2341,201211,2012,1946.8400000000001
7309,S2321,201211,2012,66.57
4589,352,201211,2012,1963.0
4579,349,201211,2012,21.09
4561,340,201211,2012,387.36
4553,338,201211,2012,800.4
4545,328,201211,2012,351.96
4533,327,201211,2012,7292.38
4528,323,201211,2012,21.939999999999998
4517,30,201211,2012,2361.66
7412,S269,201211,2012,176.03
7411,S268,201211,2012,192.5
7407,S266,201211,2012,79.74
7406,S265,201211,2012,726.0
7404,S259,201211,2012,111.11
7403,S258,201211,2012,1245.01
7402,S254,201211,2012,1866.87
7397,S249,201211,2012,2773.45
7380,S243,201211,2012,612.63
4506,3,201211,2012,3939.7
4504,297,201211,2012,602.49
4497,294,201211,2012,144.76
4489,262,201211,2012,0.0
4481,257,201211,2012,199.88
4471,255,201211,2012,586.04
4461,252,201211,2012,215.22
4446,205,201211,2012,865.0
4443,2031,201211,2012,2241.52
4435,2027,201211,2012,498.0
7510,S458,201211,2012,76.5
7502,S453,201211,2012,725.74
7491,S42,201211,2012,591.27
7467,S329,201211,2012,77.43
7463,S318,201211,2012,1521.71
7451,S312,201211,2012,1258.19
7439,S3,201211,2012,5389.8
7427,S299,201211,2012,1091.02
4428,2,201211,2012,33280.0
4391,1915,201211,2012,176.4
4388,1903,201211,2012,189.8
4380,1898,201211,2012,545.1
4353,1863,201211,2012,3193.18
4342,1857,201211,2012,6665.0
7625,S607,201211,2012,2028.05
7614,S60,201211,2012,160.1
7611,S592,201211,2012,64.88
7609,S551,201211,2012,12.5
7592,S512,201211,2012,584.82
7565,S48,201211,2012,357.0
7563,S479,201211,2012,165.6
7555,S476,201211,2012,247.3
7524,S464,201211,2012,145.82
4334,1850,201211,2012,474.46000000000004
4325,1830,201211,2012,3005.6499999999996
4314,1827,201211,2012,1175.64
4302,1819,201211,2012,8911.26
4290,1803,201211,2012,36832.28
4280,1793,201211,2012,2241.64
4269,1783,201211,2012,0.0
4261,1758,201211,2012,1084.75
4252,1751,201211,2012,2193.0
7714,S717,201211,2012,83.55
7702,S7,201211,2012,156.76
7696,S67,201211,2012,6070.1900000000005
7680,S656,201211,2012,268.5
7670,S655,201211,2012,64.0
7658,S654,201211,2012,14164.49
7644,S647,201211,2012,316.25
7635,S639,201211,2012,0.0
4247,1746,201211,2012,356.70000000000005
4240,1729,201211,2012,7947.84
4225,1726,201211,2012,2254.05
4216,1718,201211,2012,1368.5
4204,1712,201211,2012,2962.6499999999996
4191,1704,201211,2012,2359.12
4179,170,201211,2012,1515.8
4170,167,201211,2012,148.79
7806,S78,201211,2012,3542.9300000000003
7795,S777,201211,2012,262.5
7784,S766,201211,2012,18966.91
7778,S763,201211,2012,570.25
7766,S750,201211,2012,12.5
7762,S75,201211,2012,489.33
7754,S749,201211,2012,774.28
7740,S738,201211,2012,0.0
7738,S73,201211,2012,456.65999999999997
7727,S723,201211,2012,70.56
7897,S869,201211,2012,145.49
7891,S866,201211,2012,439.73
7875,S852,201211,2012,136.63
7861,S84,201211,2012,627.54
7847,S828,201211,2012,645.45
7836,S824,201211,2012,49.17
7816,S799,201211,2012,250.8
7808,S795,201211,2012,73.8
4166,1669,201211,2012,879.0
4156,1652,201211,2012,6167.6
4143,1616,201211,2012,7723.44
4129,1607,201211,2012,1906.3
4118,1602,201211,2012,4860.26
4089,1556,201211,2012,232.9
4086,1551,201211,2012,0.0
4079,1540,201211,2012,7365.0
4069,152,201211,2012,504.18
4064,1512,201211,2012,3173.21
4058,1506,201211,2012,1559.8
4050,1504,201211,2012,3972.24
4039,150,201211,2012,717.0
4037,1424,201211,2012,942.0
4009,1354,201211,2012,180.10000000000002
4001,1351,201211,2012,542.55
3974,13,201211,2012,2223.66
3963,1270,201211,2012,115.82
3951,1225,201211,2012,4262.24
7996,S968,201211,2012,100.63
7986,S962,201211,2012,5274.99
7973,S941,201211,2012,5566.719999999999
7930,S902,201211,2012,4684.9
7907,S877,201211,2012,1011.5799999999999
8082,s1412,201211,2012,795.7
8070,s140,201211,2012,15200.27
8058,s1219,201211,2012,419.0
8057,s1212,201211,2012,521.35
8044,s110,201211,2012,312.81
8038,s1075,201211,2012,1138.6
8030,s0001,201211,2012,0.0
8025,ir58,201211,2012,72.95
8021,S995,201211,2012,99.0
8009,S987,201211,2012,279.6
3937,12000,201211,2012,2203.21
3923,1186,201211,2012,122.3
3905,1144,201211,2012,470.8
3900,1130,201211,2012,16145.4
3887,112,201211,2012,2785.45
3878,1119,201211,2012,1193.35
3866,11,201211,2012,3538.78
8204,s236,201211,2012,82.88
8200,s235,201211,2012,2704.94
8195,s2311,201211,2012,696.97
8192,s2308,201211,2012,336.0
8171,s2022,201211,2012,4735.14
8160,s202,201211,2012,951.0
8138,s19,201211,2012,29.72
8135,s1896,201211,2012,316.8
8086,s148,201211,2012,317.8
3855,1082,201211,2012,316.0
3848,1079,201211,2012,3931.66
3836,1065,201211,2012,1943.4
3825,106,201211,2012,1443.2
3805,1039,201211,2012,3052.59
3793,1028,201211,2012,3585.4900000000002
3782,100,201211,2012,358.4
3879,1119,201212,2012,888.95
3901,1130,201212,2012,7219.02
3938,12000,201212,2012,0.0
3952,1225,201212,2012,99.84
3954,1245,201212,2012,33.8
3975,13,201212,2012,26.6
3981,131,201212,2012,389.9
3990,1341,201212,2012,417.15
4002,1351,201212,2012,371.8
4392,1915,201212,2012,92.5
4397,1922,201212,2012,0.0
4051,1504,201212,2012,652.0999999999999
4065,1512,201212,2012,305.2
4080,1540,201212,2012,27642.0
4714,440,201212,2012,732.16
4726,441,201212,2012,823.37
4698,431,201212,2012,300.85
4702,434,201212,2012,500.94
4666,404,201212,2012,5084.8
4674,417,201212,2012,67.74000000000001
4688,430,201212,2012,2208.1
4241,1729,201212,2012,1304.0
4270,1783,201212,2012,428.15999999999997
4291,1803,201212,2012,11472.25
4303,1819,201212,2012,10743.33
4315,1827,201212,2012,1077.41
4326,1830,201212,2012,837.3
4335,1853,201212,2012,0.0
4343,1857,201212,2012,0.0
4354,1863,201212,2012,2760.36
3794,1028,201212,2012,4325.0
3867,11,201212,2012,1450.06
5252,S1111,201212,2012,0.0
5285,S1140,201212,2012,7773.42
5295,S1141,201212,2012,142.36
5318,S1156,201212,2012,433.29999999999995
5326,S1160,201212,2012,80.0
5377,S1186,201212,2012,344.28
5393,S1190,201212,2012,2037.29
4995,791,201212,2012,5918.1
4997,80,201212,2012,38.61
5008,801,201212,2012,3773.16
5017,805,201212,2012,1044.0
5029,81,201212,2012,2848.26
5039,819,201212,2012,0.0
5055,84,201212,2012,492.26
5066,863,201212,2012,192.5
5087,99,201212,2012,770.16
5416,S1198,201212,2012,482.94
5418,S120,201212,2012,48.16
5430,S1206,201212,2012,76.5
5445,S1212,201212,2012,2262.2
5461,S1222,201212,2012,1002.59
5476,S1256,201212,2012,348.05
5487,S1265,201212,2012,395.17
5503,S1269,201212,2012,600.54
5533,S1296,201212,2012,183.26
5543,S1297,201212,2012,830.33
5570,S1322,201212,2012,2696.55
5593,S1334,201212,2012,738.72
5168,S0001,201212,2012,0.0
5199,S1021,201212,2012,2941.67
5226,S109,201212,2012,585.05
5234,S1104,201212,2012,44.77
5938,S1497,201212,2012,922.4
5946,S1498,201212,2012,25.0
5957,S15,201212,2012,648.44
5611,S1350,201212,2012,40.980000000000004
5615,S1353,201212,2012,256.62
5636,S1361,201212,2012,4315.26
5663,S1376,201212,2012,57.18
5672,S1378,201212,2012,255.46
5691,S1390,201212,2012,77.99
5699,S1392,201212,2012,165.0
5710,S1402,201212,2012,319.12
5722,S1412,201212,2012,5359.76
5736,S1434,201212,2012,157.42000000000002
5738,S1435,201212,2012,250.0
5764,S1440,201212,2012,93.75999999999999
5780,S1442,201212,2012,266.39
6027,S1525,201212,2012,12.5
6041,S1527,201212,2012,647.7
6049,S1532,201212,2012,814.04
6069,S1539,201212,2012,349.50000000000006
6091,S1542,201212,2012,201.8
6111,S1550,201212,2012,498.59
6114,S1551,201212,2012,131.57
5790,S1446,201212,2012,1939.75
5804,S1451,201212,2012,100.52
5809,S1452,201212,2012,48.75
5828,S1454,201212,2012,1508.3
5837,S1455,201212,2012,105.62
5865,S1467,201212,2012,156.0
5871,S1473,201212,2012,253.42
5880,S1478,201212,2012,499.04
5895,S1480,201212,2012,285.68
6136,S1564,201212,2012,240.75
6141,S157,201212,2012,1126.2
6161,S1579,201212,2012,25.28
6170,S1580,201212,2012,445.90000000000003
6175,S1588,201212,2012,12.5
6183,S1594,201212,2012,849.9
6208,S1613,201212,2012,233.8
6213,S1614,201212,2012,28.6
6238,S1637,201212,2012,28.5
6315,S1696,201212,2012,767.35
6328,S17,201212,2012,695.2
6341,S1702,201212,2012,588.08
5978,S1506,201212,2012,500.0
5982,S1512,201212,2012,83.97
6012,S1521,201212,2012,233.2
6020,S1523,201212,2012,62.58
6721,S193,201212,2012,2825.04
6729,S1932,201212,2012,203.12
6750,S1940,201212,2012,294.6
6788,S197,201212,2012,12.5
6352,S1706,201212,2012,252.0
6371,S1721,201212,2012,585.78
6390,S1730,201212,2012,3047.21
6403,S1736,201212,2012,8520.99
6424,S1739,201212,2012,34.9
6436,S1750,201212,2012,288.0
6461,S1755,201212,2012,753.1
6473,S1756,201212,2012,386.6
6520,S1792,201212,2012,895.0
6528,S1802,201212,2012,320.0
6547,S1813,201212,2012,109.1
6134,S1563,201212,2012,134.01999999999998
6892,S2024,201212,2012,3497.07
6898,S2026,201212,2012,851.1800000000001
6916,S2037,201212,2012,93.66
6940,S2050,201212,2012,193.76999999999998
6953,S2061,201212,2012,3375.1899999999996
6976,S2077,201212,2012,189.62
6980,S2078,201212,2012,101.19
6566,S1818,201212,2012,392.9
6585,S185,201212,2012,1250.6100000000001
6599,S1859,201212,2012,121.29
6613,S1868,201212,2012,520.27
6657,S1892,201212,2012,304.46
6671,S19,201212,2012,182.26999999999998
6689,S1916,201212,2012,250.97
6708,S1926,201212,2012,767.02
6711,S1927,201212,2012,294.2
6991,S2081,201212,2012,50.6
6994,S2084,201212,2012,105.96
7016,S21,201212,2012,220.9
7031,S2110,201212,2012,170.7
7039,S2116,201212,2012,252.99
7044,S2124,201212,2012,39.85
7053,S2133,201212,2012,314.28
7058,S214,201212,2012,66.88
7061,S2141,201212,2012,93.23
7071,S2143,201212,2012,647.94
7077,S2144,201212,2012,263.55
6800,S1971,201212,2012,302.21999999999997
6819,S1982,201212,2012,744.89
6850,S2001,201212,2012,134.8
6862,S2004,201212,2012,3469.71
6880,S2018,201212,2012,651.6
7355,S239,201212,2012,388.92
7366,S24,201212,2012,20.0
7370,S240,201212,2012,11.74
7381,S243,201212,2012,248.76
7398,S249,201212,2012,276.2
7098,S2158,201212,2012,276.97
7104,S2161,201212,2012,113.89
7130,S2177,201212,2012,967.02
7141,S2179,201212,2012,522.5
7165,S2191,201212,2012,678.62
7175,S2193,201212,2012,488.01
7193,S2202,201212,2012,544.81
7207,S2209,201212,2012,26.21
7214,S2218,201212,2012,185.66
7219,S2219,201212,2012,663.65
7233,S2245,201212,2012,73.42
7697,S67,201212,2012,798.5600000000001
7405,S259,201212,2012,644.87
7421,S287,201212,2012,609.16
7428,S299,201212,2012,366.7
7440,S3,201212,2012,11663.039999999999
7452,S312,201212,2012,1130.02
7464,S318,201212,2012,632.86
7482,S41,201212,2012,58.33
7497,S439,201212,2012,852.6899999999999
7503,S453,201212,2012,1338.27
7240,S2246,201212,2012,278.75
7253,S2250,201212,2012,1174.6
7295,S231,201212,2012,528.0
7310,S2321,201212,2012,120.64
7319,S2332,201212,2012,230.04
7349,S236,201212,2012,779.48
7796,S777,201212,2012,60.12
7807,S78,201212,2012,556.42
7809,S795,201212,2012,73.8
7817,S799,201212,2012,0.0
7827,S816,201212,2012,49.32
7532,S470,201212,2012,137.14
7538,S471,201212,2012,648.84
7564,S479,201212,2012,213.73000000000002
7573,S484,201212,2012,150.68
7586,S511,201212,2012,390.0
7598,S523,201212,2012,542.0
7626,S607,201212,2012,1280.1
7631,S637,201212,2012,115.0
7639,S646,201212,2012,302.76
7659,S654,201212,2012,2569.72
7681,S656,201212,2012,69.42
8120,s1849,201212,2012,66.0
8131,s1873,201212,2012,931.6
8146,s1977,201212,2012,709.81
7848,S828,201212,2012,2476.33
7862,S84,201212,2012,5429.7
7876,S852,201212,2012,860.3199999999999
7882,S860,201212,2012,10374.0
7931,S902,201212,2012,3481.83
7940,S91,201212,2012,766.4
7949,S921,201212,2012,1373.33
7715,S717,201212,2012,162.75
7716,S72,201212,2012,750.19
7728,S723,201212,2012,259.0
7763,S75,201212,2012,129.54
7779,S763,201212,2012,569.04
7785,S766,201212,2012,859.88
8205,s249,201212,2012,991.08
8208,s257,201212,2012,436.21
8210,s258,201212,2012,34.49
8216,s26,201212,2012,63.0
8231,s3,201212,2012,1152.0
8252,s654,201212,2012,4953.1
7959,S938,201212,2012,129.86
7974,S941,201212,2012,563.14
7987,S962,201212,2012,4348.1900000000005
8004,S986,201212,2012,163.76
8022,S995,201212,2012,438.49
8039,s1075,201212,2012,58.84
8071,s140,201212,2012,141.41000000000003
8083,s1412,201212,2012,684.9
8094,s149,201212,2012,252.0
8105,s1736,201212,2012,1400.65
4130,1607,201212,2012,7425.2
4157,1652,201212,2012,750.2
4180,170,201212,2012,2156.98
4192,1704,201212,2012,1728.0
4205,1712,201212,2012,7367.139999999999
4217,1718,201212,2012,170.1
4226,1726,201212,2012,582.55
3837,1065,201212,2012,284.46000000000004
3806,1039,201212,2012,41897.78
8272,s962,201212,2012,106.98
8156,s2004,201212,2012,6.0
8172,s2022,201212,2012,966.0
8187,s227,201212,2012,146.4
8196,s2311,201212,2012,306.75
8197,s2320,201212,2012,64.93
8201,s235,201212,2012,7446.83
4734,446,201212,2012,1346.0
4782,488,201212,2012,1046.64
4822,507,201212,2012,549.0
4827,509,201212,2012,2054.12
4840,518,201212,2012,21.34
4843,519,201212,2012,0.0
4472,255,201212,2012,337.52
4490,262,201212,2012,80.13
4518,30,201212,2012,407.85
4534,327,201212,2012,0.0
4554,338,201212,2012,0.0
4590,352,201212,2012,17321.43
4625,377,201212,2012,1115.4
4642,388,201212,2012,999.88
4100,158,201212,2012,22.34
4110,16,201212,2012,119.2
5119,IR39,201212,2012,24.78
5129,IR4,201212,2012,182.64
5138,IR61,201212,2012,201.4
5151,IR77,201212,2012,26.23
4862,526,201212,2012,51375.810000000005
4867,532,201212,2012,798.4
4878,540,201212,2012,145.05
4882,543,201212,2012,63.24
4884,545,201212,2012,0.0
4898,563,201212,2012,81.26
4910,58,201212,2012,164.70999999999998
4923,610,201212,2012,74.1
4935,628,201212,2012,105468.42
4958,75,201212,2012,10043.05
4975,767,201212,2012,384.92
4984,771,201212,2012,74.3
3849,1079,201212,2012,573.9100000000001
3783,100,201212,2012,55.980000000000004
12108,S852,201310,2013,778.12
12119,S860,201310,2013,262.0
12167,S917,201310,2013,213.23000000000002
12173,S938,201310,2013,439.17
12188,S941,201310,2013,1643.53
8430,1187,201310,2013,257.76
8441,12000,201310,2013,207.6
8458,1225,201310,2013,1229.96
8384,112,201310,2013,4021.0
8395,1130,201310,2013,6911.929999999999
12328,s202,201310,2013,217.84
12337,s2022,201310,2013,512.59
12228,s0001,201310,2013,0.0
12242,s110,201310,2013,115.29
12250,s1212,201310,2013,960.78
12272,s1412,201310,2013,458.33
12034,S763,201310,2013,2289.46
12050,S777,201310,2013,259.32
12062,S799,201310,2013,45.5
12081,S828,201310,2013,299.02
11987,S723,201310,2013,2540.0
8473,1270,201310,2013,1644.04
8486,13,201310,2013,1122.71
8502,1341,201310,2013,329.97
8525,1368,201310,2013,6369.0
8533,1408,201310,2013,22620.0
8417,1160,201310,2013,36256.03
8424,1186,201310,2013,1430.0
12144,S89,201310,2013,70.21000000000001
12159,S902,201310,2013,2402.22
12093,S84,201310,2013,273.18
12098,S840,201310,2013,405.84000000000003
11833,S474,201310,2013,29.970000000000002
11864,S486,201310,2013,45.9
11882,S523,201310,2013,1878.6600000000003
11900,S607,201310,2013,846.24
8538,1424,201310,2013,211.0
8551,1504,201310,2013,1809.3999999999999
8558,1506,201310,2013,52.5
8568,1512,201310,2013,4587.39
8588,1540,201310,2013,9882.77
8467,1247,201310,2013,54.76
11996,S73,201310,2013,225.98000000000002
12008,S749,201310,2013,62.7
12017,S75,201310,2013,307.56
11911,S639,201310,2013,11.0
11929,S654,201310,2013,9611.94
11948,S67,201310,2013,843.3199999999999
11777,S422,201310,2013,290.88
11779,S424,201310,2013,533.24
11781,S425,201310,2013,536.5799999999999
11726,S364,201310,2013,302.58
11729,S365,201310,2013,13.5
8599,1551,201310,2013,1617.15
8613,1575,201310,2013,82.4
8620,16,201310,2013,101.52000000000001
8630,1602,201310,2013,5341.2300000000005
8642,1607,201310,2013,62891.9
11906,S637,201310,2013,151.95
11785,S435,201310,2013,203.35000000000002
11789,S45,201310,2013,197.12
11830,S473,201310,2013,330.6
11959,S7,201310,2013,363.54
11972,S717,201310,2013,1565.29
8668,1652,201310,2013,214.59
8674,1669,201310,2013,1023.0
8681,170,201310,2013,27269.36
8690,1704,201310,2013,371.44
8703,1712,201310,2013,35157.49999999999
11736,S385,201310,2013,91.76
11743,S399,201310,2013,594.14
11745,S402,201310,2013,45.5
11748,S404,201310,2013,258.08
11749,S406,201310,2013,227.87
11751,S407,201310,2013,935.17
11754,S408,201310,2013,49.21
11691,S312,201310,2013,5028.400000000001
11704,S318,201310,2013,8270.52
11766,S416,201310,2013,633.45
11776,S421,201310,2013,1631.96
11606,S25,201310,2013,385.8
11620,S259,201310,2013,2356.18
8771,1769,201310,2013,458.89
8785,1793,201310,2013,1460.33
8797,1803,201310,2013,4035.4199999999996
8715,1718,201310,2013,382.59000000000003
8727,1726,201310,2013,1863.4
8738,1729,201310,2013,7671.13
11707,S326,201310,2013,49.739999999999995
11718,S359,201310,2013,109.57
11725,S361,201310,2013,560.0
11625,S264,201310,2013,142.35
11638,S273,201310,2013,29.83
11660,S299,201310,2013,204.57
11672,S3,201310,2013,615.71
8753,1751,201310,2013,4606.0
11498,S230,201310,2013,81.39
11512,S2321,201310,2013,67.57
11519,S2334,201310,2013,200.15
11529,S2341,201310,2013,106.12
11548,S236,201310,2013,2311.98
8901,1938,201310,2013,131.35
8816,1827,201310,2013,2579.6200000000003
8828,1830,201310,2013,30.0
8837,1850,201310,2013,1220.9
8842,1856,201310,2013,651.75
8854,1863,201310,2013,7756.360000000001
8765,1758,201310,2013,2608.53
11679,S305,201310,2013,200.28
11555,S237,201310,2013,1618.23
11569,S24,201310,2013,62.71000000000001
11601,S249,201310,2013,663.11
11460,S2250,201310,2013,722.83
11354,S2170,201310,2013,109.99
11373,S2179,201310,2013,392.0
11386,S2188,201310,2013,4568.53
8864,1877,201310,2013,2033.75
8880,1898,201310,2013,990.32
8887,1903,201310,2013,157.79
8889,1915,201310,2013,37.92
8891,1916,201310,2013,15.0
8896,1923,201310,2013,8140.0
11465,S2252,201310,2013,133.5
11471,S2256,201310,2013,247.0
11492,S2296,201310,2013,2668.5
11494,S23,201310,2013,64.0
11426,S2206,201310,2013,7969.36
11432,S2218,201310,2013,145.70999999999998
8954,24,201310,2013,2884.56
8965,255,201310,2013,1008.2
8908,1941,201310,2013,1062.0
8919,1995,201310,2013,439.2
8928,2,201310,2013,80400.0
8933,2011,201310,2013,656.7
11398,S2191,201310,2013,932.95
11408,S2193,201310,2013,330.42
11410,S2197,201310,2013,216.38
11305,S2118,201310,2013,534.5
11310,S2124,201310,2013,171.78
11314,S2133,201310,2013,48.06
11325,S2143,201310,2013,253.72
11331,S2144,201310,2013,1724.61
11343,S2158,201310,2013,106.25
11447,S2246,201310,2013,109.5
11154,S2024,201310,2013,343.90999999999997
11158,S2026,201310,2013,40.0
11245,S2081,201310,2013,79.56
11254,S2085,201310,2013,378.0
11257,S2087,201310,2013,155.43
11182,S2041,201310,2013,119.0
11189,S2046,201310,2013,225.9
11192,S2048,201310,2013,75.2
9002,30,201310,2013,1113.5
9009,323,201310,2013,53.12
9018,327,201310,2013,238.04000000000002
8941,2031,201310,2013,453.8
11273,S210,201310,2013,1237.01
11287,S2110,201310,2013,46.989999999999995
11293,S2114,201310,2013,145.34
11234,S2079,201310,2013,1299.1200000000001
11066,S1971,201310,2013,207.24
11083,S1982,201310,2013,2785.5
11092,S1984,201310,2013,1497.6200000000001
11105,S1993,201310,2013,570.38
11003,S1923,201310,2013,2453.27
9155,434,201310,2013,3296.24
9055,352,201310,2013,5882.88
9067,356,201310,2013,211.9
9070,365,201310,2013,13.5
9072,368,201310,2013,451.98
9095,388,201310,2013,4165.2699999999995
9102,389,201310,2013,4282.6
11218,S2070,201310,2013,390.59
11127,S2004,201310,2013,3121.04
11138,S2014,201310,2013,1026.44
11144,S2022,201310,2013,277.1
10988,S1916,201310,2013,1135.28
10993,S1918,201310,2013,663.0
10920,S1859,201310,2013,1301.3
10942,S1871,201310,2013,136.68
10947,S1883,201310,2013,13.5
9172,441,201310,2013,2311.04
9186,457,201310,2013,124.08
9119,404,201310,2013,4269.9
9126,423,201310,2013,229.5
9134,430,201310,2013,3568.72
9146,431,201310,2013,29.91
11012,S1926,201310,2013,997.42
11025,S193,201310,2013,4004.42
11048,S1952,201310,2013,149.12
10963,S19,201310,2013,768.8900000000001
11170,S2037,201310,2013,3731.64
10820,S1772,201310,2013,181.86
10837,S1790,201310,2013,151.52
10728,S1721,201310,2013,835.8100000000001
10744,S1730,201310,2013,2749.35
9297,536,201310,2013,685.3199999999999
9207,473,201310,2013,48625.770000000004
9211,477,201310,2013,105.7
9226,497,201310,2013,215.19
9238,507,201310,2013,13.5
9160,440,201310,2013,58.74
10846,S1792,201310,2013,4346.52
10884,S1818,201310,2013,925.4300000000001
10889,S184,201310,2013,104.35
10904,S185,201310,2013,3209.84
10910,S1858,201310,2013,155.92000000000002
10806,S1756,201310,2013,531.05
10718,S1720,201310,2013,104.41
10646,S1672,201310,2013,588.2
10664,S1688,201310,2013,171.5
10669,S1693,201310,2013,16.189999999999998
10678,S1694,201310,2013,116.27000000000001
9358,569,201310,2013,321.75
9360,570,201310,2013,46.35
9266,519,201310,2013,4219.8
9275,526,201310,2013,1711.96
9290,535,201310,2013,3842.41
10760,S1736,201310,2013,14068.6
10765,S1737,201310,2013,1954.52
10780,S1751,201310,2013,425.92
10689,S1696,201310,2013,90.02
10694,S1700,201310,2013,196.82
10699,S1702,201310,2013,642.64
9361,571,201310,2013,310.9
9362,572,201310,2013,0.0
9363,573,201310,2013,85.8
9365,576,201310,2013,0.0
9366,577,201310,2013,2292.0
9375,58,201310,2013,204.18
9305,543,201310,2013,113.02
9316,548,201310,2013,2579.2
9338,561,201310,2013,129.55
9350,563,201310,2013,515.16
10605,S1624,201310,2013,31.92
10616,S1630,201310,2013,96.49
10628,S1646,201310,2013,72.03999999999999
10636,S1664,201310,2013,166.92
10538,S1579,201310,2013,118.18
10708,S1706,201310,2013,1885.0
10522,S157,201310,2013,1920.6
10527,S1575,201310,2013,145.48
10532,S1578,201310,2013,137.4
10450,S1537,201310,2013,805.0
10461,S1539,201310,2013,614.09
10469,S154,201310,2013,455.59000000000003
10484,S1542,201310,2013,596.9200000000001
9472,791,201310,2013,28218.0
9405,628,201310,2013,14534.84
9417,67,201310,2013,265.8
10549,S158,201310,2013,415.38
10552,S1585,201310,2013,385.11
10558,S159,201310,2013,103.33
10563,S1596,201310,2013,1736.98
10500,S1548,201310,2013,332.67
10507,S1550,201310,2013,552.42
10221,S1455,201310,2013,728.0
10353,S15,201310,2013,855.43
10358,S1500,201310,2013,1680.0
10366,S1504,201310,2013,142.33999999999997
9496,805,201310,2013,435.0
9508,81,201310,2013,1166.57
9431,75,201310,2013,10860.8
9441,752,201310,2013,6581.51
9454,767,201310,2013,1159.8600000000001
10490,S1546,201310,2013,83.41
10385,S1514,201310,2013,285.95
10396,S1520,201310,2013,100.5
10403,S1521,201310,2013,155.8
10417,S1527,201310,2013,14121.06
10424,S1529,201310,2013,43.129999999999995
10430,S153,201310,2013,930.8
10164,S1442,201310,2013,2929.88
10224,S1456,201310,2013,47.2
10262,S147,201310,2013,267.58
10189,S1448,201310,2013,117.06
9534,86,201310,2013,113.94
9540,863,201310,2013,443.5
9547,90,201310,2013,461.8
9560,99,201310,2013,11844.17
9582,IR39,201310,2013,8.0
9589,IR4,201310,2013,393.72
9486,801,201310,2013,14425.2
10265,S1473,201310,2013,50.83
10278,S1479,201310,2013,298.37
10288,S1480,201310,2013,164.6
10308,S1486,201310,2013,511.08
10319,S1487,201310,2013,484.88
10107,S143,201310,2013,40.64
10113,S1432,201310,2013,60.5
10124,S1434,201310,2013,19.0
10130,S1435,201310,2013,1466.71
9675,S109,201310,2013,257.66
9596,IR79,201310,2013,232.08
9608,S0001,201310,2013,0.0
9620,S1002,201310,2013,800.0
9529,84,201310,2013,749.55
10196,S1451,201310,2013,316.5
10201,S1452,201310,2013,154.92000000000002
10214,S1454,201310,2013,3725.29
10135,S1436,201310,2013,103.52
10141,S1437,201310,2013,13.5
10148,S1438,201310,2013,40.03
10151,S1439,201310,2013,151.8
9969,S1325,201310,2013,256.44
9980,S1334,201310,2013,484.75
10007,S1354,201310,2013,175.04
9752,S1169,201310,2013,220.63
9764,S118,201310,2013,580.28
9629,S1008,201310,2013,948.8
9648,S1022,201310,2013,228.67000000000002
9657,S1024,201310,2013,642.13
10018,S1361,201310,2013,2296.5299999999997
10028,S1364,201310,2013,300.99
10055,S1378,201310,2013,400.63
10062,S1388,201310,2013,400.5
10068,S1392,201310,2013,85.3
10080,S1402,201310,2013,1107.14
10179,S1446,201310,2013,945.15
10092,S1412,201310,2013,7719.3
9778,S1186,201310,2013,3653.89
9782,S1187,201310,2013,82.71
9792,S1190,201310,2013,736.8100000000001
9804,S1192,201310,2013,694.54
9810,S1193,201310,2013,139.1
9713,S1140,201310,2013,210.31
9719,S1141,201310,2013,335.0
9724,S1145,201310,2013,136.33
9925,S1294,201310,2013,366.25
9934,S1296,201310,2013,460.71
9943,S1307,201310,2013,355.01
9855,S1219,201310,2013,51.900000000000006
9868,S1222,201310,2013,2575.96
9879,S124,201310,2013,1210.44
9895,S1265,201310,2013,2623.26
9961,S1322,201310,2013,1155.0
12361,s2293,201310,2013,19.47
12394,s26,201310,2013,76.5
12401,s260,201310,2013,418.85
12406,s286,201310,2013,199.76
12299,s1873,201310,2013,0.0
12319,s2004,201310,2013,233.08
8405,115,201310,2013,7033.2300000000005
8331,1065,201310,2013,1456.09
8343,1079,201310,2013,2407.3199999999997
8362,11,201310,2013,4540.83
8373,1119,201310,2013,3402.3
12418,s293,201310,2013,1158.57
12427,s3,201310,2013,74.4
12433,s410,201310,2013,3443.52
12437,s47,201310,2013,327.27
12352,s2265,201310,2013,516.1
9909,S1269,201310,2013,786.8100000000001
9821,S1198,201310,2013,46.0
9824,S120,201310,2013,63.93
9829,S1203,201310,2013,116.02
9844,S1212,201310,2013,2604.01
12358,s2292,201310,2013,583.31
12444,s49,201310,2013,221.1
12456,s654,201310,2013,2159.5299999999997
12462,s828,201310,2013,193.76
8281,100,201310,2013,343.55
8289,1028,201310,2013,27990.0
8301,1039,201310,2013,1867.49
8302,1039,201311,2013,17746.86
8290,1028,201311,2013,877.31
8282,100,201311,2013,121.30000000000001
9793,S1190,201311,2013,3259.72
9779,S1186,201311,2013,2057.26
9845,S1212,201311,2013,1392.75
9830,S1203,201311,2013,68.97999999999999
9910,S1269,201311,2013,45.5
9896,S1265,201311,2013,1546.2
11235,S2079,201311,2013,836.63
11226,S2077,201311,2013,68.84
11225,S2072,201311,2013,255.01
11299,S2116,201311,2013,164.42
11288,S2110,201311,2013,129.53
11268,S21,201311,2013,852.78
8947,205,201311,2013,113.94
12434,s410,201311,2013,516.04
12429,s312,201311,2013,192.37
12420,s294,201311,2013,346.15
12419,s293,201311,2013,824.39
8374,1119,201311,2013,4264.14
8363,11,201311,2013,660.28
12457,s654,201311,2013,2395.5099999999998
12445,s51,201311,2013,1874.6999999999998
9869,S1222,201311,2013,952.05
9856,S1219,201311,2013,423.0
9944,S1307,201311,2013,27.810000000000002
9940,S1297,201311,2013,90.87
9725,S1145,201311,2013,308.0
9811,S1193,201311,2013,168.06
9805,S1192,201311,2013,136.36
8310,1058,201311,2013,2857.27
12229,s0001,201311,2013,0.0
12329,s202,201311,2013,375.0
8396,1130,201311,2013,7646.59
8385,112,201311,2013,1633.75
10048,S1376,201311,2013,1363.12
10029,S1364,201311,2013,164.79000000000002
10019,S1361,201311,2013,2388.93
10131,S1435,201311,2013,5041.0599999999995
9649,S1022,201311,2013,90.89
9639,S1011,201311,2013,73.27
9630,S1008,201311,2013,2496.78
9765,S118,201311,2013,247.77
8351,1082,201311,2013,896.27
8344,1079,201311,2013,542.5
8332,1065,201311,2013,506.45000000000005
8409,116,201311,2013,6088.5
8425,1186,201311,2013,1273.0
12142,S888,201311,2013,106.09
12221,S995,201311,2013,45.0
12200,S964,201311,2013,283.56
12174,S938,201311,2013,38.3
9595,IR73,201311,2013,408.3
9664,S103,201311,2013,50.83
9658,S1024,201311,2013,780.81
10105,S1425,201311,2013,107.32
10093,S1412,201311,2013,11594.44
10081,S1402,201311,2013,327.5
10165,S1442,201311,2013,1293.44
12369,s2317,201311,2013,55.59
12257,s1361,201311,2013,407.21
12251,s1212,201311,2013,178.24
12238,s1075,201311,2013,83.11
12109,S852,201311,2013,404.02
12160,S902,201311,2013,1557.78
12145,S89,201311,2013,229.38
8516,1354,201311,2013,259.46
10230,S1458,201311,2013,45.6
10149,S1438,201311,2013,717.4
10142,S1437,201311,2013,15.0
10215,S1454,201311,2013,15.0
10192,S1449,201311,2013,83.22
9530,84,201311,2013,799.0
9621,S1002,201311,2013,370.0
9609,S0001,201311,2013,0.0
9597,IR80,201311,2013,41.82
8449,121,201311,2013,1414.9
8442,12000,201311,2013,908.96
8431,1187,201311,2013,0.0
8474,1270,201311,2013,156.46
12082,S828,201311,2013,459.63
12051,S777,201311,2013,2771.5699999999997
12035,S763,201311,2013,1389.8899999999999
12130,S870,201311,2013,1989.0
9575,IR38,201311,2013,390.2
9561,99,201311,2013,5625.01
9551,920,201311,2013,1847.5
9548,90,201311,2013,215.55
10190,S1448,201311,2013,1316.16
10180,S1446,201311,2013,269.76
10247,S1466,201311,2013,995.0
10240,S1462,201311,2013,224.8
10233,S1459,201311,2013,106.2
12169,S921,201311,2013,0.0
12120,S860,201311,2013,3355.59
12009,S749,201311,2013,385.28
11988,S723,201311,2013,2017.28
8459,1225,201311,2013,225.96
8578,1515,201311,2013,0.0
8569,1512,201311,2013,1798.96
8559,1506,201311,2013,2245.5
10431,S153,201311,2013,250.6
10222,S1455,201311,2013,134.44
10300,S1484,201311,2013,408.0
10289,S1480,201311,2013,144.72
10275,S1478,201311,2013,1197.9
9487,801,201311,2013,3878.26
9590,IR4,201311,2013,1539.6399999999999
9583,IR39,201311,2013,160.0
8496,1320,201311,2013,5537.2
8487,13,201311,2013,3746.3199999999997
11857,S480,201311,2013,101.22
11973,S717,201311,2013,249.18
11960,S7,201311,2013,17.8
11756,S409,201311,2013,34.35
9509,81,201311,2013,1415.09
9497,805,201311,2013,1679.4
10376,S1511,201311,2013,402.43
10369,S1505,201311,2013,96.3
10367,S1504,201311,2013,370.68
10354,S15,201311,2013,928.36
10343,S1498,201311,2013,3559.1
10327,S1489,201311,2013,201.0
10320,S1487,201311,2013,260.1
11949,S67,201311,2013,952.52
11930,S654,201311,2013,18521.26
12026,S751,201311,2013,61.92
8656,1616,201311,2013,38034.130000000005
8643,1607,201311,2013,5698.86
8631,1602,201311,2013,542.28
10508,S1550,201311,2013,97.03999999999999
10418,S1527,201311,2013,2241.4900000000002
10379,S1512,201311,2013,27.4
10491,S1546,201311,2013,120.84
10485,S1542,201311,2013,215.22
9455,767,201311,2013,791.0899999999999
9442,752,201311,2013,14062.39
9432,75,201311,2013,6587.49
8552,1504,201311,2013,1800.5
8534,1408,201311,2013,19680.0
11901,S607,201311,2013,934.51
11887,S540,201311,2013,98.68
11865,S486,201311,2013,320.85
11767,S416,201311,2013,255.35000000000002
11694,S317,201311,2013,101.1
9390,59,201311,2013,11211.68
9379,583,201311,2013,1469.0
9378,581,201311,2013,2145.6
9376,58,201311,2013,70.36
9464,771,201311,2013,52.2
10470,S154,201311,2013,52.769999999999996
10451,S1537,201311,2013,563.5
10446,S1534,201311,2013,200.42000000000002
10442,S1532,201311,2013,36.43
10528,S1575,201311,2013,82.78
11825,S471,201311,2013,4.34
11818,S470,201311,2013,98.68
11811,S464,201311,2013,356.95
11800,S458,201311,2013,1079.19
8754,1751,201311,2013,10363.5
8739,1729,201311,2013,857.44
10501,S1548,201311,2013,110.34
10574,S1607,201311,2013,520.26
10573,S1606,201311,2013,104.94
10559,S1592,201311,2013,1011.6
9418,67,201311,2013,245.28
9406,628,201311,2013,65654.17
9394,610,201311,2013,123.2
8606,1556,201311,2013,0.0
8600,1551,201311,2013,3784.69
8589,1540,201311,2013,0.0
11730,S365,201311,2013,56.14
11780,S424,201311,2013,39.25
11775,S42,201311,2013,266.0
11770,S418,201311,2013,198.0
8798,1803,201311,2013,28323.43
10539,S1579,201311,2013,14.25
10622,S1637,201311,2013,141.99
10609,S1629,201311,2013,211.26
10607,S1625,201311,2013,169.32
10600,S1621,201311,2013,133.59
9351,563,201311,2013,267.07
9310,547,201311,2013,656.46
9364,574,201311,2013,595.25
11692,S312,201311,2013,1182.05
11737,S385,201311,2013,70.5
8704,1712,201311,2013,10063.9
8691,1704,201311,2013,3061.24
8682,170,201311,2013,6440.9
8675,1669,201311,2013,511.5
8669,1652,201311,2013,6749.9
9248,509,201311,2013,13.5
9354,565,201311,2013,159.75
10670,S1693,201311,2013,13.5
10655,S1674,201311,2013,745.02
10642,S1670,201311,2013,66.56
10639,S1669,201311,2013,266.95
10709,S1706,201311,2013,34.11
11673,S3,201311,2013,745.17
11661,S299,201311,2013,46.76
11651,S294,201311,2013,413.96999999999997
11634,S267,201311,2013,1059.27
11626,S264,201311,2013,137.23
11714,S337,201311,2013,255.54
11705,S318,201311,2013,1900.52
8728,1726,201311,2013,6448.2
8716,1718,201311,2013,296.53999999999996
10700,S1702,201311,2013,1237.75
10692,S1699,201311,2013,531.42
10679,S1694,201311,2013,388.13
10767,S1739,201311,2013,44.7
10761,S1736,201311,2013,9499.47
9286,534,201311,2013,215.07999999999998
9276,526,201311,2013,1550.66
9260,518,201311,2013,318.94
8786,1793,201311,2013,1207.35
8772,1769,201311,2013,7889.91
11602,S249,201311,2013,1744.4
11586,S243,201311,2013,794.06
11556,S237,201311,2013,57.78
11677,S302,201311,2013,501.69999999999993
8766,1758,201311,2013,1569.6
8855,1863,201311,2013,8247.75
11530,S2341,201311,2013,106.12
11504,S2312,201311,2013,159.95999999999998
11501,S2311,201311,2013,469.4
11499,S230,201311,2013,284.18
11495,S23,201311,2013,320.0
9200,471,201311,2013,392.49
9196,464,201311,2013,132.8
9189,460,201311,2013,0.0
9291,535,201311,2013,1093.8400000000001
10745,S1730,201311,2013,6268.799999999999
10729,S1721,201311,2013,594.11
10829,S1784,201311,2013,139.14
10823,S1774,201311,2013,181.16
10821,S1772,201311,2013,44.260000000000005
10817,S1764,201311,2013,103.52
10807,S1756,201311,2013,1085.99
10781,S1751,201311,2013,263.75
10905,S185,201311,2013,22902.34
10894,S1846,201311,2013,91.63
10890,S184,201311,2013,107.79
10885,S1818,201311,2013,808.66
10859,S1802,201311,2013,377.3
10847,S1792,201311,2013,2952.2000000000003
9239,507,201311,2013,319.0
9215,488,201311,2013,179.33999999999997
9212,477,201311,2013,5591.07
9208,473,201311,2013,0.0
8843,1856,201311,2013,0.0
8829,1830,201311,2013,1191.6
8817,1827,201311,2013,919.61
11549,S236,201311,2013,1270.1399999999999
11536,S2355,201311,2013,69.25
11421,S2202,201311,2013,62.78
11490,S2290,201311,2013,150.0
11479,S2266,201311,2013,536.19
11472,S2256,201311,2013,223.15
8897,1923,201311,2013,0.0
8890,1915,201311,2013,238.62
9113,402,201311,2013,38.65
9173,441,201311,2013,4276.57
9161,440,201311,2013,1100.85
10955,S1892,201311,2013,216.68
10949,S1888,201311,2013,103.52
10933,S1868,201311,2013,303.38
10926,S1866,201311,2013,285.45
10921,S1859,201311,2013,654.32
10994,S1918,201311,2013,774.8199999999999
10989,S1916,201311,2013,628.61
11384,S2182,201311,2013,144.34
11362,S2177,201311,2013,227.79000000000002
11461,S2250,201311,2013,1431.04
11448,S2246,201311,2013,109.5
11439,S2245,201311,2013,313.89000000000004
10977,S1915,201311,2013,652.5999999999999
10974,S1905,201311,2013,250.57999999999998
10964,S19,201311,2013,36.5
11039,S195,201311,2013,50.38
11030,S1934,201311,2013,191.6
11026,S193,201311,2013,578.16
11013,S1926,201311,2013,935.78
9147,431,201311,2013,26.25
9135,430,201311,2013,85.56
11621,S259,201311,2013,434.8
11433,S2218,201311,2013,100.08
9096,388,201311,2013,1776.96
9084,38,201311,2013,1764.8
9078,373,201311,2013,1633.3
9068,356,201311,2013,430.3
9056,352,201311,2013,230.94
9149,432,201311,2013,1411.55
11004,S1923,201311,2013,81.4
11106,S1993,201311,2013,837.88
11093,S1984,201311,2013,650.54
11084,S1982,201311,2013,2916.87
11073,S1981,201311,2013,13.5
11067,S1971,201311,2013,653.78
8881,1898,201311,2013,370.48
8871,1882,201311,2013,1139.24
8934,2011,201311,2013,959.6
11387,S2188,201311,2013,432.28000000000003
11219,S2070,201311,2013,465.81
11197,S2050,201311,2013,1348.3400000000001
8975,262,201311,2013,30176.82
9103,389,201311,2013,2308.95
11349,S2165,201311,2013,82.3
11344,S2158,201311,2013,317.03
11338,S2152,201311,2013,114.36
11332,S2144,201311,2013,2280.99
11399,S2191,201311,2013,428.41999999999996
8920,1995,201311,2013,2270.8
8914,1992,201311,2013,117.99
8911,1942,201311,2013,238.5
8909,1941,201311,2013,1062.0
8902,1938,201311,2013,569.9
8966,255,201311,2013,17923.95
8955,24,201311,2013,0.0
8942,2031,201311,2013,451.8
9045,349,201311,2013,93.08
9037,340,201311,2013,101.62
9003,30,201311,2013,3184.05
8992,3,201311,2013,5298.0
8986,297,201311,2013,1145.97
8978,263,201311,2013,156.47
11190,S2046,201311,2013,129.63
11183,S2041,201311,2013,1060.2
11171,S2037,201311,2013,1442.47
11255,S2085,201311,2013,624.0
11246,S2081,201311,2013,62.0
11155,S2024,201311,2013,676.52
11133,S2011,201311,2013,1828.56
11128,S2004,201311,2013,11049.34
11114,S20,201311,2013,4427.85
12320,s2004,201311,2013,830.0
12310,s1977,201311,2013,228.4
12291,s1859,201311,2013,616.32
12286,s1736,201311,2013,1143.22
12402,s260,201311,2013,195.96
12389,s257,201311,2013,739.2
9753,S1169,201311,2013,584.16
9740,S1160,201311,2013,55.1
9914,S128,201311,2013,269.54
10008,S1354,201311,2013,293.23
10001,S1353,201311,2013,427.15
9989,S1347,201311,2013,231.66
9981,S1334,201311,2013,1124.65
9973,S1329,201311,2013,85.1
9970,S1325,201311,2013,25.39
12353,s2265,201311,2013,124.5
8320,106,201311,2013,248.5
9951,S1318,201312,2013,68.97999999999999
9857,S1219,201312,2013,39.18
9870,S1222,201312,2013,1302.79
9887,S126,201312,2013,78.47999999999999
9897,S1265,201312,2013,389.28000000000003
9822,S1198,201312,2013,259.43
9831,S1203,201312,2013,46.43
9004,30,201312,2013,1308.61
9027,328,201312,2013,49251.12
9046,349,201312,2013,30.68
8935,2011,201312,2013,1197.6
11258,S2087,201312,2013,136.36
11263,S2099,201312,2013,88.81
11280,S2108,201312,2013,142.54
11289,S2110,201312,2013,131.61
11300,S2116,201312,2013,301.84
11108,S1994,201312,2013,13.6
8967,255,201312,2013,1040.08
8915,1992,201312,2013,0.0
11400,S2191,201312,2013,158.54999999999998
11333,S2144,201312,2013,967.4599999999999
9097,388,201312,2013,981.3699999999999
11220,S2070,201312,2013,135.39
11115,S20,201312,2013,313.39
11129,S2004,201312,2013,1033.97
11134,S2011,201312,2013,256.57
11247,S2081,201312,2013,9.57
11253,S2084,201312,2013,179.70999999999998
11172,S2037,201312,2013,849.4499999999999
11184,S2041,201312,2013,20904.61
11191,S2046,201312,2013,177.22
9935,S1296,201312,2013,701.6
10990,S1916,201312,2013,131.1
10922,S1859,201312,2013,3682.6
10934,S1868,201312,2013,105.5
10948,S1883,201312,2013,1725.0
9162,440,201312,2013,472.35999999999996
9174,441,201312,2013,1886.25
9181,446,201312,2013,1413.0
8882,1898,201312,2013,1353.8
8888,1903,201312,2013,253.84
8898,1923,201312,2013,508.65999999999997
11550,S236,201312,2013,460.03
11480,S2280,201312,2013,340.90000000000003
11485,S2282,201312,2013,251.46
11422,S2202,201312,2013,107.16
11427,S2206,201312,2013,1962.8200000000002
9136,430,201312,2013,1244.96
10808,S1756,201312,2013,436.39
10814,S1759,201312,2013,157.41
10822,S1772,201312,2013,1027.35
10830,S1784,201312,2013,92.76
10730,S1721,201312,2013,563.38
9302,540,201312,2013,25.04
11622,S259,201312,2013,469.4
11513,S2321,201312,2013,175.71
11515,S2327,201312,2013,93.06
8818,1827,201312,2013,2998.39
8830,1830,201312,2013,64.57
8838,1850,201312,2013,351.58
9224,494,201312,2013,968.3
10848,S1792,201312,2013,4748.21
10906,S185,201312,2013,2297.69
10796,S1755,201312,2013,102.4
9249,509,201312,2013,93.26
8856,1863,201312,2013,2711.29
11674,S3,201312,2013,13.5
11678,S304,201312,2013,284.76
11570,S24,201312,2013,446.48
11587,S243,201312,2013,401.38
11603,S249,201312,2013,165.44
11608,S252,201312,2013,85.41
8773,1769,201312,2013,2053.84
9261,518,201312,2013,98.33
9287,534,201312,2013,371.88
10746,S1730,201312,2013,4488.29
10762,S1736,201312,2013,6671.5599999999995
10773,S1750,201312,2013,1025.76
10680,S1694,201312,2013,305.84000000000003
10702,S1703,201312,2013,516.0
10633,S1661,201312,2013,237.6
10540,S1579,201312,2013,35.06
8787,1793,201312,2013,632.0
8799,1803,201312,2013,4451.14
8717,1718,201312,2013,116.63
8729,1726,201312,2013,1325.4
11706,S318,201312,2013,957.74
11662,S299,201312,2013,542.4
10710,S1706,201312,2013,4.03
10638,S1668,201312,2013,268.16999999999996
10647,S1672,201312,2013,134.76
10656,S1674,201312,2013,71.22999999999999
10671,S1693,201312,2013,237.6
9352,563,201312,2013,1337.06
9359,569,201312,2013,352.9
9240,507,201312,2013,97.85
10492,S1546,201312,2013,79.74
10502,S1548,201312,2013,84.42
9419,67,201312,2013,391.9
8740,1729,201312,2013,1041.32
8755,1751,201312,2013,2303.0
8692,1704,201312,2013,1002.02
11731,S365,201312,2013,13.5
11744,S399,201312,2013,2645.17
11752,S407,201312,2013,101.74
11693,S312,201312,2013,1479.82
9320,550,201312,2013,101.92
9335,56,201312,2013,33.33
10608,S1625,201312,2013,39.96
10610,S1629,201312,2013,0.0
10623,S1637,201312,2013,13.5
10629,S1646,201312,2013,223.7
9473,791,201312,2013,0.0
9377,58,201312,2013,32.8
9380,584,201312,2013,4958.5
11761,S41,201312,2013,37.260000000000005
11768,S416,201312,2013,99.98
11778,S422,201312,2013,226.52
11782,S429,201312,2013,80.0
8705,1712,201312,2013,1628.0
8607,1556,201312,2013,76.22999999999999
8615,1598,201312,2013,42845.3
9395,610,201312,2013,33.44
9407,628,201312,2013,142319.36000000002
10550,S158,201312,2013,264.53
10553,S1585,201312,2013,53.28
10560,S1592,201312,2013,13.5
10575,S1610,201312,2013,87.4
10391,S1518,201312,2013,85.1
10404,S1521,201312,2013,54.43
10419,S1527,201312,2013,2648.28
10420,S1528,201312,2013,200.34
8632,1602,201312,2013,1780.5
8644,1607,201312,2013,1081.36
11902,S607,201312,2013,209.54000000000002
11907,S637,201312,2013,106.63
11783,S430,201312,2013,354.55
11784,S434,201312,2013,253.61
11786,S438,201312,2013,162.35
11801,S458,201312,2013,347.92
11812,S464,201312,2013,257.73
10509,S1550,201312,2013,41.3
10443,S1532,201312,2013,13.5
10462,S1539,201312,2013,770.28
10359,S1501,201312,2013,69.25
10368,S1504,201312,2013,67.46
9498,805,201312,2013,609.9
9510,81,201312,2013,641.0
9517,819,201312,2013,28.4
11961,S7,201312,2013,154.88
11964,S709,201312,2013,123.0
11851,S48,201312,2013,287.03999999999996
11866,S486,201312,2013,93.65
8657,1616,201312,2013,27910.0
8539,1424,201312,2013,0.0
8553,1504,201312,2013,2387.1
9433,75,201312,2013,1443.16
9443,752,201312,2013,312.58000000000004
9456,767,201312,2013,597.4200000000001
10377,S1511,201312,2013,321.15999999999997
10276,S1478,201312,2013,113.73
10279,S1479,201312,2013,74.12
10290,S1480,201312,2013,181.2
10301,S1484,201312,2013,1396.43
10309,S1486,201312,2013,23.9
10216,S1454,201312,2013,202.65
10434,S1531,201312,2013,46.5
8560,1506,201312,2013,35.22
11989,S723,201312,2013,299.71999999999997
12019,S750,201312,2013,13.5
11912,S639,201312,2013,13.5
11931,S654,201312,2013,7732.66
11950,S67,201312,2013,252.51
12127,S869,201312,2013,335.5
10321,S1487,201312,2013,258.89
10355,S15,201312,2013,380.15
10241,S1462,201312,2013,342.0
10255,S1467,201312,2013,41.79
10260,S1468,201312,2013,24.85
10181,S1446,201312,2013,27.82
10184,S1447,201312,2013,13.5
9531,84,201312,2013,922.24
12131,S870,201312,2013,39.78
12036,S763,201312,2013,496.2
12052,S777,201312,2013,0.0
12083,S828,201312,2013,23.5
12085,S832,201312,2013,364.0
11974,S717,201312,2013,70.74
8475,1270,201312,2013,1277.8400000000001
8488,13,201312,2013,479.0
8503,1341,201312,2013,388.2
9488,801,201312,2013,4375.0
10202,S1452,201312,2013,26.22
10206,S1453,201312,2013,46.43
10143,S1437,201312,2013,313.66
10150,S1438,201312,2013,198.06
10225,S1456,201312,2013,2235.01
8512,1351,201312,2013,1380.3600000000001
8410,116,201312,2013,5073.75
12146,S89,201312,2013,307.90999999999997
12161,S902,201312,2013,717.87
12110,S852,201312,2013,58.18000000000001
12121,S860,201312,2013,67.23
12122,S863,201312,2013,29.82
12124,S866,201312,2013,413.75
12275,s148,201312,2013,392.94
12285,s1721,201312,2013,19.75
10234,S1459,201312,2013,55.8
10094,S1412,201312,2013,5475.6
10098,S1422,201312,2013,627.28
10114,S1432,201312,2013,497.95
10125,S1434,201312,2013,124.21000000000001
9659,S1024,201312,2013,211.08
9668,S1069,201312,2013,522.7
12180,S940,201312,2013,272.88
12189,S941,201312,2013,234.18
12201,S964,201312,2013,13.5
12211,S987,201312,2013,33.3
12222,S995,201312,2013,15.4
12143,S888,201312,2013,175.3
8432,1187,201312,2013,104.0
8443,12000,201312,2013,1104.0
9610,S0001,201312,2013,0.0
9612,S10,201312,2013,195.28
10020,S1361,201312,2013,3443.15
10030,S1364,201312,2013,226.63000000000002
10034,S1367,201312,2013,103.52
10049,S1376,201312,2013,368.3
10056,S1378,201312,2013,262.71000000000004
8375,1119,201312,2013,1089.3
8397,1130,201312,2013,11343.45
8403,1144,201312,2013,433.5
12321,s2004,201312,2013,349.56
12338,s2022,201312,2013,419.27
12230,s0001,201312,2013,0.0
12252,s1212,201312,2013,531.1
12273,s1412,201312,2013,485.74
10069,S1392,201312,2013,119.39
10166,S1442,201312,2013,35.8
10082,S1402,201312,2013,363.75
9962,S1322,201312,2013,254.0
9971,S1325,201312,2013,81.2
9982,S1334,201312,2013,505.6
9997,S1348,201312,2013,1976.5
9911,S1269,201312,2013,28.189999999999998
9742,S1168,201312,2013,631.0
9754,S1169,201312,2013,47.300000000000004
12289,s1792,201312,2013,32.29
12300,s1873,201312,2013,766.72
12311,s1977,201312,2013,217.08
8406,115,201312,2013,5926.05
8333,1065,201312,2013,180.45999999999998
8345,1079,201312,2013,692.32
9631,S1008,201312,2013,16.62
9640,S1011,201312,2013,85.43
9641,S1021,201312,2013,5080.5
11236,S2079,201312,2013,29.5
8951,226,201312,2013,129.4
8311,1058,201312,2013,0.0
8321,106,201312,2013,155.76
12458,s654,201312,2013,2970.41
12459,s723,201312,2013,635.0
12463,s828,201312,2013,45.25
8352,1082,201312,2013,422.5
8364,11,201312,2013,2603.2799999999997
12407,s286,201312,2013,847.0
12428,s3,201312,2013,60.04
12435,s410,201312,2013,883.03
12354,s227,201312,2013,62.370000000000005
9846,S1212,201312,2013,704.14
9780,S1186,201312,2013,317.6
9794,S1190,201312,2013,487.71000000000004
9148,431,201312,2013,120.9
11014,S1926,201312,2013,87.85
11049,S1952,201312,2013,139.9
10965,S19,201312,2013,247.18
10975,S1905,201312,2013,95.99
10978,S1915,201312,2013,1332.92
11449,S2246,201312,2013,210.5
11462,S2250,201312,2013,249.71
11363,S2177,201312,2013,44.33
11374,S2179,201312,2013,259.1
11388,S2188,201312,2013,267.8
8861,1871,201312,2013,6937.0
8872,1882,201312,2013,65.25
11068,S1971,201312,2013,25.23
11085,S1982,201312,2013,1719.82
11107,S1993,201312,2013,1247.67
9683,S1104,201312,2013,525.83
9677,S1092,201312,2013,65.12
9676,S109,201312,2013,110.75999999999999
9806,S1192,201312,2013,243.46
8291,1028,201312,2013,2049.38
15857,S824,201410,2014,115.5
15845,S777,201410,2014,0.0
15965,S995,201410,2014,64.45
15982,s1212,201410,2014,125.2
15864,S832,201410,2014,23.13
15872,S840,201410,2014,49.3
15882,S852,201410,2014,1032.1799999999998
15787,S717,201410,2014,2060.12
15816,S75,201410,2014,271.31
15825,S751,201410,2014,148.5
15834,S763,201410,2014,24.33
16060,s227,201410,2014,1040.0
16074,s236,201410,2014,80.98
12570,112,201410,2014,2840.1
12582,1130,201410,2014,6781.0199999999995
12491,1028,201410,2014,21335.28
12701,1408,201410,2014,19680.0
12716,1504,201410,2014,2472.1
12513,106,201410,2014,67.0
12524,1065,201410,2014,462.7
16033,s1977,201410,2014,321.0
16040,s2004,201410,2014,198.0
16051,s2022,201410,2014,979.2
16140,s488,201410,2014,2462.5
16145,s49,201410,2014,304.24
16147,s512,201410,2014,0.0
16149,s516,201410,2014,16593.0
12673,1320,201410,2014,4090.56
12588,1144,201410,2014,180.4
12594,115,201410,2014,24983.74
12827,170,201410,2014,13729.19
12833,1704,201410,2014,874.8199999999999
12536,1079,201410,2014,2099.36
12551,11,201410,2014,656.85
12562,1119,201410,2014,4677.66
15774,S7,201410,2014,65.31
15704,S523,201410,2014,367.32
15718,S607,201410,2014,1126.9099999999999
15730,S646,201410,2014,79.4
15746,S654,201410,2014,10377.83
16159,s654,201410,2014,1422.0900000000001
16165,s777,201410,2014,125.0
12681,1351,201410,2014,161.1
12690,136,201410,2014,956.52
12845,1712,201410,2014,14534.6
12854,1718,201410,2014,131.15
12644,121,201410,2014,2829.8
12654,1245,201410,2014,53.7
12659,1270,201410,2014,260.54
12668,13,201410,2014,553.13
16087,s26,201410,2014,457.67
16092,s260,201410,2014,852.97
15482,S365,201410,2014,228.92
15484,S371,201410,2014,2060.29
12789,1602,201410,2014,8223.41
12801,1607,201410,2014,3395.41
13060,255,201410,2014,1008.3
13064,257,201410,2014,901.29
12950,1827,201410,2014,637.8000000000001
12723,1506,201410,2014,2019.6
12732,1512,201410,2014,1122.9499999999998
12741,1530,201410,2014,8137.5
12758,1551,201410,2014,2858.8
15663,S488,201410,2014,9760.21
16131,s434,201410,2014,205.4
16138,s47,201410,2014,129.68
15609,S467,201410,2014,9152.2
15625,S473,201410,2014,350.0
12894,1751,201410,2014,4606.0
12902,1758,201410,2014,634.32
12912,1769,201410,2014,92.22
12926,1793,201410,2014,1844.2
13110,349,201410,2014,847.1400000000001
12862,1726,201410,2014,298.1
12873,1729,201410,2014,43998.22
12883,1746,201410,2014,588.06
15631,S476,201410,2014,278.75
15530,S41,201410,2014,238.94
15549,S422,201410,2014,699.21
15560,S443,201410,2014,13.5
15680,S504,201410,2014,85.1
15682,S510,201410,2014,2409.54
15692,S512,201410,2014,256.08
15472,S360,201410,2014,279.77
15238,S2312,201410,2014,270.40999999999997
13011,1903,201410,2014,102.04
13027,201,201410,2014,608.5
13248,534,201410,2014,0.0
13160,440,201410,2014,48.68
12956,1846,201410,2014,13593.32
12989,1882,201410,2014,321.6
15498,S385,201410,2014,112.82000000000001
15504,S386,201410,2014,13.64
15514,S399,201410,2014,16.96
15515,S401,201410,2014,254.82
15401,S302,201410,2014,1584.64
15666,S489,201410,2014,25.939999999999998
15668,S491,201410,2014,873.52
15670,S493,201410,2014,101.69
15344,S267,201410,2014,109.99
15191,S2246,201410,2014,82.77
13136,388,201410,2014,1302.45
13142,410,201410,2014,536.25
13147,430,201410,2014,494.8
13273,550,201410,2014,174.41000000000003
13281,56,201410,2014,53.16
13125,38,201410,2014,1985.4
13002,1898,201410,2014,262.08
15362,S289,201410,2014,1163.6
15377,S299,201410,2014,531.2
15389,S3,201410,2014,256.32
15575,S456,201410,2014,5000.0
15581,S458,201410,2014,163.5
15583,S459,201410,2014,232.32
15321,S254,201410,2014,1217.32
15333,S259,201410,2014,42.3
15139,S2179,201410,2014,527.0
13212,507,201410,2014,66.03999999999999
13222,509,201410,2014,88.0
13225,518,201410,2014,260.71999999999997
13237,526,201410,2014,1066.82
13385,621,201410,2014,21794.85
13387,622,201410,2014,795.41
13172,441,201410,2014,2467.8599999999997
13184,471,201410,2014,841.1700000000001
13199,494,201410,2014,391.6
15260,S2334,201410,2014,292.2
15265,S2341,201410,2014,55.34
15414,S312,201410,2014,1612.87
15428,S318,201410,2014,4387.24
15160,S2193,201410,2014,959.72
15179,S2218,201410,2014,212.98
15020,S2084,201410,2014,426.6
14938,S2024,201410,2014,774.69
13354,594,201410,2014,462.45
13379,614,201410,2014,3037.5
13454,791,201410,2014,122384.95
13466,801,201410,2014,3789.7799999999997
13295,563,201410,2014,193.9
13306,569,201410,2014,681.26
15201,S2252,201410,2014,60.63
15092,S2143,201410,2014,468.21
15103,S2144,201410,2014,891.76
15302,S243,201410,2014,5336.7
15314,S249,201410,2014,328.9
15120,S216,201410,2014,1725.2
15125,S2161,201410,2014,381.11
15136,S2177,201410,2014,1038.6399999999999
15112,S2154,201410,2014,322.2
14919,S2011,201410,2014,356.87
14849,S1971,201410,2014,1093.21
13428,75,201410,2014,3384.42
13441,767,201410,2014,287.4
13530,90,201410,2014,402.59999999999997
13541,920,201410,2014,3671.75
13322,58,201410,2014,249.6
13340,59,201410,2014,2201.95
15056,S2116,201410,2014,239.84
15066,S2118,201410,2014,465.32
15068,S2121,201410,2014,126.78
15078,S213,201410,2014,53.63
15279,S236,201410,2014,10604.09
15151,S2191,201410,2014,324.65
15016,S2081,201410,2014,156.89999999999998
14994,S2070,201410,2014,1323.8
14816,S1932,201410,2014,72.02000000000001
14824,S1940,201410,2014,830.19
14831,S1952,201410,2014,205.64
13490,81,201410,2014,4596.99
13502,819,201410,2014,131.52
13508,829,201410,2014,5648.85
13519,84,201410,2014,463.82
13673,S1141,201410,2014,0.0
13699,S1169,201410,2014,445.11
13478,805,201410,2014,3037.5
13400,628,201410,2014,104539.0
14946,S2033,201410,2014,223.35
14956,S2037,201410,2014,1402.23
14965,S2041,201410,2014,7306.17
15110,S2152,201410,2014,205.38
14652,S1790,201410,2014,79.53
14662,S1792,201410,2014,1172.25
13619,S1022,201410,2014,290.45
13630,S1040,201410,2014,25.0
13641,S108,201410,2014,80.86
13648,S1104,201410,2014,302.1
13784,S1212,201410,2014,1472.57
13791,S1219,201410,2014,253.8
13800,S1222,201410,2014,794.3
13553,99,201410,2014,13845.0
13571,IR70,201410,2014,215.0
13586,S0001,201410,2014,0.0
14858,S1979,201410,2014,426.76
14869,S1982,201410,2014,1558.17
14876,S1985,201410,2014,85.06
14886,S1993,201410,2014,1236.37
14645,S1777,201410,2014,442.34000000000003
13742,S1192,201410,2014,44.74
13748,S1193,201410,2014,792.82
13755,S1198,201410,2014,71.8
13898,S1325,201410,2014,2145.82
13909,S1334,201410,2014,252.90000000000003
13804,S1224,201410,2014,89.88
13710,S118,201410,2014,397.88
13612,S1021,201410,2014,380.24
14738,S1859,201410,2014,79.16
14749,S1868,201410,2014,258.14
14765,S189,201410,2014,89.26
14771,S1892,201410,2014,141.8
14900,S20,201410,2014,1437.5
14901,S2001,201410,2014,40.33
14912,S2004,201410,2014,5412.0599999999995
14528,S1703,201410,2014,104.78
13828,S1265,201410,2014,1447.25
13840,S1269,201410,2014,3054.62
13773,S1206,201410,2014,296.0
13996,S1402,201410,2014,393.97
13916,S1341,201410,2014,148.2
13722,S1186,201410,2014,0.0
13734,S1190,201410,2014,0.0
14675,S1802,201410,2014,952.0
14683,S1813,201410,2014,41.739999999999995
14685,S1815,201410,2014,80.17
14801,S1926,201410,2014,13.5
14813,S193,201410,2014,848.26
14622,S1755,201410,2014,393.69
14632,S1756,201410,2014,511.5
14637,S1759,201410,2014,94.5
14418,S1600,201410,2014,25.67
13953,S1364,201410,2014,50.12
13864,S1297,201410,2014,50.74
13876,S1308,201410,2014,27.3
14080,S1446,201410,2014,85.02
14113,S1453,201410,2014,189.5
14123,S1454,201410,2014,2326.91
14007,S1425,201410,2014,394.14
13813,S124,201410,2014,90.88
13816,S1252,201410,2014,660.42
14555,S1723,201410,2014,3.5
14568,S1730,201410,2014,6387.07
14704,S184,201410,2014,1363.57
14713,S1846,201410,2014,245.45999999999998
14724,S185,201410,2014,71.37
14521,S1696,201410,2014,10393.699999999999
14283,S1521,201410,2014,1458.84
14295,S1527,201410,2014,489.23
14046,S1436,201410,2014,659.19
13967,S1376,201410,2014,942.43
13979,S1388,201410,2014,280.0
14184,S1484,201410,2014,931.38
14196,S1487,201410,2014,2355.0
13931,S1354,201410,2014,24.39
13933,S1358,201410,2014,24.83
13943,S1361,201410,2014,5480.2
14542,S1713,201410,2014,20.0
14552,S1721,201410,2014,683.14
14448,S1629,201410,2014,39.269999999999996
14690,S1816,201410,2014,48.18
14607,S1751,201410,2014,6119.87
14616,S1754,201410,2014,38.18
14143,S1462,201410,2014,1682.24
14177,S1481,201410,2014,292.6
14067,S1442,201410,2014,117.75
14379,S1567,201410,2014,259.28
14258,S1516,201410,2014,79.2
14027,S1434,201410,2014,699.53
14039,S1435,201410,2014,1096.57
14334,S1539,201410,2014,218.75
14349,S1542,201410,2014,251.21
14359,S1548,201410,2014,133.5
14371,S1557,201410,2014,13.5
14585,S1736,201410,2014,13961.65
14481,S1668,201410,2014,85.59
14512,S1694,201410,2014,39.78
14260,S1517,201410,2014,67.78
14268,S1518,201410,2014,0.0
12479,100,201410,2014,67.4
12605,116,201410,2014,7874.0
12615,1160,201410,2014,0.0
15994,s140,201410,2014,1137.44
16008,s1813,201410,2014,63.519999999999996
15900,S866,201410,2014,466.39
15907,S870,201410,2014,420.6
15756,S66,201410,2014,215.35
15758,S665,201410,2014,37.980000000000004
15767,S67,201410,2014,1151.12
15911,S888,201410,2014,479.93
15924,S902,201410,2014,2135.26
15939,S940,201410,2014,100.26
15948,S941,201410,2014,286.17
15957,S964,201410,2014,300.0
15798,S723,201410,2014,444.5
15849,S78,201410,2014,680.6
14227,S15,201410,2014,2784.68
14242,S1504,201410,2014,862.0
14469,S1646,201410,2014,169.38
14402,S158,201410,2014,560.0
14410,S1594,201410,2014,289.85
14138,S1459,201410,2014,1171.6
12498,1039,201410,2014,1351.5
15809,S749,201410,2014,143.5
15835,S763,201411,2014,833.25
15966,S995,201411,2014,215.1
15925,S902,201411,2014,4106.3
15940,S940,201411,2014,77.53
15949,S941,201411,2014,782.08
14296,S1527,201411,2014,233.83999999999997
14311,S153,201411,2014,980.0
14228,S15,201411,2014,1650.73
14244,S151,201411,2014,53.28
14470,S1646,201411,2014,99.3
14403,S158,201411,2014,509.66999999999996
14202,S1488,201411,2014,24.5
14208,S1489,201411,2014,64.3
14124,S1454,201411,2014,364.92
14144,S1462,201411,2014,2042.72
14158,S1468,201411,2014,357.84000000000003
14161,S1473,201411,2014,677.52
14058,S1441,201411,2014,80.58
14372,S1557,201411,2014,165.5
14376,S156,201411,2014,172.25
14380,S1567,201411,2014,31.86
14008,S1425,201411,2014,24.0
14017,S1432,201411,2014,931.06
14028,S1434,201411,2014,76.0
14335,S1539,201411,2014,1057.79
14360,S1548,201411,2014,51.38
14586,S1736,201411,2014,9636.83
14598,S1748,201411,2014,232.5
14285,S1526,201411,2014,895.33
14040,S1435,201411,2014,48.5
14048,S1437,201411,2014,229.14
13968,S1376,201411,2014,322.71
14256,S1514,201411,2014,85.05
14185,S1484,201411,2014,531.6
14197,S1487,201411,2014,2440.5299999999997
13932,S1354,201411,2014,87.26
13944,S1361,201411,2014,3946.07
14529,S1703,201411,2014,378.61999999999995
14540,S1712,201411,2014,589.72
14453,S1630,201411,2014,60.62
14691,S1816,201411,2014,1658.34
14608,S1751,201411,2014,930.62
14413,S1597,201411,2014,62.58
14421,S1602,201411,2014,203.09
14424,S1608,201411,2014,168.54
14433,S1622,201411,2014,214.12
13954,S1364,201411,2014,89.35
13852,S1294,201411,2014,78.9
13865,S1297,201411,2014,566.1
14081,S1446,201411,2014,902.31
13807,S1234,201411,2014,50.22
13814,S124,201411,2014,265.06
13817,S1252,201411,2014,781.14
14646,S1777,201411,2014,63.169999999999995
14553,S1721,201411,2014,97.27000000000001
14569,S1730,201411,2014,2605.68
14575,S1735,201411,2014,108.97
14701,S1818,201411,2014,378.75
14705,S184,201411,2014,1475.97
14513,S1694,201411,2014,596.37
14522,S1696,201411,2014,1089.25
14525,S1699,201411,2014,210.32
13829,S1265,201411,2014,1745.27
13841,S1269,201411,2014,90.44
13774,S1206,201411,2014,18.02
13986,S1392,201411,2014,7.470000000000001
13911,S1336,201411,2014,108.65
13920,S1347,201411,2014,0.0
13801,S1222,201411,2014,578.05
13723,S1186,201411,2014,310.86
13735,S1190,201411,2014,44.3
14676,S1802,201411,2014,0.0
14684,S1813,201411,2014,37.1
14686,S1815,201411,2014,81.68
14777,S19,201411,2014,36.5
14802,S1926,201411,2014,361.26
14814,S193,201411,2014,1335.9399999999998
14617,S1754,201411,2014,318.99
13743,S1192,201411,2014,461.72
13756,S1198,201411,2014,43.8
13766,S1203,201411,2014,596.31
13877,S1308,201411,2014,312.12
13899,S1325,201411,2014,34.4
13711,S118,201411,2014,1336.52
13587,S0001,201411,2014,0.0
13603,S1011,201411,2014,36.55
14739,S1859,201411,2014,412.18
14761,S1883,201411,2014,314.74
14966,S2041,201411,2014,69.3
14913,S2004,201411,2014,5472.35
14725,S185,201411,2014,873.6800000000001
14663,S1792,201411,2014,1381.76
14668,S1796,201411,2014,88.2
13613,S1021,201411,2014,525.4200000000001
13626,S1024,201411,2014,420.55
13785,S1212,201411,2014,1863.99
13792,S1219,201411,2014,762.24
13554,99,201411,2014,166.36
13565,IR39,201411,2014,225.36
14870,S1982,201411,2014,836.31
14887,S1993,201411,2014,0.0
15079,S213,201411,2014,13.5
14974,S2046,201411,2014,161.26999999999998
14980,S2050,201411,2014,315.43
14982,S2052,201411,2014,942.82
14832,S1952,201411,2014,58.67
14836,S1957,201411,2014,350.0
13491,81,201411,2014,1291.71
13503,819,201411,2014,93.33
13661,S1128,201411,2014,0.0
13674,S1141,201411,2014,468.48
13691,S1168,201411,2014,149.78
13467,801,201411,2014,2505.93
13479,805,201411,2014,2708.5
13401,628,201411,2014,28456.15
14939,S2024,201411,2014,419.32000000000005
14941,S2026,201411,2014,53.5
14957,S2037,201411,2014,1098.11
15104,S2144,201411,2014,473.5
15111,S2152,201411,2014,1253.33
15113,S2154,201411,2014,286.4
14924,S2014,201411,2014,267.36
14926,S2017,201411,2014,13.5
14850,S1971,201411,2014,1137.6
13411,67,201411,2014,590.8199999999999
13418,72,201411,2014,12865.0
13429,75,201411,2014,2996.3
13442,767,201411,2014,778.92
13649,S1104,201411,2014,302.1
13531,90,201411,2014,121.26
13542,920,201411,2014,3209.4
13323,58,201411,2014,625.3
13330,586,201411,2014,2809.3999999999996
13341,59,201411,2014,65185.0
15057,S2116,201411,2014,487.86
15069,S2121,201411,2014,89.02
15280,S236,201411,2014,804.54
15144,S2188,201411,2014,1158.6
15152,S2191,201411,2014,10.67
14995,S2070,201411,2014,907.59
15004,S2078,201411,2014,86.33
13364,602,201411,2014,0.0
13367,608,201411,2014,31.6
13374,610,201411,2014,72.02
13377,613,201411,2014,7643.65
13520,84,201411,2014,403.28000000000003
13447,771,201411,2014,37.45
13455,791,201411,2014,109765.0
13307,569,201411,2014,258.95
13200,494,201411,2014,920.26
13205,497,201411,2014,293.85
15200,S2250,201411,2014,319.06
15220,S2289,201411,2014,445.9
15093,S2143,201411,2014,254.19
15293,S24,201411,2014,0.0
15303,S243,201411,2014,1050.71
15315,S249,201411,2014,2435.2599999999998
15049,S2110,201411,2014,105.99000000000001
13213,507,201411,2014,115.4
13226,518,201411,2014,17.6
13383,618,201411,2014,1151.56
13388,623,201411,2014,378.72
13389,624,201411,2014,601.6
13173,441,201411,2014,586.55
13177,446,201411,2014,3150.0
15261,S2334,201411,2014,141.5
15262,S234,201411,2014,13.5
15267,S2355,201411,2014,417.64
15269,S2358,201411,2014,137.44
15402,S302,201411,2014,620.55
15415,S312,201411,2014,1510.3700000000001
15429,S318,201411,2014,1090.21
15161,S2193,201411,2014,43.120000000000005
15175,S2206,201411,2014,13.5
13137,388,201411,2014,852.48
13078,297,201411,2014,0.0
13088,30,201411,2014,999.7900000000001
13269,545,201411,2014,1048.8
13274,550,201411,2014,32.64
13288,562,201411,2014,4870.0
13118,365,201411,2014,1165.8
12992,1895,201411,2014,13.5
13003,1898,201411,2014,496.5
15365,S297,201411,2014,44.65
15378,S299,201411,2014,1031.21
15390,S3,201411,2014,759.31
15576,S456,201411,2014,4455.0
15582,S458,201411,2014,64.1
15335,S262,201411,2014,183.3
15339,S266,201411,2014,43.8
13028,201,201411,2014,39.45
13032,2011,201411,2014,119.95
13040,2031,201411,2014,139.8
13049,226,201411,2014,1427.29
13238,526,201411,2014,1391.21
13249,534,201411,2014,1662.79
13161,440,201411,2014,327.75
12962,1850,201411,2014,263.04
12977,1863,201411,2014,1069.3
12990,1882,201411,2014,775.1
15516,S401,201411,2014,397.49
15667,S490,201411,2014,417.26
15669,S492,201411,2014,302.5
15432,S322,201411,2014,177.16
15442,S331,201411,2014,213.43
15345,S267,201411,2014,373.12
15353,S273,201411,2014,0.0
12895,1751,201411,2014,2303.0
12913,1769,201411,2014,4420.32
13096,327,201411,2014,0.0
13106,340,201411,2014,97.92
13111,349,201411,2014,225.20999999999998
13115,356,201411,2014,393.66
12863,1726,201411,2014,1672.3000000000002
12874,1729,201411,2014,47121.29
15550,S422,201411,2014,819.22
15553,S434,201411,2014,195.0
15683,S510,201411,2014,644.28
15695,S519,201411,2014,606.06
15469,S36,201411,2014,252.94
15473,S360,201411,2014,279.77
12884,1746,201411,2014,623.72
12779,16,201411,2014,461.0
12790,1602,201411,2014,5033.0
12802,1607,201411,2014,18737.52
12939,1803,201411,2014,21697.010000000002
12951,1827,201411,2014,456.21999999999997
12733,1512,201411,2014,1040.61
15638,S479,201411,2014,289.17
15645,S481,201411,2014,31.4
15648,S483,201411,2014,667.5
15657,S486,201411,2014,75.09
15664,S488,201411,2014,4594.89
16125,s414,201411,2014,1003.54
16132,s434,201411,2014,388.38
16134,s465,201411,2014,605.75
15587,S460,201411,2014,698.6899999999999
15595,S462,201411,2014,0.0
15610,S467,201411,2014,275.7
15705,S523,201411,2014,829.3199999999999
15707,S524,201411,2014,47.82
15708,S525,201411,2014,972.72
15677,S498,201411,2014,83.34
15723,S639,201411,2014,13.5
15731,S646,201411,2014,88.46
15736,S65,201411,2014,245.35
15696,S520,201411,2014,526.48
15697,S522,201411,2014,3455.54
16160,s654,201411,2014,1259.22
12759,1551,201411,2014,895.51
12768,1575,201411,2014,275.44
12682,1351,201411,2014,164.7
12691,136,201411,2014,3982.52
12927,1793,201411,2014,632.94
12846,1712,201411,2014,8445.65
12855,1718,201411,2014,355.02
12651,1225,201411,2014,64.68
16082,s257,201411,2014,493.1
16093,s260,201411,2014,448.0
16111,s3,201411,2014,145.53
16120,s410,201411,2014,3851.7200000000003
16021,s1873,201411,2014,679.4300000000001
16052,s2022,201411,2014,286.7
16146,s49,201411,2014,1089.81
12669,13,201411,2014,224.99
12671,131,201411,2014,465.12
12674,1320,201411,2014,0.0
12814,1616,201411,2014,6519.5
12828,170,201411,2014,3374.8
12717,1504,201411,2014,1506.24
12537,1079,201411,2014,983.02
12552,11,201411,2014,2520.84
15768,S67,201411,2014,1586.87
15775,S7,201411,2014,653.1
15778,S707,201411,2014,185.18
15788,S717,201411,2014,595.3100000000001
15817,S75,201411,2014,1082.79
15826,S751,201411,2014,418.25
15747,S654,201411,2014,13679.1
16061,s227,201411,2014,1279.72
16075,s236,201411,2014,65.78
12563,1119,201411,2014,43.05
12571,112,201411,2014,45.8
12583,1130,201411,2014,1802.0
12702,1408,201411,2014,19680.0
12705,1424,201411,2014,431.0
12638,12000,201411,2014,0.0
12499,1039,201411,2014,0.0
12506,1058,201411,2014,173.8
12525,1065,201411,2014,982.65
12606,116,201411,2014,3937.0
12616,1160,201411,2014,33556.5
12628,1187,201411,2014,789.98
12480,100,201411,2014,92.13
15983,s1212,201411,2014,125.64
15995,s140,201411,2014,230.54
16001,s149,201411,2014,218.43
16003,s1692,201411,2014,336.7
15883,S852,201411,2014,3462.96
15893,S860,201411,2014,1124.68
15901,S866,201411,2014,289.67
15754,S655,201411,2014,152.36
15759,S665,201411,2014,37.980000000000004
12492,1028,201411,2014,44482.7
15799,S723,201411,2014,190.5
15926,S902,201412,2014,2478.25
15902,S866,201412,2014,26.32
15894,S860,201412,2014,1041.3799999999999
15884,S852,201412,2014,1517.94
15960,S980,201412,2014,215.16
15846,S777,201412,2014,960.96
15850,S78,201412,2014,477.39
15769,S67,201412,2014,376.84000000000003
15755,S655,201412,2014,146.5
16041,s2004,201412,2014,1656.1000000000001
16022,s1873,201412,2014,738.51
16006,s1721,201412,2014,35.07
14925,S2014,201412,2014,0.0
14914,S2004,201412,2014,6200.83
14825,S1940,201412,2014,94.0
14818,S1936,201412,2014,127.8
12629,1187,201412,2014,1955.2
12514,106,201412,2014,68.31
12507,1058,201412,2014,4519.11
12500,1039,201412,2014,22188.57
12493,1028,201412,2014,32295.04
12572,112,201412,2014,1476.0
12538,1079,201412,2014,602.38
12526,1065,201412,2014,717.31
12481,100,201412,2014,87.42
15789,S717,201412,2014,70.47
15996,s140,201412,2014,1997.18
15985,s1325,201412,2014,1454.75
15984,s13,201412,2014,263.1
15974,s1075,201412,2014,27.16
15972,s0001,201412,2014,0.0
15941,S940,201412,2014,268.76
12791,1602,201412,2014,2001.6599999999999
12692,136,201412,2014,1357.04
12683,1351,201412,2014,807.35
12774,1598,201412,2014,48725.0
12760,1551,201412,2014,848.84
12748,1540,201412,2014,17226.75
15694,S516,201412,2014,2168.0
15693,S512,201412,2014,185.18
15684,S510,201412,2014,0.0
15678,S498,201412,2014,807.8
15671,S496,201412,2014,419.16
15709,S526,201412,2014,82.12
15706,S523,201412,2014,427.6
16141,s488,201412,2014,200.0
16114,s362,201412,2014,801.68
16112,s3,201412,2014,108.75
13023,2,201412,2014,137795.5
13004,1898,201412,2014,143.94
12885,1746,201412,2014,347.49
12875,1729,201412,2014,2412.5299999999997
12864,1726,201412,2014,426.90000000000003
12847,1712,201412,2014,400.5
12928,1793,201412,2014,1356.75
12914,1769,201412,2014,1270.8600000000001
16161,s654,201412,2014,348.69
15698,S522,201412,2014,256.26
12742,1530,201412,2014,8137.5
12734,1512,201412,2014,3347.7799999999997
12718,1504,201412,2014,884.94
12834,1704,201412,2014,277.74
12815,1616,201412,2014,17026.0
12803,1607,201412,2014,8352.1
13089,30,201412,2014,361.58
13073,273,201412,2014,448.2
13065,257,201412,2014,576.99
15619,S470,201412,2014,98.8
15611,S467,201412,2014,8258.73
15588,S460,201412,2014,58.83
15665,S488,201412,2014,7876.82
15651,S484,201412,2014,75.75999999999999
15646,S481,201412,2014,250.04999999999998
15632,S476,201412,2014,47.86
12991,1882,201412,2014,333.7
12978,1863,201412,2014,118.64
12963,1850,201412,2014,652.11
12952,1827,201412,2014,872.31
12940,1803,201412,2014,2722.0200000000004
13050,226,201412,2014,1247.27
13223,509,201412,2014,106.94
13201,494,201412,2014,441.82000000000005
13152,44,201412,2014,2889.81
13151,431,201412,2014,963.92
13145,417,201412,2014,42.62
13141,393,201412,2014,104.86
13138,388,201412,2014,691.62
13190,488,201412,2014,0.0
13189,477,201412,2014,1163.96
13185,471,201412,2014,1644.85
13174,441,201412,2014,1533.2
13162,440,201412,2014,447.75
13250,534,201412,2014,123.96
13239,526,201412,2014,0.0
13104,328,201412,2014,1905.05
13097,327,201412,2014,47.67
13443,767,201412,2014,147.54
13430,75,201412,2014,1410.66
13402,628,201412,2014,4116.0199999999995
15577,S456,201412,2014,7678.0
15567,S450,201412,2014,364.37
15564,S45,201412,2014,28.43
15551,S422,201412,2014,50.64
15534,S412,201412,2014,85.08
13308,569,201412,2014,292.07
13296,563,201412,2014,257.9
13275,550,201412,2014,82.91
13262,536,201412,2014,63.489999999999995
13257,535,201412,2014,2050.73
13382,616,201412,2014,421.56
13342,59,201412,2014,1228.97
13324,58,201412,2014,196.29
15443,S331,201412,2014,673.6
15430,S318,201412,2014,478.83000000000004
15416,S312,201412,2014,940.88
15403,S302,201412,2014,102.38
15517,S401,201412,2014,158.33
15491,S379,201412,2014,6572.6
15483,S365,201412,2014,85.1
13468,801,201412,2014,45915.5
13456,791,201412,2014,0.0
13521,84,201412,2014,1799.35
13509,829,201412,2014,0.0
13504,819,201412,2014,159.29000000000002
13492,81,201412,2014,546.73
13480,805,201412,2014,3058.0
13390,625,201412,2014,335.08
13386,621,201412,2014,87.78
13793,S1219,201412,2014,395.78
13786,S1212,201412,2014,2526.39
13767,S1203,201412,2014,209.3
13712,S118,201412,2014,54.68
13700,S1169,201412,2014,266.55
13682,S1145,201412,2014,239.34
13675,S1141,201412,2014,773.6
13614,S1021,201412,2014,490.15
13604,S1011,201412,2014,89.61
13588,S0001,201412,2014,0.0
13555,99,201412,2014,1538.87
13543,920,201412,2014,47.68
13532,90,201412,2014,309.81
13653,S1106,201412,2014,16.07
13569,IR4,201412,2014,97.07
13566,IR39,201412,2014,66.12
15334,S259,201412,2014,2067.4300000000003
15316,S249,201412,2014,84.67
15304,S243,201412,2014,3818.85
15294,S24,201412,2014,0.0
15391,S3,201412,2014,818.66
15379,S299,201412,2014,3138.7799999999997
15363,S289,201412,2014,21.42
15346,S267,201412,2014,182.43
13842,S1269,201412,2014,575.4100000000001
13830,S1265,201412,2014,1055.1
13815,S124,201412,2014,2118.16
13910,S1334,201412,2014,683.69
13749,S1193,201412,2014,169.89
13744,S1192,201412,2014,377.08
13724,S1186,201412,2014,1765.53
13802,S1222,201412,2014,634.66
14125,S1454,201412,2014,163.5
14018,S1432,201412,2014,281.64
14104,S1452,201412,2014,173.87
14086,S1447,201412,2014,98.68
14082,S1446,201412,2014,3974.45
14070,S1445,201412,2014,65.9
14068,S1442,201412,2014,1071.85
14053,S1438,201412,2014,74.77000000000001
14041,S1435,201412,2014,9.8
14029,S1434,201412,2014,82.75
13987,S1392,201412,2014,95.0
13974,S1378,201412,2014,138.55
13900,S1325,201412,2014,2230.5299999999997
13866,S1297,201412,2014,89.43
13945,S1361,201412,2014,3833.79
13917,S1341,201412,2014,12.99
15176,S2206,201412,2014,5612.15
15162,S2193,201412,2014,455.84
15281,S236,201412,2014,1644.76
15268,S2355,201412,2014,0.0
15250,S2322,201412,2014,36.5
15240,S2313,201412,2014,74.66
14209,S1489,201412,2014,113.71
14203,S1488,201412,2014,13.5
14198,S1487,201412,2014,245.84
14186,S1484,201412,2014,13.5
14249,S1512,201412,2014,67.9
14243,S1504,201412,2014,2036.06
14169,S1478,201412,2014,83.58
14147,S1463,201412,2014,13.5
14145,S1462,201412,2014,240.32
14130,S1456,201412,2014,253.89
14423,S1606,201412,2014,198.7
14312,S153,201412,2014,413.44
14297,S1527,201412,2014,273.55
14273,S1520,201412,2014,319.57
14269,S1518,201412,2014,300.0
14384,S1575,201412,2014,728.64
14342,S154,201412,2014,220.35
15126,S2161,201412,2014,255.3
15105,S2144,201412,2014,668.4399999999999
15094,S2143,201412,2014,544.72
14234,S1502,201412,2014,526.3
14229,S15,201412,2014,375.0
14217,S1498,201412,2014,107.02000000000001
15232,S230,201412,2014,547.15
15211,S2266,201412,2014,362.72
15192,S2246,201412,2014,101.4
14523,S1696,201412,2014,401.97
14503,S1693,201412,2014,71.8
14597,S1745,201412,2014,106.63
14587,S1736,201412,2014,12175.02
14570,S1730,201412,2014,1534.18
14554,S1721,201412,2014,66.48
14460,S1637,201412,2014,13.5
14454,S1630,201412,2014,109.99
14441,S1625,201412,2014,282.76
14411,S1594,201412,2014,258.19
14404,S158,201412,2014,1668.13
14393,S1579,201412,2014,68.06
14336,S1539,201412,2014,267.12
14436,S1624,201412,2014,52.66
14434,S1622,201412,2014,82.74
14431,S1619,201412,2014,873.96
15070,S2121,201412,2014,225.54
15067,S2118,201412,2014,124.57
15036,S21,201412,2014,93.57
14726,S185,201412,2014,169.64
14714,S1846,201412,2014,400.26
14706,S184,201412,2014,341.2
14702,S1818,201412,2014,0.0
14763,S1888,201412,2014,52.21
14762,S1883,201412,2014,191.44
14750,S1868,201412,2014,0.0
14743,S1861,201412,2014,154.16
14633,S1756,201412,2014,348.5
14609,S1751,201412,2014,4532.56
14692,S1816,201412,2014,104.15
14664,S1792,201412,2014,659.83
14530,S1703,201412,2014,369.42
14817,S1932,201412,2014,13.5
14871,S1982,201412,2014,129.9
14859,S1979,201412,2014,369.2
14851,S1971,201412,2014,1462.56
14902,S2003,201412,2014,183.86
14888,S1993,201412,2014,523.98
14958,S2037,201412,2014,148.65
14940,S2024,201412,2014,504.18000000000006
15030,S2090,201412,2014,495.33000000000004
15022,S2085,201412,2014,804.78
15017,S2081,201412,2014,71.6
15009,S2079,201412,2014,279.0
15005,S2078,201412,2014,30.1
14996,S2070,201412,2014,1038.8500000000001
14975,S2046,201412,2014,34.61
15080,S213,201412,2014,39.06
16108,s293,201412,2014,243.75
16083,s257,201412,2014,322.2
16076,s236,201412,2014,198.68
16062,s227,201412,2014,273.24
15748,S654,201412,2014,7302.96
15732,S646,201412,2014,84.2
15724,S639,201412,2014,633.8199999999999
15719,S607,201412,2014,879.38
12670,13,201412,2014,584.68
12639,12000,201412,2014,97.89
12693,1368,201412,2014,5119.19
12623,1186,201412,2014,1240.8
12617,1160,201412,2014,7875.0
12595,115,201412,2014,24126.440000000002
12589,1144,201412,2014,451.0
12584,1130,201412,2014,6850.03
15800,S723,201412,2014,977.9
15818,S75,201412,2014,73.39
15836,S763,201412,2014,127.11
15967,S995,201412,2014,0.0
18419,S1956,201510,2015,80.06
18047,S1637,201510,2015,13.5
18039,S1629,201510,2015,993.6
19797,s488,201510,2015,655.62
19786,s47,201510,2015,255.0
19829,s654,201510,2015,81.0
19336,S593,201510,2015,14.76
19332,S591,201510,2015,449.73
19331,S589,201510,2015,307.64
19812,s545,201510,2015,250.0
18053,S1646,201510,2015,216.98999999999998
19391,S654,201510,2015,8703.39
19375,S648,201510,2015,251.53
19352,S607,201510,2015,94.34
17706,S1462,201510,2015,608.5
18882,S259,201510,2015,5192.58
17491,S1325,201510,2015,1324.56
17482,S1320,201510,2015,438.78999999999996
19327,S585,201510,2015,302.21999999999997
19325,S583,201510,2015,17912.579999999998
19318,S573,201510,2015,399.7
18025,S1619,201510,2015,463.26
18016,S1614,201510,2015,1075.42
18007,S1609,201510,2015,221.79
18002,S1602,201510,2015,59.05
18106,S1696,201510,2015,1936.06
19343,S602,201510,2015,10.5
19340,S60,201510,2015,71.64
17985,S158,201510,2015,672.85
19773,s414,201510,2015,332.83
18034,S1625,201510,2015,8198.81
19779,s434,201510,2015,196.66000000000003
16245,11,201510,2015,1240.16
19637,s140,201510,2015,794.08
19626,s1212,201510,2015,52.14
19618,s1168,201510,2015,511.27
16721,273,201510,2015,604.8
16718,257,201510,2015,379.37
16714,255,201510,2015,1468.28
18086,S1693,201510,2015,84.9
18065,S1668,201510,2015,265.26
18057,S1664,201510,2015,158.96
17998,S1598,201510,2015,564.05
16670,1898,201510,2015,548.31
16656,1882,201510,2015,780.34
16587,1769,201510,2015,207.8
16623,1827,201510,2015,823.11
16644,1863,201510,2015,0.0
16228,1079,201510,2015,292.34000000000003
16216,1065,201510,2015,1479.93
16205,106,201510,2015,138.13
19681,s2004,201510,2015,13984.42
16830,477,201510,2015,1296.0
16578,1758,201510,2015,1501.15
16572,1751,201510,2015,818.72
16564,1746,201510,2015,845.4300000000001
16552,1729,201510,2015,11020.66
16540,1726,201510,2015,2703.7
19452,S763,201510,2015,302.77
16732,30,201510,2015,4452.73
17552,S1364,201510,2015,13.56
18434,S1971,201510,2015,685.0699999999999
18546,S2037,201510,2015,130.12
16255,1119,201510,2015,313.39
18481,S1993,201510,2015,331.1
17456,S1269,201510,2015,1129.11
18471,S1983,201510,2015,244.36
16791,430,201510,2015,618.5
16778,388,201510,2015,715.94
16704,2055,201510,2015,157.2
16757,349,201510,2015,692.87
19316,S567,201510,2015,1889.33
19305,S553,201510,2015,1306.68
19299,S549,201510,2015,76.8
19284,S543,201510,2015,442.1
19596,S980,201510,2015,98.7
19587,S964,201510,2015,191.43
16237,1082,201510,2015,6640.0
18404,S193,201510,2015,408.65999999999997
17541,S1361,201510,2015,15327.33
16266,112,201510,2015,125.95
17443,S1265,201510,2015,678.6800000000001
17418,S1224,201510,2015,437.90999999999997
19244,S524,201510,2015,174.5
17956,S1564,201510,2015,92.44
17950,S156,201510,2015,1158.42
17939,S1557,201510,2015,39.08
17926,S1542,201510,2015,451.46000000000004
16823,471,201510,2015,285.0
16798,431,201510,2015,74.5
18451,S1981,201510,2015,354.31
18447,S1979,201510,2015,166.5
17461,S1273,201510,2015,92.72
18514,S2014,201510,2015,63.8
18509,S2011,201510,2015,90.33
18498,S2004,201510,2015,33945.39
17638,S1437,201510,2015,93.67
17634,S1435,201510,2015,1346.73
17623,S1434,201510,2015,38.97
19184,S488,201510,2015,16105.15
19170,S484,201510,2015,199.25
19214,S510,201510,2015,319.45
16853,503,201510,2015,32.08
16876,526,201510,2015,0.0
16864,509,201510,2015,1461.6
16857,507,201510,2015,652.44
18462,S1982,201510,2015,201.44
18409,S1939,201510,2015,4761.15
18408,S1932,201510,2015,1918.8600000000001
16306,1160,201510,2015,32210.480000000003
16300,116,201510,2015,39.37
16277,1130,201510,2015,2607.6
17357,S1190,201510,2015,1160.71
18667,S2144,201510,2015,128.25
18605,S2090,201510,2015,85.06
16526,1712,201510,2015,20120.75
16516,1709,201510,2015,16.67
17864,S1526,201510,2015,470.65
17850,S1521,201510,2015,48.870000000000005
19229,S513,201510,2015,13.5
18147,S1720,201510,2015,629.23
18141,S1712,201510,2015,38.6
18120,S1702,201510,2015,236.44
19224,S512,201510,2015,1553.47
17413,S1222,201510,2015,254.9
18531,S2024,201510,2015,1024.56
17613,S1432,201510,2015,611.81
17573,S1376,201510,2015,748.33
18389,S1920,201510,2015,2259.13
19150,S479,201510,2015,102.2
19136,S475,201510,2015,180.69
19164,S481,201510,2015,795.42
19157,S480,201510,2015,23.95
16886,534,201510,2015,545.9200000000001
19441,S751,201510,2015,92.72
19427,S749,201510,2015,55.48
19411,S70,201510,2015,354.18
19407,S67,201510,2015,893.4
16532,1718,201510,2015,91.91
18557,S2046,201510,2015,237.7
18695,S2177,201510,2015,218.71
18685,S2161,201510,2015,228.12
17393,S1212,201510,2015,5453.2
17372,S1198,201510,2015,2568.0
16971,607,201510,2015,0.0
16960,59,201510,2015,0.0
18198,S1737,201510,2015,353.04
18191,S1736,201510,2015,6028.63
18174,S1730,201510,2015,5762.71
18163,S1723,201510,2015,1744.2
17916,S1540,201510,2015,295.5
17909,S1539,201510,2015,355.4
17898,S1534,201510,2015,58.86
18583,S2078,201510,2015,74.31
18563,S2052,201510,2015,150.38
18362,S1886,201510,2015,186.1
18360,S1883,201510,2015,2030.4
18351,S1882,201510,2015,103.5
18346,S1872,201510,2015,97.69
18344,S1871,201510,2015,271.86
17282,S1106,201510,2015,276.9
16925,562,201510,2015,6380.0
16502,170,201510,2015,1547.88
19134,S474,201510,2015,170.4
19123,S471,201510,2015,258.0
19203,S496,201510,2015,126.0
16912,550,201510,2015,10001.0
16897,535,201510,2015,328.45
18614,S2108,201510,2015,79.67
16349,13,201510,2015,448.73
16337,1270,201510,2015,149.48000000000002
16324,12000,201510,2015,1764.3799999999999
18676,S2158,201510,2015,549.26
17345,S1186,201510,2015,1162.8
17334,S1182,201510,2015,73.1
17329,S118,201510,2015,3716.2400000000002
18383,S1916,201510,2015,592.5
19115,S467,201510,2015,36836.05
19100,S462,201510,2015,74.2
17830,S1504,201510,2015,1244.81
17823,S1501,201510,2015,294.36
17820,S1500,201510,2015,460.37
17809,S15,201510,2015,507.74
17894,S1532,201510,2015,279.6
17874,S1527,201510,2015,5011.14
16946,58,201510,2015,221.56
18659,S2143,201510,2015,775.7
18733,S223,201510,2015,485.48999999999995
18732,S2225,201510,2015,30.36
18721,S2193,201510,2015,1632.99
17312,S1168,201510,2015,2574.98
17296,S1141,201510,2015,45.5
19540,S888,201510,2015,70.0
19514,S860,201510,2015,166.08
19017,S384,201510,2015,81.45
18991,S36,201510,2015,1009.01
17797,S1498,201510,2015,203.8
16490,1616,201510,2015,5491.9
16477,1607,201510,2015,20144.4
16465,1602,201510,2015,3882.15
19095,S460,201510,2015,390.36
17275,S108,201510,2015,381.57
17261,S1027,201510,2015,112.35
17652,S1442,201510,2015,1999.27
18316,S1858,201510,2015,195.3
18310,S185,201510,2015,1293.44
17699,S1459,201510,2015,124.62
17666,S1446,201510,2015,252.0
19068,S453,201510,2015,619.9100000000001
19064,S45,201510,2015,138.89000000000001
18969,S335,201510,2015,40.379999999999995
16978,608,201510,2015,112.2
16453,1598,201510,2015,6260.0
16440,1551,201510,2015,2148.39
19505,S852,201510,2015,592.65
19061,S443,201510,2015,734.3
19033,S399,201510,2015,29.16
19023,S385,201510,2015,28.89
18748,S2250,201510,2015,219.07
18739,S2246,201510,2015,257.17
17230,S0001,201510,2015,0.0
17219,IR81,201510,2015,460.02
17208,IR39,201510,2015,27.97
19557,S902,201510,2015,8397.48
19694,s2022,201510,2015,267.36
17785,S1494,201510,2015,343.35
17780,S1489,201510,2015,521.6600000000001
17776,S1488,201510,2015,12.4
17771,S1487,201510,2015,652.51
18272,S181,201510,2015,32.879999999999995
17007,628,201510,2015,96067.45
16992,618,201510,2015,1881.78
16368,136,201510,2015,409.74
18767,S2290,201510,2015,25.42
18368,S19,201510,2015,152.70999999999998
19663,s1873,201510,2015,1020.05
19653,s1849,201510,2015,62.83
19650,s1721,201510,2015,73.05
16184,1028,201510,2015,19222.15
19078,S456,201510,2015,15212.45
17068,67,201510,2015,1084.45
18963,S326,201510,2015,259.78
18962,S324,201510,2015,123.14999999999999
18957,S318,201510,2015,97.7
18947,S312,201510,2015,727.7
18933,S302,201510,2015,22.9
18923,S3,201510,2015,157.77
19007,S365,201510,2015,83.53
18760,S2282,201510,2015,810.0
18713,S2191,201510,2015,381.12
17244,S1011,201510,2015,350.13
17197,IR11,201510,2015,3430.89
17184,920,201510,2015,6127.35
18789,S2316,201510,2015,509.31
17041,648,201510,2015,0.0
17033,644,201510,2015,327.97
16414,1512,201510,2015,1555.1599999999999
18268,S1802,201510,2015,680.0
18262,S1792,201510,2015,4082.1499999999996
18249,S1777,201510,2015,289.06
18240,S1761,201510,2015,290.4
18237,S1759,201510,2015,127.1
18231,S1756,201510,2015,790.68
18980,S351,201510,2015,94.3
18778,S230,201510,2015,22.99
18773,S23,201510,2015,474.9
17763,S1484,201510,2015,83.46
17756,S1482,201510,2015,1487.2
17740,S1479,201510,2015,143.35
17739,S1478,201510,2015,88.5
18831,S236,201510,2015,3377.7799999999997
17083,75,201510,2015,1568.24
17057,665,201510,2015,1015.2
17055,663,201510,2015,1314.04
17053,661,201510,2015,508.6
17052,660,201510,2015,35134.58
19483,S816,201510,2015,452.94
19463,S777,201510,2015,758.86
16429,1540,201510,2015,8292.6
18813,S2352,201510,2015,312.9
18803,S2334,201510,2015,86.66
19565,S92,201510,2015,81.38
17164,84,201510,2015,271.68
17150,819,201510,2015,104.65
17141,81,201510,2015,226.85999999999999
18848,S243,201510,2015,1643.09
18843,S24,201510,2015,19.23
16421,1515,201510,2015,12437.5
18865,S249,201510,2015,1284.9
17129,805,201510,2015,4868.62
17117,801,201510,2015,1124.28
17105,791,201510,2015,3705.65
17093,767,201510,2015,198.74
16399,1504,201510,2015,1693.3899999999999
16384,1408,201510,2015,20200.0
17722,S1469,201510,2015,258.78
19749,s293,201510,2015,989.28
19736,s260,201510,2015,2043.78
19731,s26,201510,2015,371.0
19713,s2311,201510,2015,580.05
18912,S299,201510,2015,371.77
18903,S289,201510,2015,243.4
18890,S267,201510,2015,328.14
17058,667,201510,2015,89.82
16632,1850,201510,2015,543.96
19355,S626,201510,2015,96.3
16702,205,201510,2015,339.52
16701,2031,201510,2015,76.11
16690,2000,201510,2015,185.38
16689,2,201510,2015,9636.8
19329,S587,201510,2015,100.66
16611,1803,201510,2015,19834.28
18095,S1694,201510,2015,83.61
19808,s538,201510,2015,1119.18
17476,S1297,201510,2015,110.05
17468,S1294,201510,2015,360.24
17529,S1354,201510,2015,429.6
17515,S1348,201510,2015,375.19
17507,S1341,201510,2015,344.31
17500,S1334,201510,2015,723.0999999999999
18030,S1623,201510,2015,92.72
19756,s3,201510,2015,96.1
18421,S1957,201511,2015,35.0
18026,S1619,201511,2015,28.66
19750,s293,201511,2015,1745.58
18418,S1952,201511,2015,106.69999999999999
19816,s567,201511,2015,1462.7
19813,s545,201511,2015,1558.6
19830,s654,201511,2015,564.22
16612,1803,201511,2015,39877.05
19809,s538,201511,2015,11.3
16599,1793,201511,2015,3385.07
19392,S654,201511,2015,11998.23
19376,S648,201511,2015,667.12
19360,S632,201511,2015,358.90000000000003
19358,S629,201511,2015,38066.3
19353,S607,201511,2015,62.56
16624,1827,201511,2015,216.02
17716,S1465,201511,2015,578.48
17707,S1462,201511,2015,1102.92
17700,S1459,201511,2015,15.389999999999999
18883,S259,201511,2015,2168.68
18866,S249,201511,2015,360.78
17084,75,201511,2015,1148.45
17118,801,201511,2015,32212.010000000002
17106,791,201511,2015,18380.88
17098,771,201511,2015,50.8
17094,767,201511,2015,178.82
16385,1408,201511,2015,20200.0
16400,1504,201511,2015,1317.75
17732,S1473,201511,2015,493.24
17719,S1468,201511,2015,105.66
19721,s236,201511,2015,93.65
19714,s2311,201511,2015,38.67
19709,s2281,201511,2015,373.0
19702,s2265,201511,2015,1127.01
18887,S266,201511,2015,61.52
17059,668,201511,2015,105.44999999999999
17056,664,201511,2015,0.0
19484,S816,201511,2015,189.8
19464,S777,201511,2015,3876.89
18814,S2352,201511,2015,2586.0
18804,S2334,201511,2015,86.5
19566,S92,201511,2015,115.67999999999999
19558,S902,201511,2015,3259.3199999999997
17165,84,201511,2015,1127.99
17151,819,201511,2015,407.62
17142,81,201511,2015,496.26
17130,805,201511,2015,18211.78
16415,1512,201511,2015,2617.8300000000004
16405,1506,201511,2015,1196.88
18263,S1792,201511,2015,3881.13
18252,S1790,201511,2015,442.1
18238,S1759,201511,2015,287.4
18232,S1756,201511,2015,24.15
17798,S1498,201511,2015,356.28000000000003
18770,S2291,201511,2015,29.9
18768,S2290,201511,2015,183.9
18342,S1868,201511,2015,818.42
18335,S1861,201511,2015,228.4
18326,S1859,201511,2015,318.56
17757,S1482,201511,2015,297.44
17747,S1480,201511,2015,1140.0
18832,S236,201511,2015,3936.83
18821,S2355,201511,2015,105.06
18977,S345,201511,2015,47.57
17069,67,201511,2015,838.14
18964,S326,201511,2015,1233.26
18958,S318,201511,2015,1668.6
18924,S3,201511,2015,802.9000000000001
18982,S359,201511,2015,51.37
19013,S38,201511,2015,105.5
17245,S1011,201511,2015,633.1800000000001
18849,S243,201511,2015,468.55
17174,90,201511,2015,302.1
17170,86,201511,2015,48.1
17201,IR38,201511,2015,180.9
17200,IR27,201511,2015,49.5
17198,IR11,201511,2015,0.0
17192,99,201511,2015,6532.84
17185,920,201511,2015,1370.0
18779,S230,201511,2015,111.48
17034,644,201511,2015,132.38
17781,S1489,201511,2015,371.67
17844,S1518,201511,2015,109.66
17831,S1504,201511,2015,1245.8600000000001
17008,628,201511,2015,11597.970000000001
16996,621,201511,2015,6245.15
19574,S938,201511,2015,66.15
19570,S921,201511,2015,118.5
16358,1351,201511,2015,315.8
19671,s1977,201511,2015,346.20000000000005
19654,s1849,201511,2015,142.35
19643,s149,201511,2015,161.5
19638,s140,201511,2015,164.16
16196,1039,201511,2015,3452.58
16185,1028,201511,2015,46290.37
16441,1551,201511,2015,724.26
19506,S852,201511,2015,4919.08
19495,S84,201511,2015,127.92
19062,S443,201511,2015,123.0
19037,S401,201511,2015,70.98
18749,S2250,201511,2015,556.82
18740,S2246,201511,2015,109.5
17231,S0001,201511,2015,0.0
17214,IR4,201511,2015,255.65
17209,IR39,201511,2015,24.0
19541,S888,201511,2015,594.4
19533,S870,201511,2015,87.5
19527,S866,201511,2015,64.78
18992,S36,201511,2015,2068.66
16491,1616,201511,2015,23593.96
16478,1607,201511,2015,11107.81
16466,1602,201511,2015,2083.4
16455,16,201511,2015,52.06
19087,S459,201511,2015,197.54999999999998
19085,S458,201511,2015,280.0
19079,S456,201511,2015,11718.0
19096,S460,201511,2015,474.5
17270,S1069,201511,2015,303.25
17255,S1021,201511,2015,269.32
16350,13,201511,2015,672.19
17653,S1442,201511,2015,4862.59
18311,S185,201511,2015,371.55
18295,S1818,201511,2015,648.22
18285,S1815,201511,2015,33.88
18279,S1813,201511,2015,59.36
19116,S467,201511,2015,34949.78
16982,610,201511,2015,31.74
16947,58,201511,2015,740.85
17821,S1500,201511,2015,496.27
17810,S15,201511,2015,258.16
17887,S1531,201511,2015,1959.72
17875,S1527,201511,2015,2097.96
17323,S1179,201511,2015,34.33
18660,S2143,201511,2015,327.06
17614,S1432,201511,2015,447.63
18730,S2206,201511,2015,1013.76
18722,S2193,201511,2015,49.46000000000001
18714,S2191,201511,2015,1005.47
17313,S1168,201511,2015,24.92
17303,S1145,201511,2015,308.0
17297,S1141,201511,2015,32.0
16935,569,201511,2015,60.72
16503,170,201511,2015,3245.7799999999997
19135,S474,201511,2015,99.22
19127,S473,201511,2015,2064.8
16918,56,201511,2015,33.33
16913,550,201511,2015,2055.0
16905,540,201511,2015,35.16
16902,536,201511,2015,413.7
16898,535,201511,2015,578.64
18625,S2116,201511,2015,282.18
18703,S219,201511,2015,49.93
18697,S2179,201511,2015,42.22
16338,1270,201511,2015,442.89
16325,12000,201511,2015,64021.32
18668,S2144,201511,2015,368.2
17335,S1182,201511,2015,474.99
17330,S118,201511,2015,2635.68
16887,534,201511,2015,6383.49
16961,59,201511,2015,371.09999999999997
18201,S1739,201511,2015,663.22
18192,S1736,201511,2015,10600.52
18175,S1730,201511,2015,6203.01
17910,S1539,201511,2015,15.16
16514,1704,201511,2015,1221.6599999999999
18571,S2070,201511,2015,1204.7
18560,S2050,201511,2015,40.52
18361,S1883,201511,2015,398.4
18352,S1882,201511,2015,648.4200000000001
18390,S1920,201511,2015,156.99
18384,S1916,201511,2015,265.52
18392,S1923,201511,2015,49.93
18636,S2118,201511,2015,333.21
19154,S48,201511,2015,1515.14
19151,S479,201511,2015,102.55
16877,526,201511,2015,188.57
19418,S723,201511,2015,142.53
19408,S67,201511,2015,631.13
16527,1712,201511,2015,2473.38
17404,S122,201511,2015,2049.7200000000003
17403,S1219,201511,2015,640.4100000000001
17394,S1212,201511,2015,3417.67
17366,S1193,201511,2015,41.9
17358,S1190,201511,2015,45.76
17346,S1186,201511,2015,715.26
18591,S2081,201511,2015,108.35
18584,S2078,201511,2015,524.2
18142,S1712,201511,2015,322.85
18131,S1706,201511,2015,252.0
18119,S17,201511,2015,465.38
18117,S1699,201511,2015,662.28
18107,S1696,201511,2015,138.42
19225,S512,201511,2015,476.25
19195,S492,201511,2015,3368.12
18606,S2090,201511,2015,430.0
18515,S2014,201511,2015,264.0
17603,S1425,201511,2015,334.0
17595,S1402,201511,2015,102.26
17588,S139,201511,2015,780.65
17559,S1367,201511,2015,477.94
17643,S1438,201511,2015,26.67
17635,S1435,201511,2015,717.0699999999999
17624,S1434,201511,2015,8.8
19189,S489,201511,2015,46.57
19185,S488,201511,2015,11668.22
16768,384,201511,2015,4380.0
19215,S510,201511,2015,70.58
19205,S498,201511,2015,324.72
16844,494,201511,2015,139.05
16831,477,201511,2015,8379.4
16865,509,201511,2015,13.5
16854,503,201511,2015,121.3
18452,S1981,201511,2015,474.58
16307,1160,201511,2015,2185.7
16285,1144,201511,2015,499.5
16278,1130,201511,2015,5316.92
16256,1119,201511,2015,522.47
17428,S124,201511,2015,53.7
17414,S1222,201511,2015,535.7
19245,S524,201511,2015,54.21
19236,S516,201511,2015,231.3
19230,S513,201511,2015,589.1899999999999
17968,S1577,201511,2015,13.5
17951,S156,201511,2015,375.0
17930,S1546,201511,2015,99.25
17928,S1545,201511,2015,142.74
17927,S1542,201511,2015,224.74
17917,S1540,201511,2015,112.96
18448,S1979,201511,2015,102.78
18510,S2011,201511,2015,102.2
18499,S2004,201511,2015,39056.3
18482,S1993,201511,2015,479.28
17457,S1269,201511,2015,84.12
17444,S1265,201511,2015,1906.97
18463,S1982,201511,2015,0.0
16792,430,201511,2015,290.33000000000004
16779,388,201511,2015,344.68
16758,349,201511,2015,71.8
16736,311,201511,2015,1099.2
16733,30,201511,2015,5757.599999999999
19306,S553,201511,2015,967.6099999999999
19300,S549,201511,2015,284.7
19292,S545,201511,2015,2209.7
19588,S964,201511,2015,0.0
18396,S1927,201511,2015,116.36
17542,S1361,201511,2015,4060.38
16229,1079,201511,2015,312.5
16217,1065,201511,2015,883.1800000000001
16206,106,201511,2015,50.48
19682,s2004,201511,2015,1206.62
19269,S535,201511,2015,333.94
18222,S1755,201511,2015,786.54
17974,S1579,201511,2015,42.26
16573,1751,201511,2015,4606.0
16553,1729,201511,2015,6902.01
16541,1726,201511,2015,1565.3
19453,S763,201511,2015,1208.23
19250,S525,201511,2015,606.88
17553,S1364,201511,2015,324.07
18435,S1971,201511,2015,4251.9
18551,S2041,201511,2015,58.5
18532,S2024,201511,2015,142.53
16246,11,201511,2015,831.83
19627,s1212,201511,2015,1193.6599999999999
19617,s110,201511,2015,184.8
19609,s0001,201511,2015,0.0
16715,255,201511,2015,6813.54
18082,S1676,201511,2015,475.32
18068,S167,201511,2015,216.51999999999998
17994,S1592,201511,2015,255.66000000000003
17992,S159,201511,2015,26.43
17986,S158,201511,2015,164.84
16677,1903,201511,2015,83.36
16671,1898,201511,2015,0.0
16657,1882,201511,2015,245.85
16588,1769,201511,2015,420.99
16636,1856,201511,2015,79.62
16633,1850,201511,2015,349.5
19356,S627,201511,2015,2065.0
19780,s434,201511,2015,10.14
18472,S1983,201511,2015,474.78
17530,S1354,201511,2015,1144.1399999999999
17508,S1341,201511,2015,13.5
17501,S1334,201511,2015,898.44
18157,S1721,201511,2015,1305.5
18054,S1646,201511,2015,226.06
18008,S1609,201511,2015,620.0
18096,S1694,201511,2015,172.10000000000002
19341,S60,201511,2015,53.32
19337,S594,201511,2015,7857.200000000001
19774,s414,201511,2015,168.51999999999998
19344,S602,201511,2015,17.16
19757,s312,201511,2015,289.37
18035,S1625,201511,2015,4127.92
19751,s293,201512,2015,1865.32
19760,s362,201512,2015,98.01
19764,s396,201512,2015,35.1
19769,s410,201512,2015,2269.35
19781,s434,201512,2015,471.02
19831,s654,201512,2015,797.53
19814,s545,201512,2015,1795.8999999999999
19819,s618,201512,2015,22.21
19783,s456,201512,2015,4468.0599999999995
19798,s488,201512,2015,7570.02
18043,S1630,201512,2015,260.64
18412,S1940,201512,2015,602.98
18436,S1971,201512,2015,1418.56
17502,S1334,201512,2015,468.2
17531,S1354,201512,2015,1479.25
17477,S1297,201512,2015,1085.63
19610,s0001,201512,2015,0.0
19628,s1212,201512,2015,131.38
16247,11,201512,2015,350.11
18449,S1979,201512,2015,699.01
16218,1065,201512,2015,827.16
17543,S1361,201512,2015,2914.75
18453,S1981,201512,2015,191.8
18464,S1982,201512,2015,35.71
17445,S1265,201512,2015,697.5500000000001
17458,S1269,201512,2015,624.03
18500,S2004,201512,2015,20963.38
18511,S2011,201512,2015,492.84000000000003
17415,S1222,201512,2015,816.53
17429,S124,201512,2015,65.38
16257,1119,201512,2015,385.03
16267,112,201512,2015,194.87
16279,1130,201512,2015,1450.96
17395,S1212,201512,2015,2226.61
18552,S2041,201512,2015,668.08
18558,S2046,201512,2015,98.9
17625,S1434,201512,2015,39.47
17636,S1435,201512,2015,450.61
17560,S1367,201512,2015,270.48
17580,S1378,201512,2015,299.0
18577,S2072,201512,2015,60.99
18592,S2081,201512,2015,11.88
17347,S1186,201512,2015,1377.68
17359,S1190,201512,2015,1491.56
17367,S1193,201512,2015,149.91
17383,S1206,201512,2015,182.26
18686,S2161,201512,2015,949.96
18607,S2090,201512,2015,366.95
18610,S21,201512,2015,81.23
18626,S2116,201512,2015,282.18
18637,S2118,201512,2015,271.9
18385,S1916,201512,2015,281.26
18343,S1868,201512,2015,676.82
18353,S1882,201512,2015,1196.85
17615,S1432,201512,2015,474.5
18647,S2133,201512,2015,402.64
18661,S2143,201512,2015,53.5
17336,S1182,201512,2015,713.99
16308,1160,201512,2015,43624.58
16326,12000,201512,2015,4171.78
16328,121,201512,2015,707.45
16339,1270,201512,2015,17.1
17271,S1069,201512,2015,61.84
17283,S1106,201512,2015,96.0
17314,S1168,201512,2015,84.11
17317,S1169,201512,2015,528.36
18715,S2191,201512,2015,1074.75
18731,S2206,201512,2015,101.38
18373,S1905,201512,2015,2763.57
17654,S1442,201512,2015,2669.04
17667,S1446,201512,2015,1052.44
18296,S1818,201512,2015,280.0
18312,S185,201512,2015,920.0
16351,13,201512,2015,11.66
19571,S921,201512,2015,4.4
19507,S852,201512,2015,331.68
19542,S888,201512,2015,51.9
19545,S89,201512,2015,180.44
17210,IR39,201512,2015,818.0699999999999
17232,S0001,201512,2015,0.0
17235,S1008,201512,2015,23.56
17246,S1011,201512,2015,22.43
18754,S226,201512,2015,92.72
18764,S2289,201512,2015,375.15999999999997
16186,1028,201512,2015,75733.22
19639,s140,201512,2015,384.17
19644,s149,201512,2015,53.5
19664,s1873,201512,2015,518.72
18363,S1886,201512,2015,95.81
18769,S2290,201512,2015,48.36
18774,S23,201512,2015,13.5
17186,920,201512,2015,1990.0
17193,99,201512,2015,8058.3
17172,89,201512,2015,158.49
18850,S243,201512,2015,904.48
18815,S2352,201512,2015,4097.8
18833,S236,201512,2015,905.1700000000001
17748,S1480,201512,2015,160.8
18317,S1858,201512,2015,64.45
18327,S1859,201512,2015,3024.4700000000003
17131,805,201512,2015,3177.7200000000003
17143,81,201512,2015,434.15
17152,819,201512,2015,79.82
17166,84,201512,2015,450.58
17168,85,201512,2015,25.26
19559,S902,201512,2015,2699.88
16369,136,201512,2015,0.0
17085,75,201512,2015,653.1700000000001
17095,767,201512,2015,235.06
17107,791,201512,2015,930.72
17119,801,201512,2015,10236.33
18855,S247,201512,2015,0.0
18867,S249,201512,2015,1426.71
18871,S25,201512,2015,121.0
18884,S259,201512,2015,73.9
18913,S299,201512,2015,542.62
19695,s2022,201512,2015,643.1800000000001
19703,s2265,201512,2015,346.5
19722,s236,201512,2015,255.66
19741,s288,201512,2015,95.64
17734,S1474,201512,2015,98.54
16406,1506,201512,2015,1012.05
16416,1512,201512,2015,362.94
16430,1540,201512,2015,17164.25
19454,S763,201512,2015,270.78000000000003
19465,S777,201512,2015,1613.04
19475,S798,201512,2015,91.14
17060,669,201512,2015,3863.25
17070,67,201512,2015,33.33
17071,671,201512,2015,960.62
18978,S345,201512,2015,35.0
18239,S1759,201512,2015,231.19
18241,S1761,201512,2015,110.3
18264,S1792,201512,2015,599.5600000000001
19683,s2004,201512,2015,2415.94
18981,S357,201512,2015,144.52
17009,628,201512,2015,713.59
17035,644,201512,2015,618.8
17051,659,201512,2015,1908.0
18993,S36,201512,2015,170.44
18925,S3,201512,2015,2998.44
18965,S326,201512,2015,688.04
16983,610,201512,2015,66.66
16993,618,201512,2015,12653.71
17832,S1504,201512,2015,668.44
17833,S1511,201512,2015,330.86
17835,S1513,201512,2015,1450.0
17846,S1520,201512,2015,96.2
17772,S1487,201512,2015,381.52
17786,S1494,201512,2015,44.28
17790,S1497,201512,2015,232.78
19026,S386,201512,2015,46.2
19055,S438,201512,2015,79.01
19056,S439,201512,2015,159.3
19063,S443,201512,2015,330.0
19485,S816,201512,2015,379.6
19117,S467,201512,2015,5513.209999999999
19097,S460,201512,2015,321.86
19080,S456,201512,2015,9973.64
16467,1602,201512,2015,3762.27
16479,1607,201512,2015,9904.9
16492,1616,201512,2015,35698.8
16504,170,201512,2015,736.2
17876,S1527,201512,2015,7913.74
17878,S1528,201512,2015,43.53
17888,S1531,201512,2015,106.52
17799,S1498,201512,2015,317.93
17811,S15,201512,2015,852.35
17822,S1500,201512,2015,485.4
16948,58,201512,2015,989.35
16962,59,201512,2015,0.0
16972,607,201512,2015,0.0
16888,534,201512,2015,3984.7599999999998
16903,536,201512,2015,324.41999999999996
16914,550,201512,2015,4555.25
19119,S468,201512,2015,67.47999999999999
19128,S473,201512,2015,243.42
19137,S475,201512,2015,187.46
19144,S477,201512,2015,30.75
18164,S1723,201512,2015,1146.42
18176,S1730,201512,2015,875.86
18193,S1736,201512,2015,7328.63
16533,1718,201512,2015,3067.4
19393,S654,201512,2015,6766.139999999999
19409,S67,201512,2015,217.6
19422,S73,201512,2015,520.0
19435,S75,201512,2015,269.84000000000003
16878,526,201512,2015,372.37
19155,S48,201512,2015,550.53
19165,S481,201512,2015,207.54000000000002
19186,S488,201512,2015,5945.64
19216,S510,201512,2015,432.74
19226,S512,201512,2015,822.11
18223,S1755,201512,2015,392.28999999999996
18158,S1721,201512,2015,547.4
18108,S1696,201512,2015,3693.73
18118,S1699,201512,2015,1579.26
18133,S1707,201512,2015,62.769999999999996
18143,S1713,201512,2015,180.69
18148,S1720,201512,2015,20.0
17895,S1532,201512,2015,55.56
19231,S513,201512,2015,61.6
16866,512,201512,2015,418.05
16832,477,201512,2015,478.4
16845,494,201512,2015,314.82
19206,S498,201512,2015,111.84
16765,38,201512,2015,722.4
16780,388,201512,2015,958.6700000000001
16801,44,201512,2015,486.0
16809,442,201512,2015,108.9
17933,S1550,201512,2015,56.34
17952,S156,201512,2015,202.08
17965,S1575,201512,2015,2236.71
17975,S1579,201512,2015,0.0
19285,S543,201512,2015,101.04
19307,S553,201512,2015,859.65
19312,S565,201512,2015,2669.16
16734,30,201512,2015,6513.98
19256,S527,201512,2015,257.1
19442,S751,201512,2015,88.0
16542,1726,201512,2015,892.3499999999999
16554,1729,201512,2015,10078.61
16574,1751,201512,2015,240.8
16589,1769,201512,2015,277.52
16672,1898,201512,2015,307.0
17987,S158,201512,2015,396.18
17988,S1585,201512,2015,514.3
17996,S1597,201512,2015,244.89
17999,S1598,201512,2015,90.42
18073,S1672,201512,2015,330.8
18074,S1673,201512,2015,37.28
16678,1903,201512,2015,59.7
16695,2011,201512,2015,30.23
19354,S607,201512,2015,161.87
16625,1827,201512,2015,268.61
16634,1850,201512,2015,334.08
16645,1863,201512,2015,1147.5
16613,1803,201512,2015,4421.04
19338,S594,201512,2015,465.6
19342,S60,201512,2015,129.78
18097,S1694,201512,2015,2037.1499999999999
18017,S1614,201512,2015,27.279999999999998
18029,S1622,201512,2015,115.04
18036,S1625,201512,2015,3439.15
19345,S602,201512,2015,1338.46
19357,S627,201512,2015,434.0
19359,S629,201512,2015,1162.7
19377,S648,201512,2015,260.62
19381,S65,201512,2015,219.1
16600,1793,201512,2015,322.5
20479,535,201610,2016,8190.2699999999995
20471,534,201610,2016,0.0
20461,526,201610,2016,-578.24
22081,S2023,201610,2016,928.73
20026,1515,201610,2016,40942.13
22037,S1982,201610,2016,2714.25
22024,S1979,201610,2016,242.45
20047,1551,201610,2016,1157.18
22673,S48,201610,2016,253.35
21989,S193,201610,2016,1886.62
22049,S2001,201610,2016,13.6
22077,S2017,201610,2016,13.5
22013,S1971,201610,2016,3507.54
22248,S2223,201610,2016,43.3
21973,S1916,201610,2016,538.9
21965,S1915,201610,2016,317.44
21982,S1926,201610,2016,13.5
22319,S2352,201610,2016,1138.32
21206,S1432,201610,2016,2803.99
21191,S1402,201610,2016,25.86
21874,S1815,201610,2016,35.760000000000005
23282,s260,201610,2016,13.5
23273,s236,201610,2016,22.59
23334,s488,201610,2016,594.4
21721,S1699,201610,2016,865.5799999999999
21715,S1694,201610,2016,410.68
21704,S1691,201610,2016,163.44
19974,13,201610,2016,1276.6000000000001
20070,1602,201610,2016,7451.17
20055,1561,201610,2016,14814.0
22062,S2004,201610,2016,24981.079999999998
23296,s293,201610,2016,650.36
19994,1408,201610,2016,20200.0
19986,140,201610,2016,0.0
20392,431,201610,2016,1584.8799999999999
21697,S1679,201610,2016,385.06
20503,550,201610,2016,69.26
21186,S1392,201610,2016,155.51999999999998
21171,S1376,201610,2016,37.5
22342,S239,201610,2016,4201.75
22335,S236,201610,2016,1298.46
21271,S1452,201610,2016,1235.3
22299,S2330,201610,2016,747.5
22865,S60,201610,2016,155.18
22860,S594,201610,2016,13025.6
21263,S1445,201610,2016,523.38
21257,S1442,201610,2016,4534.1
20490,539,201610,2016,771.35
21135,S1354,201610,2016,270.03
21115,S1334,201610,2016,503.2
22350,S243,201610,2016,31.84
20225,1850,201610,2016,513.12
20216,1827,201610,2016,690.53
19937,1160,201610,2016,173.31
19927,116,201610,2016,354.42999999999995
20488,536,201610,2016,140.9
22525,S38,201610,2016,174.71
23243,s2022,201610,2016,200.24
23347,s545,201610,2016,9126.68
23371,s652,201610,2016,1079.43
22664,S479,201610,2016,192.2
22707,S488,201610,2016,11571.789999999999
22695,S485,201610,2016,68.5
20008,1504,201610,2016,898.04
22515,S364,201610,2016,2151.0
22508,S36,201610,2016,1000.01
20542,586,201610,2016,5409.58
20535,569,201610,2016,142.60000000000002
22656,S477,201610,2016,93.39
19964,1270,201610,2016,729.75
19950,12000,201610,2016,7684.9400000000005
21098,S1308,201610,2016,159.57
21086,S1294,201610,2016,412.65999999999997
21080,S129,201610,2016,53.87
21861,S1792,201610,2016,1098.26
21851,S1790,201610,2016,152.44
22914,S647,201610,2016,16.16
21147,S1361,201610,2016,6241.93
21218,S1434,201610,2016,398.42
21230,S1435,201610,2016,1660.99
23383,s654,201610,2016,631.25
23210,s1873,201610,2016,791.83
20594,631,201610,2016,6267.97
20584,628,201610,2016,61755.67
23232,s2004,201610,2016,655.3
23251,s2265,201610,2016,0.0
22846,S585,201610,2016,1858.26
21313,S1463,201610,2016,4683.55
21306,S1462,201610,2016,609.16
21298,S1459,201610,2016,507.78
21282,S1455,201610,2016,162.51
21038,S1222,201610,2016,445.12
22941,S654,201610,2016,22506.62
21866,S1798,201610,2016,148.76
22924,S648,201610,2016,479.84000000000003
20554,59,201610,2016,15735.9
22370,S25,201610,2016,134.19
22364,S249,201610,2016,1147.19
21078,S1269,201610,2016,141.41
21068,S1268,201610,2016,195.4
21062,S1265,201610,2016,841.85
22304,S2332,201610,2016,85.06
23200,s1814,201610,2016,116.78
23221,s1977,201610,2016,132.72
22203,S2161,201610,2016,262.58
21550,S1551,201610,2016,193.95
21546,S1550,201610,2016,17.630000000000003
19884,1082,201610,2016,74.86
19916,1130,201610,2016,2820.1499999999996
20104,170,201610,2016,13769.62
20095,1616,201610,2016,6058.44
23391,s688,201610,2016,168.85
22380,S253,201610,2016,43.58
21019,S1212,201610,2016,3246.3
20992,S1193,201610,2016,164.87
20661,678,201610,2016,3840.78
23183,s135,201610,2016,105.48
21534,S1542,201610,2016,401.1
21673,S1664,201610,2016,163.5
22167,S213,201610,2016,527.17
21669,S1646,201610,2016,13.5
21663,S1640,201610,2016,13.5
21654,S1629,201610,2016,264.16
21644,S1625,201610,2016,62.0
20562,608,201610,2016,129.48
21103,S1325,201610,2016,756.97
22961,S664,201610,2016,31.46
22956,S662,201610,2016,499.0
22076,S2014,201610,2016,79.55
20168,1751,201610,2016,4726.4
22810,S567,201610,2016,147.72
22714,S496,201610,2016,175.08
21623,S1613,201610,2016,1008.97
21610,S1597,201610,2016,277.78000000000003
21738,S1712,201610,2016,0.0
22155,S2118,201610,2016,222.14
21729,S1709,201610,2016,269.46
21724,S1706,201610,2016,13.02
22829,S583,201610,2016,17528.62
22628,S471,201610,2016,0.0
22619,S467,201610,2016,938.66
20181,1769,201610,2016,249.45
20175,1758,201610,2016,562.7
22385,S256,201610,2016,1257.6
22186,S2145,201610,2016,365.0
22184,S2144,201610,2016,6520.61
23179,s1212,201610,2016,665.49
20652,676,201610,2016,573.0
20620,665,201610,2016,2284.2
20603,644,201610,2016,475.5
22738,S511,201610,2016,85.7
22734,S510,201610,2016,369.80999999999995
20082,1607,201610,2016,1682.74
22965,S669,201610,2016,455.03999999999996
21595,S158,201610,2016,3748.5
21583,S1579,201610,2016,96.0
22583,S456,201610,2016,7127.89
20255,1898,201610,2016,231.4
20244,1882,201610,2016,62.67
20238,1877,201610,2016,0.0
21817,S1755,201610,2016,1578.44
21800,S1737,201610,2016,254.74
22975,S67,201610,2016,648.96
20957,S1182,201610,2016,0.0
19868,1065,201610,2016,1125.48
19849,1028,201610,2016,18755.0
23163,s0001,201610,2016,0.0
20702,710,201610,2016,0.0
20701,709,201610,2016,0.0
20698,707,201610,2016,0.0
20695,704,201610,2016,7718.0
20694,703,201610,2016,9031.35
21321,S1468,201610,2016,400.5
22820,S577,201610,2016,349.42
22608,S464,201610,2016,284.72
22996,S707,201610,2016,49.75
22071,S2011,201610,2016,43.6
20947,S118,201610,2016,1038.48
21328,S1473,201610,2016,0.0
22237,S2193,201610,2016,192.95
21458,S1519,201610,2016,77.5
20665,680,201610,2016,410.58
22140,S21,201610,2016,327.53999999999996
21763,S1723,201610,2016,84.63
21752,S1721,201610,2016,1780.0
22636,S472,201610,2016,114.06
20132,1718,201610,2016,800.57
19877,1079,201610,2016,173.17
21600,S1585,201610,2016,356.84000000000003
22986,S689,201610,2016,143.36
22985,S688,201610,2016,1587.99
21828,S1756,201610,2016,303.0
20289,2011,201610,2016,784.8000000000001
20267,1923,201610,2016,773.64
20792,84,201610,2016,336.7
23132,S92,201610,2016,39.93
20746,801,201610,2016,1993.3799999999999
20736,791,201610,2016,1045.8
20727,767,201610,2016,194.34
22461,S318,201610,2016,290.88
20675,683,201610,2016,87.72
21439,S1511,201610,2016,749.02
21424,S1504,201610,2016,213.66
22262,S2250,201610,2016,260.15999999999997
23019,S75,201610,2016,627.11
23016,S749,201610,2016,417.44
23024,S750,201610,2016,76.14
20310,255,201610,2016,0.0
21478,S1526,201610,2016,210.48000000000002
22779,S543,201610,2016,333.37
22274,S2280,201610,2016,92.19
21371,S1489,201610,2016,218.4
21359,S1487,201610,2016,204.95
20149,1729,201610,2016,55146.369999999995
22646,S475,201610,2016,295.78
20705,713,201610,2016,614.4
23121,S902,201610,2016,668.73
22557,S412,201610,2016,389.1
22792,S553,201610,2016,571.76
21943,S189,201610,2016,258.9
21929,S1882,201610,2016,554.1
21919,S1868,201610,2016,293.09000000000003
22245,S2206,201610,2016,2586.0
20979,S1190,201610,2016,1431.3200000000002
20870,S1021,201610,2016,399.84
20860,S1011,201610,2016,9.83
23087,S852,201610,2016,2245.12
20778,819,201610,2016,166.62
20769,81,201610,2016,1204.7
22439,S302,201610,2016,17.22
20757,805,201610,2016,2806.23
23103,S877,201610,2016,234.99
23097,S869,201610,2016,391.44
21399,S15,201610,2016,2280.72
21388,S1498,201610,2016,65.25999999999999
21377,S1494,201610,2016,162.76
20265,1903,201610,2016,301.64
22227,S2191,201610,2016,63.98
22215,S2177,201610,2016,405.49
21489,S1527,201610,2016,814.47
20377,388,201610,2016,1071.95
20353,338,201610,2016,0.0
20344,327,201610,2016,7697.94
22206,S2165,201610,2016,53.67
22757,S523,201610,2016,560.0
21411,S1500,201610,2016,1504.16
20894,S1101,201610,2016,21.09
20822,99,201610,2016,43418.159999999996
20810,920,201610,2016,16971.29
22428,S3,201610,2016,864.09
20799,90,201610,2016,65.62
21349,S1484,201610,2016,1285.05
21339,S1480,201610,2016,45.0
20329,30,201610,2016,2591.88
20878,S1024,201610,2016,108.3
20877,S1022,201610,2016,127.72
22121,S2078,201610,2016,127.5
21790,S1736,201610,2016,5943.49
21779,S1735,201610,2016,135.1
21775,S1730,201610,2016,3104.62
22149,S2116,201610,2016,206.89
22639,S473,201610,2016,19.5
22748,S512,201610,2016,789.24
22762,S525,201610,2016,394.89
21574,S1575,201610,2016,546.58
21562,S1559,201610,2016,199.96
21560,S1557,201610,2016,1264.6
20850,S0001,201610,2016,0.0
20827,IR12,201610,2016,35.43
20318,262,201610,2016,0.0
23066,S824,201610,2016,156.86
23048,S777,201610,2016,1295.56
22546,S401,201610,2016,49.74
22542,S399,201610,2016,291.16
20429,497,201610,2016,116.58
20424,494,201610,2016,46.48
20416,477,201610,2016,51.46
23305,s3,201610,2016,872.9200000000001
21157,S1364,201610,2016,679.35
22092,S2024,201610,2016,122.06
21909,S1859,201610,2016,750.53
21895,S185,201610,2016,181.04000000000002
22883,S609,201610,2016,22.0
22878,S608,201610,2016,1482.48
22877,S607,201610,2016,366.87
20204,1803,201610,2016,2929.46
20192,1793,201610,2016,2279.0
21977,S1923,201610,2016,124.56
21994,S1944,201610,2016,150.0
22052,S2003,201610,2016,94.1
22063,S2004,201611,2016,12351.84
20480,535,201611,2016,23760.73
20472,534,201611,2016,569.12
20462,526,201611,2016,2367.92
20030,1530,201611,2016,2131.35
22038,S1982,201611,2016,775.74
22025,S1979,201611,2016,90.4
20048,1551,201611,2016,1593.71
22674,S48,201611,2016,274.90999999999997
22047,S20,201611,2016,100.2
22046,S1993,201611,2016,256.8
20071,1602,201611,2016,407.74
22253,S225,201611,2016,24.42
21414,S1501,201611,2016,40.08
21791,S1736,201611,2016,7077.42
21780,S1735,201611,2016,100.46
21776,S1730,201611,2016,4293.61
22150,S2116,201611,2016,198.39999999999998
21565,S156,201611,2016,1309.31
23078,S84,201611,2016,19.5
23070,S837,201611,2016,84.34
20365,38,201611,2016,481.6
20354,338,201611,2016,1113.0
20345,327,201611,2016,82.53
20336,323,201611,2016,582.08
22134,S2086,201611,2016,998.42
22122,S2078,201611,2016,155.5
22207,S2165,201611,2016,53.67
21412,S1500,201611,2016,771.52
20823,99,201611,2016,395.25
20811,920,201611,2016,17218.61
22429,S3,201611,2016,303.31
20796,86,201611,2016,26.3
20795,85,201611,2016,103.72
23088,S852,201611,2016,319.65999999999997
21350,S1484,201611,2016,170.14
21342,S1482,201611,2016,274.96
21340,S1480,201611,2016,45.16
21334,S1478,201611,2016,280.85
20330,30,201611,2016,5893.47
20871,S1021,201611,2016,113.46
22417,S299,201611,2016,306.94
20861,S1011,201611,2016,1069.24
20851,S0001,201611,2016,0.0
20779,819,201611,2016,13.5
22445,S311,201611,2016,39.18
22440,S302,201611,2016,17.22
20758,805,201611,2016,2269.1
23107,S888,201611,2016,611.64
21389,S1498,201611,2016,406.58
22584,S456,201611,2016,10764.13
23036,S763,201611,2016,864.8
20899,S1106,201611,2016,19.169999999999998
22228,S2191,201611,2016,2231.0
21507,S1534,201611,2016,36.0
21502,S1532,201611,2016,39.67
21490,S1527,201611,2016,1721.96
21400,S15,201611,2016,1958.1100000000001
22780,S543,201611,2016,107.7
20139,1726,201611,2016,297.45
23122,S902,201611,2016,667.56
23111,S90,201611,2016,75.0
22559,S425,201611,2016,94.96
22553,S406,201611,2016,137.31
22551,S404,201611,2016,305.64
20386,417,201611,2016,61.34
20383,410,201611,2016,152.1
20378,388,201611,2016,517.12
21946,S1892,201611,2016,57.3
21941,S1886,201611,2016,427.9
21938,S1883,201611,2016,200.0
20968,S1186,201611,2016,2938.37
21464,S1521,201611,2016,61.64
20290,202,201611,2016,13.5
20282,2,201611,2016,14100.0
20266,1903,201611,2016,357.21000000000004
20793,84,201611,2016,466.58000000000004
21739,S1712,201611,2016,20.0
23141,S940,201611,2016,148.3
23133,S92,201611,2016,35.0
20747,801,201611,2016,10201.43
20717,75,201611,2016,115.79
22462,S318,201611,2016,747.3199999999999
20707,715,201611,2016,661.57
20706,714,201611,2016,1955.3400000000001
21425,S1504,201611,2016,334.8
23017,S749,201611,2016,357.0
23025,S750,201611,2016,47.5
23020,S75,201611,2016,8881.74
20311,255,201611,2016,763.23
22749,S512,201611,2016,196.34
22799,S557,201611,2016,260.48
22793,S553,201611,2016,194.57999999999998
20916,S1155,201611,2016,1200.0
20911,S1145,201611,2016,243.01999999999998
20901,S1117,201611,2016,79.82
22106,S2052,201611,2016,226.01
21843,S1777,201611,2016,269.04999999999995
22097,S2026,201611,2016,270.84000000000003
22629,S471,201611,2016,87.9
21329,S1473,201611,2016,363.5
22239,S220,201611,2016,54.38
22238,S2193,201611,2016,967.6
21462,S1520,201611,2016,37.5
21459,S1519,201611,2016,123.15
20672,682,201611,2016,71.85
23149,S964,201611,2016,0.0
21764,S1723,201611,2016,2535.1800000000003
21753,S1721,201611,2016,105.91
21744,S1720,201611,2016,193.26
19892,11,201611,2016,1279.96
22637,S472,201611,2016,309.36
20133,1718,201611,2016,538.98
20121,1712,201611,2016,15108.380000000001
21604,S1588,201611,2016,995.41
21829,S1756,201611,2016,325.41
22983,S679,201611,2016,516.15
21818,S1755,201611,2016,177.1
21801,S1737,201611,2016,97.18
22976,S67,201611,2016,1247.22
20958,S1182,201611,2016,401.40000000000003
22405,S289,201611,2016,209.85
19869,1065,201611,2016,862.94
19856,1039,201611,2016,1573.98
19850,1028,201611,2016,34470.82
20704,712,201611,2016,63.2
23170,s1075,201611,2016,209.05
23164,s0001,201611,2016,0.0
20699,708,201611,2016,64.38
20696,704,201611,2016,5456.0
22293,S2327,201611,2016,77.19
21318,S1467,201611,2016,722.4100000000001
21314,S1464,201611,2016,1277.28
22811,S567,201611,2016,470.59
22993,S704,201611,2016,167.19
22991,S702,201611,2016,580.36
22988,S698,201611,2016,903.76
22987,S693,201611,2016,5810.78
22198,S216,201611,2016,163.55
22193,S2158,201611,2016,253.04000000000002
23180,s1212,201611,2016,2187.48
20656,677,201611,2016,9.6
20653,676,201611,2016,89.2
20641,674,201611,2016,564.0
20629,67,201611,2016,1438.1
20614,653,201611,2016,836.6
20612,649,201611,2016,254.32000000000002
22657,S477,201611,2016,61.97
22735,S510,201611,2016,1003.4199999999998
21596,S158,201611,2016,4299.29
21584,S1579,201611,2016,22.990000000000002
20256,1898,201611,2016,67.4
20234,1863,201611,2016,1606.5
22609,S464,201611,2016,45.46
20150,1729,201611,2016,14077.33
19903,1119,201611,2016,67.22
22724,S508,201611,2016,521.43
22720,S503,201611,2016,44.58
22719,S498,201611,2016,282.5
22487,S335,201611,2016,213.5
22161,S2120,201611,2016,1119.95
21730,S1709,201611,2016,334.48
21725,S1706,201611,2016,504.0
22478,S326,201611,2016,1279.97
22620,S467,201611,2016,677.47
20182,1769,201611,2016,1425.48
22607,S463,201611,2016,151.98
22386,S256,201611,2016,598.8
22379,S252,201611,2016,42.54
21020,S1212,201611,2016,1989.47
20980,S1190,201611,2016,79.93
21520,S1540,201611,2016,41.79
21670,S1646,201611,2016,0.0
21661,S1637,201611,2016,171.66
21645,S1625,201611,2016,697.28
21624,S1613,201611,2016,1324.35
20563,608,201611,2016,15.9
21099,S1308,201611,2016,39.31
22365,S249,201611,2016,233.96999999999997
21063,S1265,201611,2016,2270.63
21050,S124,201611,2016,1641.67
22310,S2341,201611,2016,27.98
22300,S2330,201611,2016,82.08
22830,S583,201611,2016,15171.39
23197,s1721,201611,2016,47.46
21547,S1550,201611,2016,289.76
22708,S488,201611,2016,10613.4
19885,1082,201611,2016,326.25
19878,1079,201611,2016,0.0
19917,1130,201611,2016,2119.92
20114,1704,201611,2016,588.54
20105,170,201611,2016,424.05
20096,1616,201611,2016,5992.28
21539,S1546,201611,2016,148.31
23392,s696,201611,2016,39.49
23384,s654,201611,2016,940.19
23211,s1873,201611,2016,667.51
20595,631,201611,2016,2156.38
20585,628,201611,2016,45295.81
20555,59,201611,2016,10286.77
22847,S585,201611,2016,830.61
21292,S1457,201611,2016,26.84
22949,S659,201611,2016,355.9
22942,S654,201611,2016,8688.630000000001
21862,S1792,201611,2016,1573.3899999999999
22925,S648,201611,2016,919.39
21104,S1325,201611,2016,593.0
22518,S365,201611,2016,107.7
22509,S36,201611,2016,812.01
20544,589,201611,2016,-53.34
22647,S475,201611,2016,13.5
20083,1607,201611,2016,29396.09
19965,1270,201611,2016,68.52
19955,1245,201611,2016,107.4
19938,1160,201611,2016,21772.5
21087,S1294,201611,2016,57.3
21079,S1269,201611,2016,0.0
22371,S25,201611,2016,134.19
22909,S642,201611,2016,94.29
20169,1751,201611,2016,5527.2
21219,S1434,201611,2016,1072.4
21207,S1432,201611,2016,966.8399999999999
22850,S587,201611,2016,217.98000000000002
21244,S1438,201611,2016,13.5
21239,S1437,201611,2016,170.5
21231,S1435,201611,2016,443.43999999999994
21158,S1364,201611,2016,56.98
21136,S1354,201611,2016,479.68
21118,S1341,201611,2016,314.14
22354,S247,201611,2016,36.62
22599,S460,201611,2016,339.89
20226,1850,201611,2016,445.89
20217,1827,201611,2016,82.33
23244,s2022,201611,2016,356.48
22550,S402,201611,2016,212.48000000000002
23348,s545,201611,2016,634.5
23335,s488,201611,2016,78.92
23358,s639,201611,2016,304.36
23372,s652,201611,2016,276.96999999999997
23395,s777,201611,2016,110.16
20022,1512,201611,2016,2287.57
20009,1504,201611,2016,1115.93
19995,1408,201611,2016,19680.0
23394,s705,201611,2016,552.5
21692,S1676,201611,2016,339.01
20516,562,201611,2016,2000.0
20508,56,201611,2016,35.45
20504,550,201611,2016,42.22
20493,545,201611,2016,290.5
21179,S1388,201611,2016,40.59
21172,S1376,201611,2016,603.13
22336,S236,201611,2016,2520.58
21268,S1448,201611,2016,81.35
22861,S594,201611,2016,3920.29
21258,S1442,201611,2016,3050.3399999999997
20489,536,201611,2016,2543.83
21698,S1679,201611,2016,350.0
23261,s2293,201611,2016,323.34
23255,s2276,201611,2016,46.4
22547,S401,201611,2016,1731.37
20438,507,201611,2016,191.5
20408,471,201611,2016,3004.6499999999996
20447,509,201611,2016,145.6
23283,s260,201611,2016,541.51
21869,S1810,201611,2016,137.31
21148,S1361,201611,2016,6997.63
22093,S2024,201611,2016,560.29
21910,S1859,201611,2016,3268.15
21896,S185,201611,2016,484.36
20205,1803,201611,2016,0.0
20193,1793,201611,2016,317.65999999999997
22014,S1971,201611,2016,7051.91
21978,S1923,201611,2016,13.5
21983,S1926,201611,2016,465.31
22872,S605,201611,2016,18.8
21885,S1818,201611,2016,700.1
21878,S1816,201611,2016,112.72
22324,S2355,201611,2016,133.5
22320,S2352,201611,2016,137.74
21196,S1425,201611,2016,51.96
21192,S1402,201611,2016,418.84000000000003
23297,s293,201611,2016,355.95
21716,S1694,201611,2016,662.8299999999999
19975,13,201611,2016,352.2
22692,S484,201611,2016,184.66
22684,S481,201611,2016,469.1600000000001
20060,1598,201611,2016,11258.0
20056,1561,201611,2016,1996.0
22082,S2023,201611,2016,65.12
21997,S1952,201612,2016,1225.13
22078,S2017,201612,2016,241.5
22064,S2004,201612,2016,23765.65
22519,S365,201612,2016,226.98000000000002
20481,535,201612,2016,16576.879999999997
20463,526,201612,2016,14810.5
20038,1540,201612,2016,17445.05
20031,1530,201612,2016,1206.8899999999999
22015,S1971,201612,2016,600.37
21975,S1918,201612,2016,1515.51
21220,S1434,201612,2016,663.4599999999999
22871,S602,201612,2016,177.48
22325,S2355,201612,2016,174.13
22311,S2341,201612,2016,16.61
21187,S1392,201612,2016,175.5
21149,S1361,201612,2016,5051.61
22094,S2024,201612,2016,372.4
21897,S185,201612,2016,13.5
21886,S1818,201612,2016,681.4
22885,S612,201612,2016,69.12
20206,1803,201612,2016,12134.68
20194,1793,201612,2016,162.57
21180,S1388,201612,2016,1707.29
22337,S236,201612,2016,1070.95
21867,S1807,201612,2016,236.88
21259,S1442,201612,2016,1826.6
21232,S1435,201612,2016,2162.29
21124,S1347,201612,2016,140.82
21116,S1334,201612,2016,160.88
22351,S243,201612,2016,341.46999999999997
22343,S239,201612,2016,388.41999999999996
20218,1827,201612,2016,233.86
21096,S1297,201612,2016,58.08
22372,S25,201612,2016,134.19
22110,S2069,201612,2016,25.45
22910,S642,201612,2016,54.5
21208,S1432,201612,2016,875.72
22851,S587,201612,2016,133.35
22848,S585,201612,2016,2095.4
21277,S1454,201612,2016,2244.8
21137,S1354,201612,2016,3340.8799999999997
22950,S659,201612,2016,797.96
22943,S654,201612,2016,14376.61
21863,S1792,201612,2016,1767.46
21106,S1330,201612,2016,250.0
21105,S1325,201612,2016,212.42
22957,S662,201612,2016,199.92
22366,S249,201612,2016,73.00999999999999
21064,S1265,201612,2016,480.85
21053,S1252,201612,2016,145.8
21051,S124,201612,2016,2666.91
20183,1769,201612,2016,71.4
22301,S2330,201612,2016,23.95
22831,S583,201612,2016,14306.42
20176,1758,201612,2016,1477.4
20170,1751,201612,2016,4606.0
21039,S1222,201612,2016,679.8000000000001
22600,S460,201612,2016,43.68
21027,S1219,201612,2016,272.04
21021,S1212,201612,2016,335.65999999999997
21009,S1206,201612,2016,99.8
20997,S1198,201612,2016,366.40999999999997
20981,S1190,201612,2016,459.07
21585,S1579,201612,2016,209.64
22981,S672,201612,2016,661.08
20257,1898,201612,2016,322.0
20245,1882,201612,2016,74.78
20151,1729,201612,2016,5766.04
22254,S225,201612,2016,49.8
21319,S1467,201612,2016,173.6
22289,S232,201612,2016,383.49
22279,S2289,201612,2016,229.5
22814,S576,201612,2016,257.03
22998,S710,201612,2016,12.639999999999999
22997,S708,201612,2016,836.25
22992,S702,201612,2016,839.5799999999999
22989,S698,201612,2016,807.16
22185,S2144,201612,2016,1138.2
21836,S1759,201612,2016,136.38
21830,S1756,201612,2016,53.2
21819,S1755,201612,2016,1457.91
22387,S256,201612,2016,598.8
22977,S67,201612,2016,1626.5
22406,S293,201612,2016,562.6800000000001
22401,S267,201612,2016,120.62
20948,S118,201612,2016,603.52
20940,S1179,201612,2016,132.95
20912,S1145,201612,2016,390.55
21845,S1783,201612,2016,48.6
21446,S1513,201612,2016,2000.0
21426,S1504,201612,2016,99.48
21839,S1761,201612,2016,313.54
23006,S722,201612,2016,468.11
23005,S717,201612,2016,149.38
23000,S716,201612,2016,82.95
22999,S714,201612,2016,282.66
23026,S750,201612,2016,57.1
23021,S75,201612,2016,1159.6100000000001
20969,S1186,201612,2016,787.1
21947,S1892,201612,2016,41.0
22794,S553,201612,2016,922.53
21939,S1883,201612,2016,566.9399999999999
21920,S1871,201612,2016,185.4
21911,S1859,201612,2016,2.85
22246,S2206,201612,2016,5701.889999999999
20300,226,201612,2016,129.54000000000002
20296,2031,201612,2016,320.6
20275,1991,201612,2016,88.2
22588,S458,201612,2016,219.76
22585,S456,201612,2016,5577.33
23037,S763,201612,2016,1385.26
23049,S777,201612,2016,1514.51
21491,S1527,201612,2016,353.65
21479,S1526,201612,2016,99.41
21471,S1525,201612,2016,18.0
22270,S226,201612,2016,258.21000000000004
22263,S2250,201612,2016,316.32
21343,S1482,201612,2016,20.6
21341,S1480,201612,2016,136.26
21330,S1473,201612,2016,89.74
21413,S1500,201612,2016,0.0
21467,S1523,201612,2016,324.3
20319,262,201612,2016,801.04
22418,S299,201612,2016,1179.52
20862,S1011,201612,2016,180.81
20852,S0001,201612,2016,0.0
23067,S824,201612,2016,159.9
20346,327,201612,2016,270.06
20337,323,201612,2016,378.90999999999997
20331,30,201612,2016,1570.14
22123,S2078,201612,2016,32.7
21792,S1736,201612,2016,5625.4800000000005
21777,S1730,201612,2016,1030.63
22141,S21,201612,2016,134.98000000000002
22770,S526,201612,2016,2506.68
21566,S156,201612,2016,105.65
22204,S2161,201612,2016,45.5
21401,S15,201612,2016,30.7
20812,920,201612,2016,6344.59
22430,S3,201612,2016,431.46
20794,84,201612,2016,103.0
23091,S860,201612,2016,13.5
23089,S852,201612,2016,21.12
20780,819,201612,2016,228.86
20759,805,201612,2016,256.3
22452,S312,201612,2016,180.5
22441,S302,201612,2016,80.05
19837,100,201612,2016,137.76
21390,S1498,201612,2016,65.83
21378,S1494,201612,2016,390.1
21363,S1488,201612,2016,141.54
21360,S1487,201612,2016,607.49
21351,S1484,201612,2016,101.06
22641,S474,201612,2016,99.08
20824,99,201612,2016,827.79
23123,S902,201612,2016,15459.04
22229,S2191,201612,2016,1339.49
20379,388,201612,2016,349.09000000000003
20737,791,201612,2016,1826.88
20718,75,201612,2016,217.97
22463,S318,201612,2016,257.65999999999997
23150,S964,201612,2016,402.72
22135,S2086,201612,2016,27.22
21765,S1723,201612,2016,642.34
21754,S1721,201612,2016,667.5
21742,S1713,201612,2016,174.71
20134,1718,201612,2016,462.06
20122,1712,201612,2016,1442.0
19870,1065,201612,2016,734.22
19851,1028,201612,2016,15304.920000000002
21740,S1712,201612,2016,99.08
23171,s1075,201612,2016,76.02000000000001
23165,s0001,201612,2016,0.0
20703,710,201612,2016,10508.0
20700,708,201612,2016,0.0
20676,683,201612,2016,29.24
23181,s1212,201612,2016,54.41
20630,67,201612,2016,274.75
20613,649,201612,2016,921.95
22495,S348,201612,2016,0.0
22736,S510,201612,2016,0.0
20072,1602,201612,2016,1251.93
19904,1119,201612,2016,228.38
22725,S508,201612,2016,198.19
22715,S496,201612,2016,213.58
19893,11,201612,2016,358.5
22156,S2118,201612,2016,124.57
22151,S2116,201612,2016,148.96
22479,S326,201612,2016,3270.13
23189,s140,201612,2016,442.26
21521,S1540,201612,2016,318.09
22168,S213,201612,2016,45.06
21646,S1625,201612,2016,279.93
21625,S1613,201612,2016,315.66999999999996
20564,608,201612,2016,0.0
20556,59,201612,2016,10734.22
21555,S1553,201612,2016,48.5
21551,S1551,201612,2016,899.68
21548,S1550,201612,2016,52.9
21540,S1546,201612,2016,171.66
19879,1079,201612,2016,803.03
19918,1130,201612,2016,2044.4199999999998
20106,170,201612,2016,0.0
20097,1616,201612,2016,28480.0
22658,S477,201612,2016,94.5
23385,s654,201612,2016,102.77
23233,s2004,201612,2016,6509.4
20596,632,201612,2016,0.0
20586,628,201612,2016,58629.85
20574,618,201612,2016,9576.44
20567,610,201612,2016,61.85
23393,s696,201612,2016,49.38
22510,S36,201612,2016,476.11
20543,586,201612,2016,0.0
20536,569,201612,2016,84.16
19980,1320,201612,2016,0.0
20084,1607,201612,2016,1388.94
19966,1287,201612,2016,9157.0
19939,1160,201612,2016,83.88
19928,116,201612,2016,1314.71
22709,S488,201612,2016,16825.59
20525,563,201612,2016,44.39
23245,s2022,201612,2016,968.72
23336,s488,201612,2016,1207.5
23373,s652,201612,2016,3841.08
22696,S485,201612,2016,148.14000000000001
19921,115,201612,2016,1187.84
20023,1512,201612,2016,892.71
20016,1506,201612,2016,893.8100000000001
20010,1504,201612,2016,255.84
19999,1424,201612,2016,207.25
19996,1408,201612,2016,19680.0
22563,S432,201612,2016,37.41
21690,S1672,201612,2016,103.35
21685,S1670,201612,2016,272.95
21680,S1668,201612,2016,1056.63
20517,562,201612,2016,2800.0
20492,540,201612,2016,224.66
20430,497,201612,2016,35.92
20425,494,201612,2016,264.3
20417,477,201612,2016,260.1
20409,471,201612,2016,870.5
20396,44,201612,2016,0.0
20439,507,201612,2016,483.5
23316,s410,201612,2016,2428.6
23298,s293,201612,2016,624.27
21717,S1694,201612,2016,455.70000000000005
20449,512,201612,2016,2716.84
20057,1561,201612,2016,710.01
20049,1551,201612,2016,788.49
22675,S480,201612,2016,62.5
21699,S1679,201612,2016,31.24
22039,S1982,201612,2016,429.75
22083,S2023,201612,2016,60.78
21984,S1926,201612,2016,42.15
25899,S458,201710,2017,100.17
23944,499,201710,2017,29.69
23927,471,201710,2017,2898.9
26754,s793,201710,2017,1899.0
24718,S1438,201710,2017,751.13
24748,S1452,201710,2017,41.0
24750,S1453,201710,2017,98.66
24757,S1454,201710,2017,49.519999999999996
24734,S1442,201710,2017,3642.73
24738,S1445,201710,2017,127.34
26174,S643,201710,2017,49.72
23479,116,201710,2017,541.17
23490,1160,201710,2017,528.45
24665,S1422,201710,2017,431.4
24680,S1432,201710,2017,777.7399999999999
24691,S1434,201710,2017,1439.96
26451,S908,201710,2017,252.86
26456,S92,201710,2017,169.94
23919,44,201710,2017,179595.47
23922,464,201710,2017,67.66
23990,535,201710,2017,3175.33
24006,550,201710,2017,13.5
25830,S36,201710,2017,1231.94
25811,S337,201710,2017,603.34
25815,S348,201710,2017,449.28
25858,S401,201710,2017,620.47
25841,S370,201710,2017,92.58
25874,S443,201710,2017,2799.7
23935,477,201710,2017,503.6
26743,s758,201710,2017,145.15
26719,s729,201710,2017,911.29
25922,S463,201710,2017,187.5
25678,S2341,201710,2017,42.86
25697,S236,201710,2017,1112.6
25954,S472,201710,2017,241.2
25725,S249,201710,2017,1064.57
25741,S267,201710,2017,58.16
25748,S299,201710,2017,517.7
23871,349,201710,2017,25.27
23853,30,201710,2017,480.18
23859,327,201710,2017,18.34
26668,s580,201710,2017,268.41
24078,628,201710,2017,12424.279999999999
24086,631,201710,2017,122.32
24055,607,201710,2017,483.26000000000005
24060,608,201710,2017,0.0
24064,610,201710,2017,98.94
26481,S964,201710,2017,7523.1900000000005
25599,S2191,201710,2017,2196.82
25973,S477,201710,2017,77.47999999999999
25993,S481,201710,2017,246.49
25618,S2213,201710,2017,188.58
25628,S2250,201710,2017,189.38
23833,255,201710,2017,180.9
23817,2031,201710,2017,978.45
24101,648,201710,2017,760.2
24108,654,201710,2017,845.6500000000001
24115,664,201710,2017,0.0
26421,S870,201710,2017,83.28
26396,S824,201710,2017,325.76
26400,S84,201710,2017,85.27
26411,S852,201710,2017,3962.75
25644,S2280,201710,2017,141.68
25670,S2338,201710,2017,40.93
26535,s1736,201710,2017,1245.4099999999999
25982,S480,201710,2017,255.8
25532,S2118,201710,2017,59.37
25536,S2124,201710,2017,25.98
25548,S2143,201710,2017,332.54
23800,1991,201710,2017,71.34
23802,1995,201710,2017,750.5
24121,67,201710,2017,13.5
24132,673,201710,2017,556.5999999999999
23813,2011,201710,2017,288.39
26379,S804,201710,2017,233.35
26380,S805,201710,2017,813.5
26382,S806,201710,2017,554.72
25558,S2144,201710,2017,3013.47
25571,S2158,201710,2017,450.0
25583,S2176,201710,2017,290.44
25442,S2001,201710,2017,86.7
25452,S2004,201710,2017,11155.04
26019,S489,201710,2017,194.3
25464,S2014,201710,2017,463.93
25479,S2024,201710,2017,125.96
23789,1903,201710,2017,415.61
23795,1942,201710,2017,286.5
24152,680,201710,2017,1167.56
24165,699,201710,2017,0.0
23777,1898,201710,2017,598.1
23754,1850,201710,2017,267.54
24212,737,201710,2017,129.14
24216,740,201710,2017,8839.2
23764,1871,201710,2017,1417.8400000000001
25507,S2078,201710,2017,609.9399999999999
25513,S2081,201710,2017,18.58
26494,s0001,201710,2017,0.0
25343,S1868,201710,2017,2171.5
25382,S1918,201710,2017,2425.77
25385,S1923,201710,2017,52.66
26016,S488,201710,2017,17336.52
25430,S1985,201710,2017,35.730000000000004
23745,1827,201710,2017,43.260000000000005
24236,751,201710,2017,169.53
24239,755,201710,2017,37.45
24247,791,201710,2017,1029.25
26360,S777,201710,2017,1259.9
26370,S788,201710,2017,1542.95
26663,s545,201710,2017,337.5
26664,s574,201710,2017,24.64
25407,S1971,201710,2017,1849.05
25439,S1993,201710,2017,898.9000000000001
25256,S1756,201710,2017,303.55
25290,S1801,201710,2017,376.31
25294,S1809,201710,2017,129.45999999999998
25312,S1818,201710,2017,354.4
25348,S1871,201710,2017,170.55
26026,S496,201710,2017,129.6
26037,S508,201710,2017,19.41
24258,801,201710,2017,1008.0
23733,1803,201710,2017,23580.68
24270,805,201710,2017,1400.7
24284,819,201710,2017,13.5
24292,84,201710,2017,24.060000000000002
26340,S763,201710,2017,523.9
23703,1751,201710,2017,4606.0
24321,99,201710,2017,19.06
26066,S535,201710,2017,75.06
26677,s583,201710,2017,0.0
25205,S1730,201710,2017,852.75
25192,S1723,201710,2017,3921.56
25219,S1736,201710,2017,7896.46
25227,S1737,201710,2017,750.0
26502,s1075,201710,2017,249.51
26049,S512,201710,2017,1334.81
25248,S1755,201710,2017,1602.38
25284,S1792,201710,2017,482.0
24301,90,201710,2017,914.0
24314,920,201710,2017,257.95
23711,1758,201710,2017,609.9
26296,S748,201710,2017,162.4
26319,S755,201710,2017,941.9200000000001
24334,S0001,201710,2017,0.0
24372,S1106,201710,2017,54.0
26309,S75,201710,2017,2249.26
24407,S118,201710,2017,262.33
23646,170,201710,2017,111.45
25101,S1646,201710,2017,234.98
25142,S1694,201710,2017,1905.6
25113,S1668,201710,2017,1763.52
25123,S1674,201710,2017,58.5
25128,S1679,201710,2017,55.47
25149,S1702,201710,2017,63.61
25180,S1721,201710,2017,889.54
24347,S1011,201710,2017,457.54
23683,1729,201710,2017,7777.54
24368,S11,201710,2017,39.31
26288,S73,201710,2017,52.24
26631,s293,201710,2017,744.71
26633,s296,201710,2017,47.54
26267,S708,201710,2017,0.0
23637,1616,201710,2017,40458.15
24481,S1219,201710,2017,272.9
24461,S1206,201710,2017,1562.3600000000001
26555,s1873,201710,2017,747.11
26563,s1977,201710,2017,609.96
25054,S1588,201710,2017,1345.84
25075,S1613,201710,2017,675.42
26060,S526,201710,2017,60.0
25091,S1625,201710,2017,697.17
25124,S1676,201710,2017,233.75
26658,s488,201710,2017,5071.95
23669,1718,201710,2017,38.7
24418,S1182,201710,2017,762.91
24394,S1168,201710,2017,68.08
24398,S1173,201710,2017,718.9
26257,S695,201710,2017,396.88
23613,1602,201710,2017,14812.69
24531,S1268,201710,2017,264.6
24510,S124,201710,2017,1230.95
24991,S1550,201710,2017,488.88
24993,S1551,201710,2017,196.86
25010,S156,201710,2017,2173.22
25019,S1567,201710,2017,465.0
25033,S1579,201710,2017,163.46
25044,S158,201710,2017,1728.41
26078,S553,201710,2017,898.7800000000001
26089,S557,201710,2017,2946.13
23653,1704,201710,2017,211.48
24430,S1186,201710,2017,958.5
24439,S1190,201710,2017,643.37
23625,1607,201710,2017,36897.37
24937,S1525,201710,2017,537.8
24979,S1542,201710,2017,176.46
26111,S583,201710,2017,1770.54
24955,S1527,201710,2017,4815.89
24967,S1534,201710,2017,61.5
24972,S154,201710,2017,9223.92
24524,S1265,201710,2017,283.47
24560,S1297,201710,2017,690.23
24543,S1269,201710,2017,2963.2799999999997
24547,S1273,201710,2017,88.5
24550,S1294,201710,2017,1068.8
24577,S1330,201710,2017,94.53
23577,1530,201710,2017,459.6
24499,S1234,201710,2017,111.62
24473,S1212,201710,2017,3597.6
24494,S1222,201710,2017,424.43
26573,s2004,201710,2017,610.0
26584,s2022,201710,2017,534.72
26150,S607,201710,2017,222.03
26126,S585,201710,2017,1565.66
23406,1028,201710,2017,13823.1
24597,S1348,201710,2017,280.34000000000003
24588,S1334,201710,2017,653.86
24594,S1336,201710,2017,537.07
23560,1506,201710,2017,906.45
24628,S1364,201710,2017,69.47
24630,S1367,201710,2017,54.4
24608,S1354,201710,2017,13.5
23569,1512,201710,2017,132.61
23556,1504,201710,2017,1404.26
23412,1039,201710,2017,6601.51
24933,S1523,201710,2017,461.04
23435,1079,201710,2017,75.39
24840,S1487,201710,2017,597.74
23428,1065,201710,2017,749.58
24894,S1500,201710,2017,3605.39
24618,S1361,201710,2017,3273.21
24661,S1413,201710,2017,335.37
24639,S1376,201710,2017,628.15
24645,S1378,201710,2017,252.0
23528,1320,201710,2017,84.1
23529,136,201710,2017,6838.8
23542,1408,201710,2017,8080.0
26204,S654,201710,2017,9297.98
26213,S659,201710,2017,192.76
24872,S1498,201710,2017,40.45
24883,S15,201710,2017,151.26999999999998
24917,S1511,201710,2017,110.7
24702,S1435,201710,2017,487.11
24706,S1436,201710,2017,1048.0
26192,S653,201710,2017,254.51
23496,1186,201710,2017,1216.5
24712,S1437,201710,2017,3453.4
24745,S1450,201710,2017,36.72
26602,s2281,201710,2017,870.2
23467,1130,201710,2017,2304.63
23472,1144,201710,2017,272.4
26163,S637,201710,2017,94.94
24833,S1486,201710,2017,126.26
24810,S1473,201710,2017,13.5
24818,S1478,201710,2017,36.0
23476,115,201710,2017,3891.24
23450,1119,201710,2017,646.77
24823,S1481,201710,2017,65.46000000000001
25759,S3,201710,2017,663.98
25789,S318,201710,2017,173.4
25790,S322,201710,2017,33.04
26506,s110,201710,2017,115.23
26512,s1212,201710,2017,116.66
26514,s1364,201710,2017,102.38
25932,S467,201710,2017,187.72
23900,393,201710,2017,16.8
23894,388,201710,2017,921.3100000000001
24035,586,201710,2017,730.56
24016,562,201710,2017,930.0
26427,S888,201710,2017,200.37
26431,S89,201710,2017,115.16
26434,S90,201710,2017,75.0
24027,569,201710,2017,1247.99
26446,S902,201710,2017,2045.35
25919,S462,201710,2017,193.76
25893,S456,201710,2017,6210.66
25878,S45,201710,2017,3303.52
26705,s654,201710,2017,6634.7
26694,s652,201710,2017,678.37
26756,s796,201710,2017,106.19
26735,s753,201710,2017,0.0
26746,s764,201710,2017,61.76
26736,s753,201711,2017,1532.48
26752,s777,201711,2017,114.54
26720,s729,201711,2017,2111.29
26725,s75,201711,2017,112.85
26755,s793,201711,2017,1200.0
26708,s667,201711,2017,47.8
26709,s725,201711,2017,103.38
26695,s652,201711,2017,1205.65
26706,s654,201711,2017,283.18
23962,509,201711,2017,291.03999999999996
23937,494,201711,2017,148.9
26466,S940,201711,2017,284.2
25875,S443,201711,2017,1608.01
25852,S399,201711,2017,331.98
25863,S406,201711,2017,558.96
25894,S456,201711,2017,6921.92
25920,S462,201711,2017,326.44
25923,S464,201711,2017,247.99
23945,499,201711,2017,426.06
23956,507,201711,2017,43.04
24713,S1437,201711,2017,3523.15
24749,S1452,201711,2017,47.54
24735,S1442,201711,2017,1559.73
26169,S639,201711,2017,791.46
26181,S648,201711,2017,4643.79
23491,1160,201711,2017,3289.8
24743,S1449,201711,2017,2614.5
23513,1225,201711,2017,586.82
23525,13,201711,2017,479.46000000000004
24681,S1432,201711,2017,1070.3799999999999
24692,S1434,201711,2017,1088.22
24719,S1438,201711,2017,118.5
24724,S1441,201711,2017,916.98
24703,S1435,201711,2017,225.05
26193,S653,201711,2017,173.64
26603,s2281,201711,2017,421.6
24766,S1458,201711,2017,16.9
24774,S1459,201711,2017,302.88
23468,1130,201711,2017,1320.25
23473,1144,201711,2017,619.0
26164,S638,201711,2017,392.48
24794,S1465,201711,2017,278.04999999999995
24802,S1470,201711,2017,99.08
24832,S1484,201711,2017,1380.34
24834,S1486,201711,2017,101.44
24811,S1474,201711,2017,131.79000000000002
23451,1119,201711,2017,98.78
23457,112,201711,2017,442.65
24824,S1481,201711,2017,486.66
24884,S15,201711,2017,150.08999999999997
24855,S1489,201711,2017,339.87
23429,1065,201711,2017,1097.74
23557,1504,201711,2017,2662.4300000000003
24619,S1361,201711,2017,6852.56
24640,S1376,201711,2017,251.98000000000002
23530,136,201711,2017,0.0
26205,S654,201711,2017,9139.539999999999
24652,S1388,201711,2017,774.24
24660,S1402,201711,2017,1218.4099999999999
24895,S1500,201711,2017,454.49
24873,S1498,201711,2017,890.1700000000001
24909,S1509,201711,2017,17.02
26574,s2004,201711,2017,12535.619999999999
26585,s2022,201711,2017,356.48
26142,S594,201711,2017,1178.74
26127,S585,201711,2017,2757.44
23407,1028,201711,2017,19131.65
24596,S1347,201711,2017,0.0
24589,S1334,201711,2017,844.39
24629,S1364,201711,2017,161.28
26235,S67,201711,2017,1006.2
26245,S672,201711,2017,354.0
23543,1408,201711,2017,20200.0
26611,s2317,201711,2017,33.65
23413,1039,201711,2017,9279.76
24905,S1504,201711,2017,71.72999999999999
24921,S1513,201711,2017,1300.0
24956,S1527,201711,2017,1778.24
24964,S1532,201711,2017,282.88
24980,S1542,201711,2017,320.96000000000004
26133,S591,201711,2017,587.8
26112,S583,201711,2017,1474.57
24511,S124,201711,2017,360.9
24525,S1265,201711,2017,1116.28
23601,1561,201711,2017,15498.99
24561,S1297,201711,2017,143.34
24563,S1320,201711,2017,239.09
24544,S1269,201711,2017,35094.75
24551,S1294,201711,2017,1046.18
23582,1540,201711,2017,0.0
24595,S1336,201711,2017,281.73
24500,S1234,201711,2017,62.56
26618,s236,201711,2017,23.58
26621,s260,201711,2017,30.0
24474,S1212,201711,2017,2955.54
24495,S1222,201711,2017,1132.67
24498,S123,201711,2017,62.72
23638,1616,201711,2017,50096.96
23614,1602,201711,2017,1138.79
24532,S1268,201711,2017,256.8
24986,S1546,201711,2017,2380.6
25026,S1577,201711,2017,2189.2
25011,S156,201711,2017,58.32
25045,S158,201711,2017,5558.01
25016,S1560,201711,2017,452.8
25034,S1579,201711,2017,289.33
26096,S570,201711,2017,92.86
26099,S574,201711,2017,46.75
23647,170,201711,2017,5645.289999999999
24431,S1186,201711,2017,2097.34
24440,S1190,201711,2017,3372.76
24451,S1193,201711,2017,37.5
23626,1607,201711,2017,16571.53
26268,S708,201711,2017,98.13
24482,S1219,201711,2017,1903.64
24462,S1206,201711,2017,1182.44
26090,S557,201711,2017,95.06
26556,s1873,201711,2017,392.89
25048,S1585,201711,2017,235.87
25055,S1588,201711,2017,171.03
25076,S1613,201711,2017,1040.9299999999998
26079,S553,201711,2017,4476.33
26056,S513,201711,2017,55.87
26057,S514,201711,2017,859.6
25080,S1614,201711,2017,156.28
26659,s488,201711,2017,1184.44
23661,1712,201711,2017,428.9
23670,1718,201711,2017,504.52
24408,S118,201711,2017,702.02
24419,S1182,201711,2017,329.1
24391,S1160,201711,2017,4535.54
24401,S1179,201711,2017,177.52
26310,S75,201711,2017,7210.76
25102,S1646,201711,2017,101.44
25135,S1691,201711,2017,114.74
25114,S1668,201711,2017,1024.92
25158,S1706,201711,2017,360.0
25129,S1679,201711,2017,2155.33
25143,S1694,201711,2017,2459.77
25151,S1703,201711,2017,64.84
25181,S1721,201711,2017,3461.2
25171,S1720,201711,2017,151.5
24348,S1011,201711,2017,162.4
23673,1726,201711,2017,4373.6
23684,1729,201711,2017,7735.51
24362,S1064,201711,2017,104.60000000000001
24369,S11,201711,2017,105.78
26281,S723,201711,2017,396.37
26289,S733,201711,2017,52.27
26638,s3,201711,2017,1502.54
26647,s456,201711,2017,1820.09
25193,S1723,201711,2017,4830.04
25209,S1735,201711,2017,413.6
25220,S1736,201711,2017,6416.96
25234,S1742,201711,2017,168.55
26495,s0001,201711,2017,267.5
26050,S512,201711,2017,831.8
26544,s1849,201711,2017,9.98
25249,S1755,201711,2017,409.19
24322,99,201711,2017,5214.02
24302,90,201711,2017,979.26
24335,S0001,201711,2017,0.0
24337,S1008,201711,2017,155.22
24315,920,201711,2017,19943.63
26298,S749,201711,2017,300.76
26320,S755,201711,2017,3626.54
24373,S1106,201711,2017,68.35
24374,S1117,201711,2017,0.0
25285,S1792,201711,2017,1754.3
25298,S181,201711,2017,85.08
25272,S1784,201711,2017,165.36
25349,S1872,201711,2017,1293.96
25323,S185,201711,2017,734.25
25331,S1859,201711,2017,116.0
26038,S508,201711,2017,20.61
26061,S526,201711,2017,379.67999999999995
26064,S533,201711,2017,261.34000000000003
24259,801,201711,2017,1804.4
23723,1793,201711,2017,3230.0
24293,84,201711,2017,211.5
24271,805,201711,2017,1479.8999999999999
23734,1803,201711,2017,16577.68
26333,S762,201711,2017,346.9
26341,S763,201711,2017,947.86
23704,1751,201711,2017,4606.0
25360,S1883,201711,2017,234.87
25344,S1868,201711,2017,7905.349999999999
25356,S1882,201711,2017,563.2
25367,S1892,201711,2017,178.56
25376,S1916,201711,2017,839.0
25383,S1918,201711,2017,597.4
25390,S1926,201711,2017,448.11
25392,S194,201711,2017,0.0
26017,S488,201711,2017,13578.8
23765,1871,201711,2017,0.0
23746,1827,201711,2017,526.47
24242,771,201711,2017,513.9
24248,791,201711,2017,2027.9499999999998
26347,S770,201711,2017,2913.32
26385,S810,201711,2017,246.67
26361,S777,201711,2017,1062.39
26371,S788,201711,2017,552.16
25408,S1971,201711,2017,1647.3600000000001
25421,S1982,201711,2017,578.85
25440,S1993,201711,2017,314.46
25453,S2004,201711,2017,9122.47
26020,S489,201711,2017,104.75
25494,S2069,201711,2017,291.16
25465,S2014,201711,2017,794.18
25470,S2023,201711,2017,253.62
25480,S2024,201711,2017,1559.4299999999998
26383,S806,201711,2017,295.6
23790,1903,201711,2017,379.66
23767,1877,201711,2017,615.2
24186,720,201711,2017,1057.0
23778,1898,201711,2017,615.51
23755,1850,201711,2017,596.94
24223,744,201711,2017,185.94
25489,S2041,201711,2017,580.21
25520,S21,201711,2017,70.39
25497,S2070,201711,2017,35.92
25514,S2081,201711,2017,459.13
26564,s1977,201711,2017,49.5
26541,s1814,201711,2017,136.3
26001,S484,201711,2017,64.33
26005,S485,201711,2017,19.9
25983,S480,201711,2017,163.5
26412,S852,201711,2017,3744.25
26419,S863,201711,2017,265.0
23801,1991,201711,2017,119.91
23809,2000,201711,2017,1512.3
24122,67,201711,2017,465.15
24166,699,201711,2017,0.0
24148,676,201711,2017,1162.47
26381,S805,201711,2017,1625.0
25549,S2143,201711,2017,545.86
25559,S2144,201711,2017,1123.88
25572,S2158,201711,2017,114.3
25575,S2165,201711,2017,618.68
25584,S2176,201711,2017,215.41000000000003
25600,S2191,201711,2017,42468.34
25974,S477,201711,2017,51.92
25994,S481,201711,2017,186.4
23834,255,201711,2017,269.05
23818,2031,201711,2017,2293.48
24087,631,201711,2017,2544.11
24133,673,201711,2017,6735.1
24106,649,201711,2017,35.0
26401,S84,201711,2017,13.5
26435,S90,201711,2017,150.0
25629,S2250,201711,2017,437.7
25632,S2252,201711,2017,143.5
25679,S2341,201711,2017,34.79
25698,S236,201711,2017,341.18999999999994
25950,S471,201711,2017,0.0
25708,S24,201711,2017,335.28
25726,S249,201711,2017,707.02
25732,S25,201711,2017,105.56
23872,349,201711,2017,211.8
23854,30,201711,2017,1870.74
26665,s574,201711,2017,127.35
24047,59,201711,2017,19188.59
24079,628,201711,2017,26053.54
26482,S964,201711,2017,207.08
25749,S299,201711,2017,3092.21
25760,S3,201711,2017,1205.5
26503,s1075,201711,2017,72.14
26520,s1438,201711,2017,83.5
26526,s1443,201711,2017,696.0
26529,s1721,201711,2017,104.9
25955,S472,201711,2017,406.98
25933,S467,201711,2017,51.92
25942,S470,201711,2017,128.76
23903,395,201711,2017,699.72
23906,417,201711,2017,109.18
23864,338,201711,2017,16669.65
24028,569,201711,2017,166.24
24030,570,201711,2017,0.0
24036,586,201711,2017,3597.94
24007,550,201711,2017,1912.3600000000001
26428,S888,201711,2017,63.0
26447,S902,201711,2017,663.47
26457,S92,201711,2017,0.0
26463,S938,201711,2017,176.64
23920,44,201711,2017,0.0
23895,388,201711,2017,857.4
24017,562,201711,2017,3450.0
24019,563,201711,2017,256.05
23991,535,201711,2017,882.84
23998,545,201711,2017,106.19999999999999
25820,S357,201711,2017,36.72
25799,S326,201711,2017,504.0
25806,S334,201711,2017,423.24
25807,S335,201711,2017,213.5
25843,S383,201711,2017,92.58
25846,S385,201711,2017,89.65
25859,S401,201711,2017,2340.39
25831,S36,201711,2017,299.4
25834,S362,201711,2017,198.58
25911,S460,201711,2017,2205.47
23928,471,201711,2017,1177.0
26744,s758,201711,2017,521.92
26748,s767,201712,2017,141.54
26464,S938,201712,2017,26.16
26458,S92,201712,2017,0.0
26448,S902,201712,2017,1165.79
26429,S888,201712,2017,217.38
26472,S95,201712,2017,666.71
26420,S863,201712,2017,78.36
26413,S852,201712,2017,28.0
26436,S90,201712,2017,75.0
26362,S777,201712,2017,581.92
26390,S819,201712,2017,6374.360000000001
26386,S815,201712,2017,439.7
26384,S808,201712,2017,363.34
26348,S770,201712,2017,771.2
26372,S788,201712,2017,4026.49
26342,S763,201712,2017,375.0
26321,S755,201712,2017,445.7
26311,S75,201712,2017,1407.56
26299,S749,201712,2017,61.11
26282,S723,201712,2017,240.75
26273,S721,201712,2017,1843.44
26269,S708,201712,2017,84.9
26484,S995,201712,2017,10.12
26236,S67,201712,2017,172.24
26206,S654,201712,2017,2303.91
26194,S653,201712,2017,1752.44
26184,S652,201712,2017,91.64
26182,S648,201712,2017,2032.78
26180,S647,201712,2017,23.75
26151,S607,201712,2017,99.22
26128,S585,201712,2017,1983.6499999999999
26116,S584,201712,2017,0.0
26113,S583,201712,2017,1527.64
26131,S587,201712,2017,85.39
26091,S557,201712,2017,547.04
26080,S553,201712,2017,989.63
26051,S512,201712,2017,204.25
26065,S533,201712,2017,252.07999999999998
26062,S526,201712,2017,110.03
26027,S496,201712,2017,391.08
26018,S488,201712,2017,9433.98
25981,S479,201712,2017,283.8
26006,S486,201712,2017,104.78999999999999
26002,S484,201712,2017,187.18
25951,S471,201712,2017,178.48000000000002
25943,S470,201712,2017,38.5
25934,S467,201712,2017,604.09
25956,S472,201712,2017,71.64
25900,S458,201712,2017,49.0
25895,S456,201712,2017,6281.64
25866,S409,201712,2017,27.59
25833,S361,201712,2017,62.58
25860,S401,201712,2017,718.3199999999999
25813,S344,201712,2017,73.5
26504,s1075,201712,2017,365.56
25779,S317,201712,2017,1206.4
25761,S3,201712,2017,1510.71
25727,S249,201712,2017,572.23
25715,S243,201712,2017,792.77
25699,S236,201712,2017,1939.0
25649,S23,201712,2017,101.04
25640,S2266,201712,2017,432.51
25635,S2258,201712,2017,272.58
25630,S2250,201712,2017,96.97
25610,S2193,201712,2017,112.49
25601,S2191,201712,2017,213.24
25576,S2165,201712,2017,778.64
25560,S2144,201712,2017,1003.22
26542,s1814,201712,2017,136.3
25539,S213,201712,2017,119.66
25521,S21,201712,2017,342.32
25515,S2081,201712,2017,525.08
25481,S2024,201712,2017,110.72
25466,S2014,201712,2017,258.01
25454,S2004,201712,2017,10084.53
25422,S1982,201712,2017,536.69
25415,S1981,201712,2017,117.94
25409,S1971,201712,2017,587.47
25397,S1957,201712,2017,430.26
25377,S1916,201712,2017,193.5
25368,S1892,201712,2017,41.0
25357,S1882,201712,2017,788.04
25324,S185,201712,2017,147.56
25350,S1872,201712,2017,375.0
25345,S1868,201712,2017,3752.9700000000003
25267,S1777,201712,2017,203.58999999999997
25286,S1792,201712,2017,1117.5
25221,S1736,201712,2017,3480.46
25194,S1723,201712,2017,995.47
25206,S1730,201712,2017,9040.76
25165,S1712,201712,2017,313.94
25159,S1706,201712,2017,265.64
25182,S1721,201712,2017,3278.0
25152,S1703,201712,2017,342.32
25144,S1694,201712,2017,274.02
25115,S1668,201712,2017,400.0
25133,S1688,201712,2017,1869.6
25130,S1679,201712,2017,181.99
25125,S1676,201712,2017,98.88
25092,S1629,201712,2017,4326.71
25056,S1588,201712,2017,218.83999999999997
25077,S1613,201712,2017,459.0
26558,s1896,201712,2017,62.14
25035,S1579,201712,2017,16.92
25061,S1602,201712,2017,1473.61
25017,S1560,201712,2017,250.8
25046,S158,201712,2017,527.27
25012,S156,201712,2017,103.14
24973,S154,201712,2017,79.19999999999999
24981,S1542,201712,2017,89.68
24965,S1532,201712,2017,35.36
24957,S1527,201712,2017,75.04
24925,S1518,201712,2017,138.19
24906,S1504,201712,2017,71.1
23408,1028,201712,2017,6442.71
26594,s2191,201712,2017,259.62
26586,s2022,201712,2017,356.48
26575,s2004,201712,2017,1220.7
24874,S1498,201712,2017,67.66
24896,S1500,201712,2017,790.8799999999999
23430,1065,201712,2017,838.99
24862,S1497,201712,2017,227.37
24847,S1488,201712,2017,2744.0
23441,11,201712,2017,83.03
23436,1079,201712,2017,75.49000000000001
23452,1119,201712,2017,89.06
23474,1144,201712,2017,1208.0
24825,S1481,201712,2017,198.22
24795,S1465,201712,2017,13.5
24822,S1480,201712,2017,253.18
24779,S1462,201712,2017,99.45
23469,1130,201712,2017,1202.28
26609,s2307,201712,2017,276.0
26604,s2281,201712,2017,675.49
24761,S1455,201712,2017,180.5
23492,1160,201712,2017,63547.45
23480,116,201712,2017,487.08
23506,12000,201712,2017,614.72
24736,S1442,201712,2017,1667.82
24758,S1454,201712,2017,2575.44
24714,S1437,201712,2017,6868.35
24739,S1447,201712,2017,99.08
23497,1186,201712,2017,1409.0
23526,13,201712,2017,3876.6
24704,S1435,201712,2017,113.78
24720,S1438,201712,2017,84.78999999999999
24693,S1434,201712,2017,145.0
24634,S1368,201712,2017,73.24000000000001
24620,S1361,201712,2017,3926.1400000000003
23558,1504,201712,2017,325.46000000000004
23544,1408,201712,2017,20200.0
23573,1515,201712,2017,15514.2
24569,S1322,201712,2017,371.35
24598,S1348,201712,2017,2568.14
23583,1540,201712,2017,12470.0
23578,1530,201712,2017,400.92
24552,S1294,201712,2017,106.31
24578,S1330,201712,2017,67.88
24545,S1269,201712,2017,14533.09
24564,S1320,201712,2017,65.9
23602,1561,201712,2017,20371.9
24526,S1265,201712,2017,578.25
24533,S1268,201712,2017,1039.56
23615,1602,201712,2017,1456.49
24496,S1222,201712,2017,332.82
24475,S1212,201712,2017,2587.46
26619,s236,201712,2017,148.9
24501,S1234,201712,2017,209.74
24463,S1206,201712,2017,0.0
24483,S1219,201712,2017,132.06
23627,1607,201712,2017,4127.6
24441,S1190,201712,2017,3607.44
24452,S120,201712,2017,345.78
23648,170,201712,2017,17987.989999999998
23639,1616,201712,2017,3249.85
24420,S1182,201712,2017,351.76
24409,S118,201712,2017,288.53999999999996
26660,s488,201712,2017,34.81
26678,s583,201712,2017,27.53
26643,s40,201712,2017,1677.26
23685,1729,201712,2017,9417.18
24383,S1145,201712,2017,59.1
24402,S1179,201712,2017,611.0
24370,S11,201712,2017,39.31
23671,1718,201712,2017,0.0
24349,S1011,201712,2017,399.6
23694,1746,201712,2017,2747.45
23712,1758,201712,2017,1493.7
23705,1751,201712,2017,3241.16
24338,S1008,201712,2017,283.44
24336,S0001,201712,2017,0.0
24323,99,201712,2017,170.5
24316,920,201712,2017,2172.66
24303,90,201712,2017,521.2
24272,805,201712,2017,959.8
24294,84,201712,2017,19.33
24249,791,201712,2017,1733.12
24240,757,201712,2017,1783.3
24235,75,201712,2017,915.01
24260,801,201712,2017,28779.33
23735,1803,201712,2017,4640.4
24213,739,201712,2017,2595.6
24217,740,201712,2017,371.7
23756,1850,201712,2017,907.3499999999999
23779,1898,201712,2017,691.0600000000001
24158,682,201712,2017,666.4
24149,676,201712,2017,783.4000000000001
24088,631,201712,2017,0.0
23825,205,201712,2017,0.0
23819,2031,201712,2017,44.1
23835,255,201712,2017,222.82
24102,648,201712,2017,493.21999999999997
24080,628,201712,2017,4860.94
26669,s580,201712,2017,298.04
23855,30,201712,2017,423.74
23873,349,201712,2017,3554.4300000000003
23865,338,201712,2017,1946.96
24048,59,201712,2017,7861.01
24008,550,201712,2017,13.5
24037,586,201712,2017,8561.34
24029,569,201712,2017,142.36
23999,545,201712,2017,6391.0
23978,526,201712,2017,2316.48
23896,388,201712,2017,120.0
23921,44,201712,2017,27082.28
23936,477,201712,2017,816.0
23966,512,201712,2017,639.84
26696,s652,201712,2017,143.33
26684,s618,201712,2017,45.73
26707,s654,201712,2017,254.41
23929,471,201712,2017,588.5
23946,499,201712,2017,670.63
26726,s75,201712,2017,223.01999999999998
26721,s729,201712,2017,1271.96
